sol,dose_B_mean,dose_E_mean,dose_B_n,dose_E_n,pressure_pa_mean,pressure_n,date,ssn
0,,,,,,,2012-08-06 00:00:00.000000000,96.33870967741935
1,8.925,8.583911428571428,14.0,14.0,821.0479166666668,48.0,2012-08-07 00:39:35.239680000,96.16304182709678
2,9.274795000000001,8.51972,20.0,20.0,,,2012-08-08 01:19:10.479360000,95.9873739767742
3,8.829352307692307,8.320420769230768,13.0,13.0,,,2012-08-09 01:58:45.719039999,95.81170612645161
4,,,,,,,2012-08-10 02:38:20.958720000,95.63603827612903
5,,,,,,,2012-08-11 03:17:56.198400000,95.46037042580645
6,,,,,,,2012-08-12 03:57:31.438079999,95.28470257548386
7,,,,,,,2012-08-13 04:37:06.677760000,95.1090347251613
8,,,,,,,2012-08-14 05:16:41.917440000,94.93336687483871
9,8.894602307692308,8.455919230769231,13.0,13.0,729.1062499999999,48.0,2012-08-15 05:56:17.157120000,94.79122055225807
10,8.615591538461539,8.110422692307692,26.0,26.0,725.9272916666667,48.0,2012-08-16 06:35:52.396800000,94.75476118709678
11,5.013640697674418,9.231586279069768,43.0,43.0,735.4899999999999,48.0,2012-08-17 07:15:27.636480000,94.71830182193548
12,4.1145222,9.9783838,50.0,50.0,721.280625,48.0,2012-08-18 07:55:02.876159999,94.68184245677419
13,8.603731621621622,8.145184594594594,37.0,37.0,730.238125,48.0,2012-08-19 08:34:38.115840000,94.6453830916129
14,9.039957045454544,8.592228181818182,44.0,44.0,733.23375,48.0,2012-08-20 09:14:13.355520000,94.60892372645161
15,9.083415777777779,8.687395777777779,45.0,45.0,736.9250000000001,48.0,2012-08-21 09:53:48.595200000,94.57246436129032
16,9.16110511111111,8.721386,45.0,45.0,736.1891666666667,48.0,2012-08-22 10:33:23.834880000,94.53600499612904
17,9.281209777777779,9.097660888888889,45.0,45.0,746.5645833333333,48.0,2012-08-23 11:12:59.074560000,94.49954563096775
18,9.110262692307693,8.58981153846154,26.0,26.0,764.5658333333334,48.0,2012-08-24 11:52:34.314240000,94.46308626580645
19,8.957015454545454,8.751699090909092,22.0,22.0,723.4274999999999,48.0,2012-08-25 12:32:09.553920000,94.42662690064516
20,9.059482391304348,8.817505217391304,46.0,46.0,749.7275,48.0,2012-08-26 13:11:44.793600000,94.39016753548387
21,9.092234680851064,9.00389,47.0,47.0,761.5320833333334,48.0,2012-08-27 13:51:20.033280000,94.35370817032258
22,8.983096382978724,8.978855106382978,47.0,47.0,744.1908333333334,48.0,2012-08-28 14:30:55.272960000,94.31724880516128
23,9.093696249999999,9.100956666666667,48.0,48.0,738.3520833333333,48.0,2012-08-29 15:10:30.512640000,94.28078944
24,8.94597255319149,8.770040851063829,47.0,47.0,739.9947916666666,48.0,2012-08-30 15:50:05.752319999,94.24433007483871
25,9.20263224489796,9.188402448979591,49.0,49.0,757.933125,48.0,2012-08-31 16:29:40.992000000,94.20787070967742
26,9.432437826086955,9.447463695652173,46.0,46.0,752.1720833333334,48.0,2012-09-01 17:09:16.231680000,94.17141134451613
27,9.187418936170213,9.069236382978724,47.0,47.0,740.95375,48.0,2012-09-02 17:48:51.471360000,94.13495197935484
28,9.235214137931035,8.832276551724137,29.0,29.0,745.2685416666667,48.0,2012-09-03 18:28:26.711040000,94.09849261419355
29,,,,,734.7935416666668,48.0,2012-09-04 19:08:01.950720000,94.06203324903225
30,,,,,753.2360416666667,48.0,2012-09-05 19:47:37.190400000,94.02557388387098
31,,,,,758.6916666666666,48.0,2012-09-06 20:27:12.430080000,93.98911451870968
32,,,,,722.7312499999999,48.0,2012-09-07 21:06:47.669760000,93.95265515354839
33,,,,,750.678125,48.0,2012-09-08 21:46:22.909440000,93.9161957883871
34,9.146955833333333,9.289499583333333,24.0,24.0,750.43375,48.0,2012-09-09 22:25:58.149120000,93.87973642322581
35,9.259134693877552,9.292038367346938,49.0,49.0,747.0485416666667,48.0,2012-09-10 23:05:33.388800000,93.84327705806452
36,9.21004347826087,8.76126304347826,46.0,46.0,758.0060416666666,48.0,2012-09-11 23:45:08.628480000,93.80681769290322
37,9.230568085106382,8.966718085106383,47.0,47.0,749.6210416666667,48.0,2012-09-13 00:24:43.868160000,93.77035832774193
38,9.34518695652174,9.613856739130435,46.0,46.0,748.7666666666668,48.0,2012-09-14 01:04:19.107840000,93.73389896258065
39,9.242155,9.009557608695651,46.0,46.0,737.2483333333333,48.0,2012-09-15 01:43:54.347519999,93.65863010133333
40,9.248516222222221,9.353827333333333,45.0,45.0,746.093125,48.0,2012-09-16 02:23:29.587200000,93.06953514666667
41,9.260477209302325,9.134379069767443,43.0,43.0,754.6579166666667,48.0,2012-09-17 03:03:04.826880000,92.480440192
42,9.338918,9.307421111111111,45.0,45.0,753.4635416666666,48.0,2012-09-18 03:42:40.066560000,91.89134523733334
43,9.324925681818183,9.009934545454545,44.0,44.0,759.706875,48.0,2012-09-19 04:22:15.306240000,91.30225028266666
44,9.295526976744185,8.916647441860466,43.0,43.0,756.2216666666667,48.0,2012-09-20 05:01:50.545920000,90.713155328
45,9.30786311111111,9.240337333333333,45.0,45.0,758.7245833333333,48.0,2012-09-21 05:41:25.785600000,90.12406037333334
46,9.328116590909092,8.971185227272727,44.0,44.0,755.0885416666666,48.0,2012-09-22 06:21:01.025279999,89.53496541866667
47,9.231892272727272,8.939562954545455,44.0,44.0,758.1110416666667,48.0,2012-09-23 07:00:36.264960000,88.945870464
48,9.17358340909091,8.99450659090909,44.0,44.0,761.39875,48.0,2012-09-24 07:40:11.504640000,88.35677550933333
49,9.067203636363637,8.7476925,44.0,44.0,756.0441666666667,48.0,2012-09-25 08:19:46.744320000,87.76768055466667
50,9.00746159090909,8.691181363636362,44.0,44.0,764.9214583333334,48.0,2012-09-26 08:59:21.984000000,87.1785856
51,8.741438636363638,8.21833,44.0,44.0,756.18,48.0,2012-09-27 09:38:57.223680000,86.58949064533334
52,8.725622173913044,8.528198260869566,46.0,46.0,763.1264583333333,48.0,2012-09-28 10:18:32.463360000,86.00039569066666
53,8.730966511627907,8.181196279069768,43.0,43.0,762.0445833333333,48.0,2012-09-29 10:58:07.703040000,85.411300736
54,8.899066222222222,8.657564222222222,45.0,45.0,767.8806249999999,48.0,2012-09-30 11:37:42.942720000,84.82220578133334
55,9.027518222222222,8.759138222222223,45.0,45.0,767.2433333333333,48.0,2012-10-01 12:17:18.182400000,84.23311082666666
56,8.680297111111111,8.298618666666666,45.0,45.0,758.3941666666666,48.0,2012-10-02 12:56:53.422080000,83.644015872
57,8.932625999999999,8.733933555555556,45.0,45.0,749.77875,48.0,2012-10-03 13:36:28.661760000,83.05492091733333
58,8.801832045454546,8.306674090909091,44.0,44.0,743.4958333333334,48.0,2012-10-04 14:16:03.901439999,82.46582596266667
59,8.828431111111112,8.632721555555555,45.0,45.0,755.75875,48.0,2012-10-05 14:55:39.141120000,81.87673100800001
60,8.932705227272727,8.472597045454545,44.0,44.0,753.71875,48.0,2012-10-06 15:35:14.380800000,81.28763605333333
61,8.908822954545455,8.437558863636363,44.0,44.0,758.3606249999999,48.0,2012-10-07 16:14:49.620480000,80.69854109866667
62,8.834428444444445,8.333497111111111,45.0,45.0,765.9645833333334,48.0,2012-10-08 16:54:24.860160000,80.109446144
63,8.7950085,8.34402,20.0,20.0,760.348125,48.0,2012-10-09 17:34:00.099840000,79.52035118933334
64,,,,,760.7302083333334,48.0,2012-10-10 18:13:35.339520000,78.93125623466666
65,8.908039583333332,8.480565833333333,24.0,24.0,762.7466666666668,48.0,2012-10-11 18:53:10.579200000,78.34216128
66,8.944276666666667,8.458733555555556,45.0,45.0,764.6437500000001,48.0,2012-10-12 19:32:45.818880000,77.75306632533334
67,8.838082954545454,8.398076818181819,44.0,44.0,766.8279166666666,48.0,2012-10-13 20:12:21.058560000,77.16397137066667
68,8.773928222222223,8.335201777777778,45.0,45.0,787.2954166666667,48.0,2012-10-14 20:51:56.298240000,76.574876416
69,8.806012954545453,8.343799772727273,44.0,44.0,763.4127083333333,48.0,2012-10-15 21:31:31.537920000,76.82114548645161
70,8.894872727272727,8.432082954545454,44.0,44.0,772.1479166666667,48.0,2012-10-16 22:11:06.777600000,77.18905362580645
71,8.847301136363637,8.388096363636363,44.0,44.0,781.7399999999999,48.0,2012-10-17 22:50:42.017280000,77.55696176516129
72,8.902201818181819,8.527827954545455,44.0,44.0,783.6350000000001,48.0,2012-10-18 23:30:17.256960000,77.92486990451613
73,8.921754,8.440866222222223,45.0,45.0,796.1277083333333,48.0,2012-10-20 00:09:52.496640000,78.29277804387097
74,8.889928181818181,8.469374545454546,44.0,44.0,794.8983333333334,48.0,2012-10-21 00:49:27.736320000,78.6606861832258
75,8.853920666666665,8.423684,45.0,45.0,793.535,48.0,2012-10-22 01:29:02.976000000,79.02859432258064
76,8.829092954545455,8.465829545454547,44.0,44.0,792.7929166666667,48.0,2012-10-23 02:08:38.215680000,79.39650246193548
77,8.857460444444444,8.450114666666666,45.0,45.0,793.3525,48.0,2012-10-24 02:48:13.455360000,79.76441060129032
78,8.989897954545455,8.560768181818183,44.0,44.0,789.8727083333333,48.0,2012-10-25 03:27:48.695039999,80.13231874064516
79,9.029656888888889,8.619000222222223,45.0,45.0,801.4120833333333,48.0,2012-10-26 04:07:23.934720000,80.50022688
80,9.051233333333332,8.683208,45.0,45.0,800.9777083333333,48.0,2012-10-27 04:46:59.174400000,80.86813501935484
81,8.981447045454546,8.543542727272728,44.0,44.0,798.2975,48.0,2012-10-28 05:26:34.414080000,81.23604315870968
82,9.010408222222223,8.513060222222222,45.0,45.0,802.3741666666666,48.0,2012-10-29 06:06:09.653760000,81.60395129806452
83,8.830161333333333,8.371805333333334,45.0,45.0,803.0077083333334,48.0,2012-10-30 06:45:44.893440000,81.97185943741935
84,8.946702325581395,8.497652558139535,43.0,43.0,799.4929166666667,48.0,2012-10-31 07:25:20.133120000,82.3397675767742
85,8.976832727272727,8.4945275,44.0,44.0,809.0264583333333,48.0,2012-11-01 08:04:55.372800000,82.70767571612903
86,9.09186659090909,8.81770840909091,44.0,44.0,812.1985416666666,48.0,2012-11-02 08:44:30.612480000,83.07558385548387
87,8.972304444444443,8.547276222222223,45.0,45.0,810.0764583333333,48.0,2012-11-03 09:24:05.852160000,83.44349199483871
88,9.079118444444445,8.625478444444443,45.0,45.0,811.6022916666667,48.0,2012-11-04 10:03:41.091840000,83.81140013419355
89,8.974794772727272,8.569039318181819,44.0,44.0,812.27875,48.0,2012-11-05 10:43:16.331520000,84.17930827354839
90,8.886016,8.461069555555556,45.0,45.0,815.581875,48.0,2012-11-06 11:22:51.571200000,84.54721641290323
91,9.167598666666667,8.734460444444444,45.0,45.0,812.4899999999999,48.0,2012-11-07 12:02:26.810880000,84.91512455225806
92,9.208410930232558,8.793228139534884,43.0,43.0,834.7760416666666,48.0,2012-11-08 12:42:02.050559999,85.2830326916129
93,9.158043333333334,8.864624222222222,45.0,45.0,799.3022916666667,48.0,2012-11-09 13:21:37.290240000,85.65094083096774
94,9.265305681818182,8.877259772727273,44.0,44.0,814.3685416666667,48.0,2012-11-10 14:01:12.529920000,86.01884897032258
95,9.174809999999999,8.879238222222222,45.0,45.0,817.7258333333333,48.0,2012-11-11 14:40:47.769600000,86.38675710967742
96,9.292643636363637,8.867935454545455,44.0,44.0,815.265,48.0,2012-11-12 15:20:23.009280000,86.75466524903226
97,8.74209659090909,8.288179999999999,44.0,44.0,834.9020833333334,48.0,2012-11-13 15:59:58.248960000,87.1225733883871
98,8.969287727272727,8.700554318181817,44.0,44.0,817.9639583333333,48.0,2012-11-14 16:39:33.488640000,87.49048152774193
99,8.891001818181818,8.457100454545454,44.0,44.0,819.8733333333333,48.0,2012-11-15 17:19:08.728320000,86.85912776533333
100,9.04087465116279,8.772152558139535,43.0,43.0,825.5916666666667,48.0,2012-11-16 17:58:43.968000000,85.8042368
101,8.86874888888889,8.452641555555555,45.0,45.0,824.7833333333333,48.0,2012-11-17 18:38:19.207679999,84.74934583466666
102,8.948661136363636,8.537971136363636,44.0,44.0,829.9245833333333,48.0,2012-11-18 19:17:54.447360000,83.69445486933333
103,9.024604651162791,8.81224953488372,43.0,43.0,843.2883333333333,48.0,2012-11-19 19:57:29.687040000,82.639563904
104,8.794020930232557,8.31833534883721,43.0,43.0,847.4783333333334,48.0,2012-11-20 20:37:04.926720000,81.58467293866666
105,8.790983777777777,8.550082222222223,45.0,45.0,841.7466666666666,48.0,2012-11-21 21:16:40.166400000,80.52978197333333
106,8.85046409090909,8.397572272727272,44.0,44.0,842.12875,48.0,2012-11-22 21:56:15.406080000,79.474891008
107,8.94023023255814,8.51585465116279,43.0,43.0,858.8416666666667,48.0,2012-11-23 22:35:50.645760000,78.42000004266666
108,9.002781555555554,8.54825488888889,45.0,45.0,828.9791666666666,48.0,2012-11-24 23:15:25.885440000,77.36510907733333
109,9.01573511111111,8.573050222222223,45.0,45.0,843.03375,48.0,2012-11-25 23:55:01.125120000,76.310218112
110,9.01818681818182,8.565777272727273,44.0,44.0,850.7297916666666,48.0,2012-11-27 00:34:36.364800000,75.25532714666666
111,8.966902500000002,8.73597431818182,44.0,44.0,848.8170833333334,48.0,2012-11-28 01:14:11.604480000,74.20043618133333
112,9.2089025,9.060211818181818,44.0,44.0,862.4425,48.0,2012-11-29 01:53:46.844160000,73.14554521599999
113,9.13100090909091,8.694343863636364,44.0,44.0,857.53375,48.0,2012-11-30 02:33:22.083840000,72.09065425066666
114,9.106421363636365,8.803924772727273,44.0,44.0,853.13375,48.0,2012-12-01 03:12:57.323520000,71.03576328533333
115,9.183413181818182,8.7505575,44.0,44.0,867.9460416666667,48.0,2012-12-02 03:52:32.563200000,69.98087232
116,9.122846590909091,8.67168068181818,44.0,44.0,854.9233333333333,48.0,2012-12-03 04:32:07.802880000,68.92598135466666
117,9.197868666666666,8.712865555555556,45.0,45.0,845.2708333333334,48.0,2012-12-04 05:11:43.042560000,67.87109038933333
118,9.100756444444444,8.885365777777777,45.0,45.0,850.21875,48.0,2012-12-05 05:51:18.282240000,66.81619942399999
119,9.21617069767442,8.82283534883721,43.0,43.0,852.4050000000001,48.0,2012-12-06 06:30:53.521920000,65.76130845866666
120,9.353671818181818,9.313857045454546,44.0,44.0,861.5604166666667,48.0,2012-12-07 07:10:28.761600000,64.70641749333333
121,9.155097111111111,8.99863288888889,45.0,45.0,868.6079166666667,48.0,2012-12-08 07:50:04.001280000,63.65152652799999
122,9.168688372093023,8.990692558139536,43.0,43.0,863.1504166666667,48.0,2012-12-09 08:29:39.240959999,62.59663556266666
123,9.300131555555556,9.069529777777777,45.0,45.0,878.1922916666667,48.0,2012-12-10 09:09:14.480640000,61.541744597333334
124,9.112770952380952,8.913924047619048,42.0,42.0,875.4610416666666,48.0,2012-12-11 09:48:49.720320000,60.48685363199999
125,9.188847727272728,8.9753,44.0,44.0,886.7491666666666,48.0,2012-12-12 10:28:24.960000000,59.431962666666664
126,8.996940681818181,8.619101818181818,44.0,44.0,888.8045833333334,48.0,2012-12-13 11:08:00.199680000,58.37707170133333
127,9.21587659090909,8.895836363636365,44.0,44.0,889.3739583333332,48.0,2012-12-14 11:47:35.439360000,57.32218073599999
128,9.048977954545455,8.706276363636364,44.0,44.0,890.0816666666666,48.0,2012-12-15 12:27:10.679040000,57.45779782193548
129,9.146152,8.92835,45.0,45.0,884.936875,48.0,2012-12-16 13:06:45.918720000,58.76039150451613
130,9.04225,8.761888888888889,45.0,45.0,893.835,48.0,2012-12-17 13:46:21.158400000,60.06298518709677
131,8.9791875,8.556977954545454,44.0,44.0,892.6420833333333,48.0,2012-12-18 14:25:56.398080000,61.365578869677414
132,9.004787555555556,8.576942222222222,45.0,45.0,894.7814583333334,48.0,2012-12-19 15:05:31.637760000,62.66817255225806
133,9.243311162790697,8.988796046511629,43.0,43.0,894.7952083333333,48.0,2012-12-20 15:45:06.877440000,63.970766234838706
134,9.135236818181818,8.77551590909091,44.0,44.0,898.9020833333334,48.0,2012-12-21 16:24:42.117120000,65.27335991741936
135,9.157529318181817,8.767684545454545,44.0,44.0,895.9356250000001,48.0,2012-12-22 17:04:17.356800000,66.57595359999999
136,9.203638222222223,8.784343777777778,45.0,45.0,902.9162500000001,48.0,2012-12-23 17:43:52.596480000,67.87854728258064
137,9.220470697674418,8.852323488372093,43.0,43.0,902.1314583333333,48.0,2012-12-24 18:23:27.836160000,69.18114096516129
138,9.257221111111111,8.860831555555555,45.0,45.0,905.2929166666667,48.0,2012-12-25 19:03:03.075840000,70.48373464774193
139,9.030751111111112,8.668085333333334,45.0,45.0,904.6722916666666,48.0,2012-12-26 19:42:38.315520000,71.78632833032258
140,9.082114318181818,8.647797954545455,44.0,44.0,904.9589583333333,48.0,2012-12-27 20:22:13.555200000,73.08892201290323
141,9.115478863636364,8.674212727272728,44.0,44.0,899.1535416666667,48.0,2012-12-28 21:01:48.794880000,74.39151569548386
142,9.155502444444444,8.752526666666666,45.0,45.0,898.1864583333332,48.0,2012-12-29 21:41:24.034560000,75.69410937806451
143,9.108578863636364,8.7652975,44.0,44.0,901.1985416666666,48.0,2012-12-30 22:20:59.274240000,76.99670306064516
144,9.201783636363636,8.830917727272727,44.0,44.0,901.5552083333333,48.0,2012-12-31 23:00:34.513920000,78.2992967432258
145,9.097756136363635,8.766083181818182,44.0,44.0,906.6797916666666,48.0,2013-01-01 23:40:09.753600000,79.60189042580645
146,9.130432444444445,8.803856444444445,45.0,45.0,903.648125,48.0,2013-01-03 00:19:44.993280000,80.9044841083871
147,9.139384418604651,8.892586744186048,43.0,43.0,888.4377083333334,48.0,2013-01-04 00:59:20.232960000,82.20707779096773
148,9.216671111111111,8.91754911111111,45.0,45.0,899.1231250000001,48.0,2013-01-05 01:38:55.472640000,83.50967147354838
149,9.193591111111111,8.82772711111111,45.0,45.0,900.645,48.0,2013-01-06 02:18:30.712320000,84.81226515612903
150,9.168406590909091,8.865820227272728,44.0,44.0,923.9177083333334,48.0,2013-01-07 02:58:05.952000000,86.11485883870968
151,9.34086340909091,9.11235,44.0,44.0,921.071875,48.0,2013-01-08 03:37:41.191680000,87.41745252129031
152,9.328322888888888,8.977015999999999,45.0,45.0,911.5497916666667,48.0,2013-01-09 04:17:16.431360000,88.72004620387096
153,9.364447906976745,9.155123488372093,43.0,43.0,917.19125,48.0,2013-01-10 04:56:51.671040000,90.0226398864516
154,9.372351333333333,9.001497555555556,45.0,45.0,917.086875,48.0,2013-01-11 05:36:26.910720000,91.32523356903226
155,9.295192444444444,9.022930666666667,45.0,45.0,917.0235416666666,48.0,2013-01-12 06:16:02.150400000,92.6278272516129
156,9.259880222222222,8.92677888888889,45.0,45.0,929.9291666666667,48.0,2013-01-13 06:55:37.390079999,93.93042093419353
157,9.23641181818182,8.888035227272727,44.0,44.0,929.6702083333333,48.0,2013-01-14 07:35:12.629760000,95.2330146167742
158,9.170451363636364,8.8829575,44.0,44.0,924.6008333333333,48.0,2013-01-15 08:14:47.869440000,95.70983684129031
159,9.148146136363637,8.95825,44.0,44.0,920.5295833333333,48.0,2013-01-16 08:54:23.109120000,94.54313715612902
160,9.20748,8.812757727272727,44.0,44.0,924.8710416666667,48.0,2013-01-17 09:33:58.348800000,93.37643747096773
161,9.238531555555555,8.849492888888888,45.0,45.0,916.635625,48.0,2013-01-18 10:13:33.588480000,92.20973778580645
162,9.246029777777778,8.923126666666667,45.0,45.0,917.7914583333333,48.0,2013-01-19 10:53:08.828160000,91.04303810064516
163,9.527517954545454,9.48646340909091,44.0,44.0,914.6393750000001,48.0,2013-01-20 11:32:44.067840000,89.87633841548387
164,9.387587333333334,9.035298666666666,45.0,45.0,920.5102083333333,48.0,2013-01-21 12:12:19.307520000,88.70963873032258
165,9.41468511111111,9.087231111111112,45.0,45.0,923.0910416666667,48.0,2013-01-22 12:51:54.547200000,87.54293904516129
166,9.379421333333333,9.226422444444445,45.0,45.0,924.6027083333333,48.0,2013-01-23 13:31:29.786880000,86.37623936
167,9.344266136363636,8.997616136363636,44.0,44.0,931.2189583333334,48.0,2013-01-24 14:11:05.026560000,85.20953967483871
168,9.348253555555555,8.990687555555555,45.0,45.0,898.760625,48.0,2013-01-25 14:50:40.266240000,84.04283998967742
169,9.31130090909091,8.905315227272727,44.0,44.0,908.6231250000001,48.0,2013-01-26 15:30:15.505920000,82.87614030451613
170,9.255236,8.959424,45.0,45.0,908.4485416666666,48.0,2013-01-27 16:09:50.745600000,81.70944061935484
171,9.245917954545455,8.905626818181817,44.0,44.0,906.4485416666666,48.0,2013-01-28 16:49:25.985280000,80.54274093419355
172,9.372384444444444,8.923647777777777,45.0,45.0,905.8666666666667,48.0,2013-01-29 17:29:01.224960000,79.37604124903226
173,9.119147727272727,8.810291136363636,44.0,44.0,909.9822916666667,48.0,2013-01-30 18:08:36.464640000,78.20934156387096
174,9.30746181818182,9.030040681818182,44.0,44.0,909.2539583333333,48.0,2013-01-31 18:48:11.704320000,77.04264187870967
175,9.364640681818182,9.052565,44.0,44.0,932.4616666666667,48.0,2013-02-01 19:27:46.944000000,75.87594219354838
176,9.396325777777777,9.290020444444444,45.0,45.0,897.7022916666666,48.0,2013-02-02 20:07:22.183680000,74.70924250838709
177,9.38809111111111,9.023897333333334,45.0,45.0,921.116875,48.0,2013-02-03 20:46:57.423360000,73.5425428232258
178,9.44327604651163,9.058345348837209,43.0,43.0,916.8233333333333,48.0,2013-02-04 21:26:32.663040000,72.37584313806451
179,9.433716,9.032492444444443,45.0,45.0,916.0745833333334,48.0,2013-02-05 22:06:07.902720000,71.20914345290322
180,9.406898666666667,9.084546222222222,45.0,45.0,927.4658333333333,48.0,2013-02-06 22:45:43.142400000,70.04244376774193
181,9.377165111111111,9.058325111111111,45.0,45.0,925.3708333333334,48.0,2013-02-07 23:25:18.382080000,68.87574408258064
182,9.387101333333334,9.065325777777778,45.0,45.0,927.65125,48.0,2013-02-09 00:04:53.621760000,67.70904439741935
183,9.317033333333333,8.996364222222223,45.0,45.0,927.6566666666666,48.0,2013-02-10 00:44:28.861440000,66.54234471225806
184,9.325391555555557,9.010547333333333,45.0,45.0,929.8735416666667,48.0,2013-02-11 01:24:04.101120000,65.37564502709677
185,9.320688666666667,9.011541555555555,45.0,45.0,930.6887499999999,48.0,2013-02-12 02:03:39.340800000,64.20894534193548
186,9.421713777777779,9.000816666666667,45.0,45.0,928.2747916666667,48.0,2013-02-13 02:43:14.580480000,63.04224565677419
187,9.091275217391305,8.815161086956522,46.0,46.0,927.5852083333333,48.0,2013-02-14 03:22:49.820160000,61.8755459716129
188,9.375548409090909,9.159835909090909,44.0,44.0,924.811875,48.0,2013-02-15 04:02:25.059840000,61.00461476571429
189,9.346439318181819,9.094873863636364,44.0,44.0,920.47125,48.0,2013-02-16 04:42:00.299520000,61.643127154285715
190,9.460549777777779,9.127206666666666,45.0,45.0,927.9183333333334,48.0,2013-02-17 05:21:35.539200000,62.28163954285714
191,9.514262222222222,9.211814,45.0,45.0,920.8366666666667,48.0,2013-02-18 06:01:10.778880000,62.92015193142857
192,9.376662,8.94126911111111,45.0,45.0,924.7902083333333,48.0,2013-02-19 06:40:46.018560000,63.55866432
193,9.262647045454544,8.94595340909091,44.0,44.0,,,2013-02-20 07:20:21.258240000,64.19717670857143
194,9.2964035,8.8384765,20.0,20.0,,,2013-02-21 07:59:56.497920000,64.83568909714286
195,9.471613555555555,9.110796444444444,45.0,45.0,890.6035416666667,48.0,2013-02-22 08:39:31.737600000,65.47420148571429
196,9.462448181818182,9.080056136363636,44.0,44.0,903.6120833333333,48.0,2013-02-23 09:19:06.977280000,66.11271387428572
197,9.324114883720931,9.02572046511628,43.0,43.0,923.7302083333334,48.0,2013-02-24 09:58:42.216960000,66.75122626285714
198,9.378989545454546,9.071797272727274,44.0,44.0,916.4666666666667,48.0,2013-02-25 10:38:17.456640000,67.38973865142857
199,9.423985128205128,9.063558974358974,39.0,39.0,905.82,48.0,2013-02-26 11:17:52.696320000,68.02825104
200,9.281235,9.041470681818181,44.0,44.0,935.1520833333334,48.0,2013-02-27 11:57:27.936000000,68.66676342857143
201,9.043493125,8.66996625,16.0,16.0,,,2013-02-28 12:37:03.175679999,69.30527581714286
202,,,,,,,2013-03-01 13:16:38.415360000,69.94378820571428
203,,,,,,,2013-03-02 13:56:13.655040000,70.58230059428571
204,,,,,,,2013-03-03 14:35:48.894720000,71.22081298285714
205,,,,,,,2013-03-04 15:15:24.134400000,71.85932537142857
206,,,,,,,2013-03-05 15:54:59.374080000,72.49783776
207,,,,,,,2013-03-06 16:34:34.613760000,73.13635014857142
208,9.464406666666667,9.209748750000001,24.0,24.0,,,2013-03-07 17:14:09.853440000,73.77486253714285
209,8.744557555555556,8.153408888888888,45.0,45.0,,,2013-03-08 17:53:45.093120000,74.41337492571428
210,8.508628648648648,7.884942432432432,37.0,37.0,,,2013-03-09 18:33:20.332799999,75.05188731428571
211,8.713764222222222,8.217692222222222,45.0,45.0,,,2013-03-10 19:12:55.572480000,75.69039970285714
212,8.85858159090909,8.333779772727272,44.0,44.0,,,2013-03-11 19:52:30.812160000,76.32891209142856
213,8.87191340909091,8.387248636363637,44.0,44.0,,,2013-03-12 20:32:06.051840000,76.96742448
214,8.664383809523809,8.158712380952382,21.0,21.0,,,2013-03-13 21:11:41.291520000,77.60593686857143
215,9.044207777777778,8.627284444444445,9.0,9.0,873.4566666666666,48.0,2013-03-14 21:51:16.531200000,78.24444925714286
216,,,,,,,2013-03-15 22:30:51.770880000,79.17757667096774
217,,,,,,,2013-03-16 23:10:27.010560000,80.13877811612903
218,,,,,,,2013-03-17 23:50:02.250240000,81.09997956129033
219,,,,,,,2013-03-19 00:29:37.489920000,82.0611810064516
220,,,,,,,2013-03-20 01:09:12.729600000,83.0223824516129
221,,,,,,,2013-03-21 01:48:47.969280000,83.98358389677419
222,9.126464615384617,8.930909999999999,26.0,26.0,867.9354166666667,48.0,2013-03-22 02:28:23.208960000,84.94478534193549
223,9.328776249999999,8.933025833333334,24.0,24.0,895.013125,48.0,2013-03-23 03:07:58.448640000,85.90598678709677
224,9.279948260869565,8.87838,23.0,23.0,880.6387500000001,48.0,2013-03-24 03:47:33.688320000,86.86718823225806
225,9.2188875,8.837693333333332,24.0,24.0,893.5749999999999,48.0,2013-03-25 04:27:08.928000000,87.82838967741935
226,9.292920416666666,8.887978333333333,24.0,24.0,874.025,48.0,2013-03-26 05:06:44.167680000,88.78959112258065
227,9.124804090909091,8.764873636363635,22.0,22.0,889.1231250000001,48.0,2013-03-27 05:46:19.407360000,89.75079256774194
228,9.138415416666666,8.689947916666666,24.0,24.0,905.32375,48.0,2013-03-28 06:25:54.647040000,90.71199401290322
229,9.053313600000001,8.57219,25.0,25.0,878.1341666666667,48.0,2013-03-29 07:05:29.886720000,91.67319545806451
230,9.15714625,8.74232875,24.0,24.0,893.2168750000001,48.0,2013-03-30 07:45:05.126400000,92.6343969032258
231,9.052996956521739,8.669339565217392,23.0,23.0,902.3835416666667,48.0,2013-03-31 08:24:40.366080000,93.5955983483871
232,9.12926,8.657081666666667,24.0,24.0,888.6952083333334,48.0,2013-04-01 09:04:15.605760000,94.55679979354838
233,9.147471304347826,8.68978304347826,23.0,23.0,889.2175000000001,48.0,2013-04-02 09:43:50.845440000,95.51800123870967
234,9.070911666666666,8.685655833333334,24.0,24.0,896.1335416666667,48.0,2013-04-03 10:23:26.085120000,96.47920268387097
235,9.109993333333334,8.62104875,24.0,24.0,892.4387499999999,48.0,2013-04-04 11:03:01.324800000,97.44040412903226
236,8.754392173913043,8.38178695652174,23.0,23.0,897.9620833333333,48.0,2013-04-05 11:42:36.564480000,98.40160557419355
237,9.1683225,8.704907916666667,24.0,24.0,894.895,48.0,2013-04-06 12:22:11.804160000,99.36280701935483
238,9.173761739130436,8.784836086956522,23.0,23.0,897.48625,48.0,2013-04-07 13:01:47.043840000,100.32400846451613
239,9.197972173913044,8.806324782608696,23.0,23.0,897.1947916666667,48.0,2013-04-08 13:41:22.283520000,101.28520990967742
240,9.029631304347827,8.768652608695652,23.0,23.0,895.5822916666666,48.0,2013-04-09 14:20:57.523200000,102.24641135483871
241,9.163470833333333,8.761929166666667,24.0,24.0,895.7156249999999,48.0,2013-04-10 15:00:32.762880000,103.20761279999999
242,10.226838333333333,9.716259999999998,18.0,18.0,892.2679166666667,48.0,2013-04-11 15:40:08.002560000,104.16881424516129
243,9.27339875,8.859253333333333,24.0,24.0,895.020625,48.0,2013-04-12 16:19:43.242240000,105.13001569032258
244,8.760082500000001,8.443026666666666,24.0,24.0,895.1297916666667,48.0,2013-04-13 16:59:18.481919999,106.09121713548387
245,9.215015833333334,8.770426666666667,24.0,24.0,886.22125,48.0,2013-04-14 17:38:53.721600000,107.05241858064517
246,9.19354347826087,8.835137826086957,23.0,23.0,886.1952083333334,48.0,2013-04-15 18:18:28.961280000,107.62801913599999
247,9.229285833333334,8.870785416666667,24.0,24.0,880.3820833333333,48.0,2013-04-16 18:58:04.200960000,108.069840352
248,9.320954166666667,8.839915833333334,24.0,24.0,885.8308333333333,48.0,2013-04-17 19:37:39.440640000,108.511661568
249,9.241692916666667,8.884277083333332,24.0,24.0,881.6535416666667,48.0,2013-04-18 20:17:14.680320000,108.953482784
250,9.268205,8.966300416666666,24.0,24.0,885.1462500000001,48.0,2013-04-19 20:56:49.920000000,109.395304
251,9.094852916666667,8.732104583333333,24.0,24.0,883.780625,48.0,2013-04-20 21:36:25.159680000,109.837125216
252,9.163613333333332,8.748747916666668,24.0,24.0,885.5991666666667,48.0,2013-04-21 22:16:00.399360000,110.278946432
253,9.14944125,8.74757875,24.0,24.0,889.5147916666666,48.0,2013-04-22 22:55:35.639040000,110.72076764799999
254,9.160197083333333,8.772797500000001,24.0,24.0,887.664375,48.0,2013-04-23 23:35:10.878720000,111.162588864
255,9.118149166666667,8.71816375,24.0,24.0,888.8939583333334,48.0,2013-04-25 00:14:46.118400000,111.60441008
256,9.061321666666666,8.671247083333332,24.0,24.0,882.5047916666667,48.0,2013-04-26 00:54:21.358080000,112.046231296
257,9.117322916666668,8.673985833333333,24.0,24.0,882.8975,48.0,2013-04-27 01:33:56.597760000,112.488052512
258,8.723315416666667,8.27038375,24.0,24.0,882.105625,48.0,2013-04-28 02:13:31.837440000,112.929873728
259,8.616707916666668,8.138630833333332,24.0,24.0,883.035625,48.0,2013-04-29 02:53:07.077120000,113.371694944
260,8.712852083333333,8.065035416666667,24.0,24.0,889.5335416666667,48.0,2013-04-30 03:32:42.316800000,113.81351616
261,8.5766025,8.056918333333334,24.0,24.0,880.5643749999999,48.0,2013-05-01 04:12:17.556480000,114.255337376
262,8.504567692307692,8.01678,13.0,13.0,906.6270833333333,48.0,2013-05-02 04:51:52.796160000,114.697158592
263,,,,,,,2013-05-03 05:31:28.035840000,115.138979808
264,,,,,,,2013-05-04 06:11:03.275520000,115.580801024
265,,,,,,,2013-05-05 06:50:38.515199999,116.02262224
266,,,,,,,2013-05-06 07:30:13.754880000,116.464443456
267,9.286056818181818,9.017577272727273,22.0,22.0,829.4277083333333,48.0,2013-05-07 08:09:48.994560000,116.906264672
268,9.120623777777778,8.396379111111111,45.0,45.0,859.7033333333334,48.0,2013-05-08 08:49:24.234240000,117.348085888
269,9.235430444444445,8.390042444444445,45.0,45.0,854.26125,48.0,2013-05-09 09:28:59.473920000,117.78990710400001
270,9.319345454545454,8.56703659090909,44.0,44.0,851.456875,48.0,2013-05-10 10:08:34.713600000,118.23172832
271,9.370725333333333,8.718794,45.0,45.0,850.758125,48.0,2013-05-11 10:48:09.953280000,118.673549536
272,9.521618222222223,8.841201777777778,45.0,45.0,858.071875,48.0,2013-05-12 11:27:45.192960000,119.115370752
273,9.538537111111111,8.851909333333333,45.0,45.0,853.9627083333334,48.0,2013-05-13 12:07:20.432640000,119.557191968
274,9.528306590909091,8.895503409090908,44.0,44.0,849.3137499999999,48.0,2013-05-14 12:46:55.672320000,119.999013184
275,9.146913777777778,8.591861555555557,45.0,45.0,849.23625,48.0,2013-05-15 13:26:30.912000000,119.41408129032259
276,8.844812045454546,8.726163863636364,44.0,44.0,846.4304166666667,48.0,2013-05-16 14:06:06.151680000,117.97227912258064
277,8.92933659090909,8.634371818181817,44.0,44.0,848.4258333333333,48.0,2013-05-17 14:45:41.391360000,116.53047695483872
278,8.949194666666667,8.634734888888888,45.0,45.0,857.7289583333333,48.0,2013-05-18 15:25:16.631039999,115.08867478709678
279,8.840684444444445,8.574449555555557,45.0,45.0,865.2302083333334,48.0,2013-05-19 16:04:51.870720000,113.64687261935484
280,8.810477777777777,8.403578666666666,45.0,45.0,863.3404166666668,48.0,2013-05-20 16:44:27.110400000,112.20507045161291
281,8.791471818181819,8.3967575,44.0,44.0,847.0450000000001,48.0,2013-05-21 17:24:02.350080000,110.76326828387097
282,8.810349111111112,8.579430888888888,45.0,45.0,855.8708333333334,48.0,2013-05-22 18:03:37.589760000,109.32146611612903
283,8.83035688888889,8.647846888888889,45.0,45.0,860.938125,48.0,2013-05-23 18:43:12.829440000,107.8796639483871
284,8.917446888888888,8.686855111111111,45.0,45.0,852.2416666666667,48.0,2013-05-24 19:22:48.069120000,106.43786178064516
285,8.717195454545454,8.364520681818181,44.0,44.0,851.2083333333334,48.0,2013-05-25 20:02:23.308800000,104.99605961290322
286,8.683838863636364,8.378848181818183,44.0,44.0,844.3702083333333,48.0,2013-05-26 20:41:58.548480000,103.5542574451613
287,8.654888444444445,8.363669555555557,45.0,45.0,855.0529166666666,48.0,2013-05-27 21:21:33.788160000,102.11245527741936
288,8.651634666666666,8.279136000000001,45.0,45.0,855.1033333333334,48.0,2013-05-28 22:01:09.027840000,100.67065310967743
289,8.457093777777777,8.10652288888889,45.0,45.0,857.1570833333334,48.0,2013-05-29 22:40:44.267520000,99.22885094193549
290,8.745125,8.551795454545454,44.0,44.0,848.0689583333333,48.0,2013-05-30 23:20:19.507200000,97.78704877419355
291,8.617723111111111,8.242980666666666,45.0,45.0,854.313125,48.0,2013-05-31 23:59:54.746880000,96.34524660645161
292,8.562774761904762,8.059911904761904,21.0,21.0,852.4054166666666,48.0,2013-06-02 00:39:29.986560000,94.90344443870968
293,8.541187333333333,8.192943111111111,45.0,45.0,841.8070833333333,48.0,2013-06-03 01:19:05.226240000,93.46164227096774
294,8.4678525,8.2461225,4.0,4.0,838.8614583333333,48.0,2013-06-04 01:58:40.465920000,92.01984010322582
295,8.744565909090909,8.472753181818181,44.0,44.0,840.1783333333333,48.0,2013-06-05 02:38:15.705600000,90.57803793548388
296,8.622401111111111,8.268983555555556,45.0,45.0,848.0022916666667,48.0,2013-06-06 03:17:50.945280000,89.13623576774194
297,8.768934545454545,8.71189909090909,44.0,44.0,844.0204166666667,48.0,2013-06-07 03:57:26.184959999,87.6944336
298,8.6681325,8.388282954545454,44.0,44.0,846.1545833333333,48.0,2013-06-08 04:37:01.424640000,86.25263143225807
299,9.378544883720929,10.491586511627906,43.0,43.0,853.4920833333334,48.0,2013-06-09 05:16:36.664320000,84.81082926451613
300,8.764123333333334,8.490095111111112,45.0,45.0,849.500625,48.0,2013-06-10 05:56:11.904000000,83.3690270967742
301,8.959179318181818,9.083250227272726,44.0,44.0,853.34875,48.0,2013-06-11 06:35:47.143680000,81.92722492903226
302,8.756502325581396,8.601135348837209,43.0,43.0,853.18125,48.0,2013-06-12 07:15:22.383360000,80.48542276129032
303,8.980202,8.8139,45.0,45.0,860.8314583333334,48.0,2013-06-13 07:54:57.623040000,79.04362059354838
304,8.779785,8.49183840909091,44.0,44.0,855.7310416666668,48.0,2013-06-14 08:34:32.862720000,77.60181842580646
305,8.674933333333334,8.361081777777777,45.0,45.0,849.4833333333332,48.0,2013-06-15 09:14:08.102400000,76.8218584
306,8.671869333333333,8.35218688888889,45.0,45.0,851.291875,48.0,2013-06-16 09:53:43.342080000,77.14723061333333
307,8.817487272727274,8.670588181818182,44.0,44.0,855.9695833333334,48.0,2013-06-17 10:33:18.581760000,77.47260282666667
308,8.910681555555556,8.706750222222222,45.0,45.0,855.0768750000001,48.0,2013-06-18 11:12:53.821440000,77.79797504
309,8.873764444444443,8.722224222222222,45.0,45.0,857.0060416666666,48.0,2013-06-19 11:52:29.061120000,78.12334725333334
310,8.805678939393939,8.530289242424242,66.0,66.0,852.461875,48.0,2013-06-20 12:32:04.300800000,78.44871946666667
311,8.847253658536586,8.667462439024389,82.0,82.0,846.3514583333334,48.0,2013-06-21 13:11:39.540480000,78.77409168
312,8.76995632183908,8.463106206896553,87.0,87.0,845.0214583333333,48.0,2013-06-22 13:51:14.780159999,79.09946389333334
313,8.774581954022988,8.650782068965517,87.0,87.0,850.540625,48.0,2013-06-23 14:30:50.019840000,79.42483610666667
314,8.665693023255814,8.36575406976744,86.0,86.0,845.3337499999999,48.0,2013-06-24 15:10:25.259520000,79.75020832
315,8.693905287356323,8.430777931034482,87.0,87.0,846.115625,48.0,2013-06-25 15:50:00.499200000,80.07558053333334
316,8.669264418604651,8.473526279069768,86.0,86.0,846.6947916666667,48.0,2013-06-26 16:29:35.738880000,80.40095274666668
317,8.896076046511627,8.700782325581395,86.0,86.0,834.053125,48.0,2013-06-27 17:09:10.978560000,80.72632496
318,8.937829651162792,8.657286046511627,86.0,86.0,834.8299999999999,48.0,2013-06-28 17:48:46.218240000,81.05169717333334
319,8.848429310344828,8.575154482758622,87.0,87.0,832.8722916666667,48.0,2013-06-29 18:28:21.457919999,81.37706938666668
320,8.827816744186046,8.503521744186047,86.0,86.0,839.1947916666667,48.0,2013-06-30 19:07:56.697600000,81.7024416
321,8.723688735632184,8.442280344827585,87.0,87.0,839.665,48.0,2013-07-01 19:47:31.937280000,82.02781381333334
322,8.663472976190477,8.399094285714286,84.0,84.0,838.5795833333333,48.0,2013-07-02 20:27:07.176960000,82.35318602666666
323,8.863700114942528,8.549193218390805,87.0,87.0,845.8689583333334,48.0,2013-07-03 21:06:42.416640000,82.67855824
324,8.889304302325582,8.734833837209301,86.0,86.0,846.9164583333333,48.0,2013-07-04 21:46:17.656320000,83.00393045333334
325,8.791392558139535,8.567162209302325,86.0,86.0,852.5220833333333,48.0,2013-07-05 22:25:52.896000000,83.32930266666666
326,8.761386091954023,8.532604367816091,87.0,87.0,851.54625,48.0,2013-07-06 23:05:28.135680000,83.65467488
327,8.957027790697675,8.847663488372092,86.0,86.0,853.933125,48.0,2013-07-07 23:45:03.375360000,83.98004709333334
328,8.84388418604651,8.592568837209303,86.0,86.0,854.0260416666666,48.0,2013-07-09 00:24:38.615040000,84.30541930666666
329,8.856422906976745,8.943989302325582,86.0,86.0,855.4375,48.0,2013-07-10 01:04:13.854720000,84.63079152
330,8.816228139534884,8.591856860465116,86.0,86.0,848.02,48.0,2013-07-11 01:43:49.094399999,84.95616373333334
331,8.925464767441861,8.781527906976745,86.0,86.0,852.0560416666667,48.0,2013-07-12 02:23:24.334080000,85.28153594666666
332,8.851116046511628,8.643888139534884,86.0,86.0,851.793125,48.0,2013-07-13 03:02:59.573760000,85.60690816
333,9.056516588235294,8.870258470588237,85.0,85.0,855.1089583333334,48.0,2013-07-14 03:42:34.813440000,85.93228037333334
334,8.92212632183908,8.726421494252874,87.0,87.0,855.2154166666666,48.0,2013-07-15 04:22:10.053120000,86.23288840258064
335,9.082875411764705,9.004369647058823,85.0,85.0,852.5277083333334,48.0,2013-07-16 05:01:45.292800000,86.41849971612903
336,9.004789285714285,8.969533333333333,84.0,84.0,854.019375,48.0,2013-07-17 05:41:20.532480000,86.60411102967743
337,8.91199091954023,9.034149425287357,87.0,87.0,854.1097916666666,48.0,2013-07-18 06:20:55.772160000,86.7897223432258
338,8.99945694117647,8.936246705882352,85.0,85.0,842.8179166666667,48.0,2013-07-19 07:00:31.011840000,86.9753336567742
339,8.871118720930232,8.616958488372093,86.0,86.0,846.7131250000001,48.0,2013-07-20 07:40:06.251520000,87.16094497032259
340,8.895495697674418,8.887691395348837,86.0,86.0,844.5752083333333,48.0,2013-07-21 08:19:41.491200000,87.34655628387097
341,8.813229540229884,8.582711494252875,87.0,87.0,837.5910416666667,48.0,2013-07-22 08:59:16.730879999,87.53216759741936
342,8.904012352941177,8.822106705882353,85.0,85.0,850.6254166666666,48.0,2013-07-23 09:38:51.970560000,87.71777891096774
343,8.796389647058824,8.745576823529412,85.0,85.0,838.8766666666667,48.0,2013-07-24 10:18:27.210240000,87.90339022451613
344,8.96113494117647,8.840091647058824,85.0,85.0,847.7045833333333,48.0,2013-07-25 10:58:02.449920000,88.08900153806452
345,9.044996470588236,8.924783647058824,85.0,85.0,856.4208333333332,48.0,2013-07-26 11:37:37.689600000,88.2746128516129
346,8.749789195402299,8.504540114942529,87.0,87.0,843.9589583333333,48.0,2013-07-27 12:17:12.929280000,88.46022416516129
347,8.748371744186047,8.664592790697675,86.0,86.0,852.5949999999999,48.0,2013-07-28 12:56:48.168960000,88.64583547870967
348,8.705627816091955,8.365786551724138,87.0,87.0,847.2260416666667,48.0,2013-07-29 13:36:23.408640000,88.83144679225806
349,8.76666388235294,8.683835647058824,85.0,85.0,856.9660416666667,48.0,2013-07-30 14:15:58.648320000,89.01705810580646
350,8.654191860465117,8.425979534883721,86.0,86.0,861.6608333333334,48.0,2013-07-31 14:55:33.888000000,89.20266941935483
351,9.00634540229885,9.06982459770115,87.0,87.0,858.101875,48.0,2013-08-01 15:35:09.127680000,89.38828073290323
352,8.955755903614458,8.749013012048193,83.0,83.0,862.0352083333333,48.0,2013-08-02 16:14:44.367360000,89.57389204645162
353,8.887114252873562,8.743682183908046,87.0,87.0,850.018125,48.0,2013-08-03 16:54:19.607039999,89.75950336
354,9.051610476190476,8.996335952380953,84.0,84.0,856.3233333333333,48.0,2013-08-04 17:33:54.846720000,89.94511467354839
355,9.0239725,8.793703452380953,84.0,84.0,859.1441666666666,48.0,2013-08-05 18:13:30.086400000,90.13072598709677
356,9.128855595238095,8.994601666666668,84.0,84.0,856.1550000000001,48.0,2013-08-06 18:53:05.326080000,90.31633730064516
357,8.779560823529412,8.611467529411765,85.0,85.0,864.9497916666666,48.0,2013-08-07 19:32:40.565760000,90.50194861419355
358,8.924873902439025,8.933119146341463,82.0,82.0,868.9562500000001,48.0,2013-08-08 20:12:15.805440000,90.68755992774193
359,8.83386380952381,8.705696666666666,84.0,84.0,,,2013-08-09 20:51:51.045120000,90.87317124129032
360,8.892678192771085,8.709284337349397,83.0,83.0,,,2013-08-10 21:31:26.284800000,91.05878255483871
361,9.04702756097561,9.10753231707317,82.0,82.0,,,2013-08-11 22:11:01.524480000,91.24439386838709
362,8.855045903614457,8.724534337349397,83.0,83.0,,,2013-08-12 22:50:36.764160000,91.43000518193548
363,8.932705952380953,8.869104047619047,84.0,84.0,,,2013-08-13 23:30:12.003840000,91.61561649548386
364,8.729008554216867,8.522581927710842,83.0,83.0,,,2013-08-15 00:09:47.243520000,91.7918219148387
365,8.890912235294117,8.967891411764706,85.0,85.0,826.6360416666666,48.0,2013-08-16 00:49:22.483200000,90.55551798709678
366,8.883467093023256,8.559051976744186,86.0,86.0,850.8822916666667,48.0,2013-08-17 01:28:57.722880000,89.31921405935483
367,8.796673253012049,8.579104457831324,83.0,83.0,851.6835416666667,48.0,2013-08-18 02:08:32.962560000,88.0829101316129
368,8.799545833333333,8.6344,84.0,84.0,861.4210416666666,48.0,2013-08-19 02:48:08.202240000,86.84660620387096
369,8.873412823529412,8.794307647058824,85.0,85.0,857.1704166666667,48.0,2013-08-20 03:27:43.441919999,85.61030227612903
370,8.943700352941176,9.059878705882353,85.0,85.0,858.5808333333333,48.0,2013-08-21 04:07:18.681600000,84.37399834838709
371,9.007860235294118,8.963377294117647,85.0,85.0,865.6585416666667,48.0,2013-08-22 04:46:53.921280000,83.13769442064516
372,8.927772261904762,8.88322869047619,84.0,84.0,859.7883333333334,48.0,2013-08-23 05:26:29.160960000,81.90139049290322
373,8.718629186046511,8.513668139534884,86.0,86.0,864.450625,48.0,2013-08-24 06:06:04.400640000,80.66508656516129
374,8.704747777777778,8.614381234567901,81.0,81.0,874.8839583333333,48.0,2013-08-25 06:45:39.640320000,79.42878263741935
375,8.590993023255812,8.32011953488372,86.0,86.0,876.3558333333334,48.0,2013-08-26 07:25:14.879999999,78.19247870967742
376,8.699190609756098,8.594739268292683,82.0,82.0,877.0904166666666,48.0,2013-08-27 08:04:50.119680000,76.95617478193549
377,8.70610843373494,8.579969156626506,83.0,83.0,875.4387499999999,48.0,2013-08-28 08:44:25.359360000,75.71987085419354
378,8.966504096385542,8.889867590361446,83.0,83.0,870.664375,48.0,2013-08-29 09:24:00.599040000,74.48356692645162
379,8.85578469879518,8.830713012048193,83.0,83.0,872.315,48.0,2013-08-30 10:03:35.838720000,73.24726299870967
380,8.90479086419753,8.676585308641975,81.0,81.0,874.8249999999999,48.0,2013-08-31 10:43:11.078400000,72.01095907096774
381,8.866932117647059,8.691989058823529,85.0,85.0,865.50625,48.0,2013-09-01 11:22:46.318080000,70.7746551432258
382,8.89346894117647,8.684845764705884,85.0,85.0,875.7264583333334,48.0,2013-09-02 12:02:21.557760000,69.53835121548387
383,8.887748875,8.852307999999999,80.0,80.0,872.8718749999999,48.0,2013-09-03 12:41:56.797440000,68.30204728774194
384,8.719532023809524,8.629634761904763,84.0,84.0,869.5908333333333,48.0,2013-09-04 13:21:32.037120000,67.06574336
385,8.730744268292682,8.685484512195123,82.0,82.0,873.6847916666667,48.0,2013-09-05 14:01:07.276800000,65.82943943225806
386,8.658162790697673,8.443157790697676,86.0,86.0,870.0641666666667,48.0,2013-09-06 14:40:42.516480000,64.59313550451613
387,8.629756024096386,8.521709277108434,83.0,83.0,872.114375,48.0,2013-09-07 15:20:17.756159999,63.35683157677419
388,8.763881097560976,8.638004512195122,82.0,82.0,876.7864583333334,48.0,2013-09-08 15:59:52.995840000,62.120527649032255
389,8.724730476190476,8.531199047619047,84.0,84.0,862.8579166666667,48.0,2013-09-09 16:39:28.235520000,60.884223721290326
390,8.773551411764707,8.911295058823528,85.0,85.0,862.1110416666667,48.0,2013-09-10 17:19:03.475200000,59.64791979354839
391,8.59715373493976,8.447188795180724,83.0,83.0,864.0560416666667,48.0,2013-09-11 17:58:38.714880000,58.41161586580645
392,8.810879176470587,8.737364941176471,85.0,85.0,872.680625,48.0,2013-09-12 18:38:13.954560000,57.17531193806452
393,8.734412891566265,8.593374819277107,83.0,83.0,871.4314583333334,48.0,2013-09-13 19:17:49.194240000,55.93900801032258
394,8.803498554216867,8.64641,83.0,83.0,869.6610416666667,48.0,2013-09-14 19:57:24.433920000,54.702704082580645
395,8.659850235294117,8.580202470588237,85.0,85.0,879.0214583333333,48.0,2013-09-15 20:36:59.673600000,56.215184586666666
396,8.778801566265061,8.54923265060241,83.0,83.0,874.5739583333334,48.0,2013-09-16 21:16:34.913280000,58.266742016
397,8.69900525,8.604551125,80.0,80.0,876.9508333333333,48.0,2013-09-17 21:56:10.152960000,60.31829944533334
398,8.828364,8.772211294117648,85.0,85.0,886.5839583333333,48.0,2013-09-18 22:35:45.392640000,62.36985687466667
399,8.767727228915662,8.632214337349398,83.0,83.0,887.5883333333333,48.0,2013-09-19 23:15:20.632320000,64.421414304
400,8.79922119047619,8.645695595238095,84.0,84.0,889.5666666666666,48.0,2013-09-20 23:54:55.872000000,66.47297173333334
401,8.832225476190477,8.673999285714286,84.0,84.0,885.8614583333333,48.0,2013-09-22 00:34:31.111680000,68.52452916266667
402,8.858259156626506,8.819503132530121,83.0,83.0,884.0270833333334,48.0,2013-09-23 01:14:06.351360000,70.576086592
403,8.947232405063291,8.80762582278481,79.0,79.0,886.1810416666667,48.0,2013-09-24 01:53:41.591040000,72.62764402133334
404,8.852512716049382,8.76263851851852,81.0,81.0,888.3133333333334,48.0,2013-09-25 02:33:16.830720000,74.67920145066667
405,8.855343023255813,8.701437093023255,86.0,86.0,901.3341666666666,48.0,2013-09-26 03:12:52.070400000,76.73075888
406,8.97073469879518,8.921303734939759,83.0,83.0,875.7604166666666,48.0,2013-09-27 03:52:27.310080000,78.78231630933334
407,8.8839,8.803463452380953,84.0,84.0,888.0679166666667,48.0,2013-09-28 04:32:02.549759999,80.83387373866667
408,8.938328705882352,8.831542352941177,85.0,85.0,887.9454166666666,48.0,2013-09-29 05:11:37.789440000,82.885431168
409,8.686426,8.750114,5.0,5.0,888.2866666666667,48.0,2013-09-30 05:51:13.029120000,84.93698859733334
410,9.073919761904762,8.981807261904763,84.0,84.0,880.8725,48.0,2013-10-01 06:30:48.268800000,86.98854602666667
411,8.799656951219513,8.74765024390244,82.0,82.0,886.3204166666666,48.0,2013-10-02 07:10:23.508480000,89.040103456
412,9.040244999999999,8.974903536585366,82.0,82.0,883.3922916666667,48.0,2013-10-03 07:49:58.748160000,91.09166088533334
413,9.057581071428572,9.075869642857143,84.0,84.0,875.388125,48.0,2013-10-04 08:29:33.987840000,93.14321831466668
414,9.027047647058824,8.963913176470589,85.0,85.0,876.9766666666666,48.0,2013-10-05 09:09:09.227520000,95.194775744
415,8.981973253012049,8.99473421686747,83.0,83.0,879.0814583333332,48.0,2013-10-06 09:48:44.467200000,97.24633317333334
416,9.078748452380953,8.906348095238096,84.0,84.0,883.6825,48.0,2013-10-07 10:28:19.706880000,99.29789060266668
417,9.055486626506024,9.11813265060241,83.0,83.0,889.009375,48.0,2013-10-08 11:07:54.946560000,101.349448032
418,8.940208255813953,8.853723837209303,86.0,86.0,884.9658333333333,48.0,2013-10-09 11:47:30.186240000,103.40100546133334
419,8.935599268292684,8.84056256097561,82.0,82.0,893.13875,48.0,2013-10-10 12:27:05.425920000,105.45256289066668
420,11.115975538461539,11.095629230769232,65.0,65.0,889.0547916666666,48.0,2013-10-11 13:06:40.665600000,107.50412032
421,9.202970581395348,9.108414767441861,86.0,86.0,886.796875,48.0,2013-10-12 13:46:15.905279999,109.55567774933334
422,9.035117073170731,8.940115609756097,82.0,82.0,890.8458333333333,48.0,2013-10-13 14:25:51.144960000,111.60723517866668
423,9.064282530120483,8.941472891566265,83.0,83.0,893.3564583333333,48.0,2013-10-14 15:05:26.384640000,113.658792608
424,9.112974404761905,9.297760833333333,84.0,84.0,895.3514583333334,48.0,2013-10-15 15:45:01.624320000,114.38941501935484
425,8.917382764227643,8.888513089430894,123.0,123.0,891.9589583333333,48.0,2013-10-16 16:24:36.864000000,114.37284258064517
426,9.036091666666668,9.052306428571429,84.0,84.0,884.366875,48.0,2013-10-17 17:04:12.103680000,114.3562701419355
427,9.093682470588234,9.012188588235293,85.0,85.0,891.6616666666667,48.0,2013-10-18 17:43:47.343360000,114.33969770322581
428,9.113173214285714,9.031431666666666,84.0,84.0,898.9831250000001,48.0,2013-10-19 18:23:22.583040000,114.32312526451614
429,9.037279047619048,9.004011547619047,84.0,84.0,895.0772916666666,48.0,2013-10-20 19:02:57.822720000,114.30655282580646
430,9.09631130952381,9.167013333333333,84.0,84.0,896.4860416666667,48.0,2013-10-21 19:42:33.062400000,114.28998038709678
431,9.026343411764707,9.011136588235294,85.0,85.0,892.5333333333333,48.0,2013-10-22 20:22:08.302080000,114.2734079483871
432,9.005981951219512,8.918673536585366,82.0,82.0,890.5368749999999,48.0,2013-10-23 21:01:43.541760000,114.25683550967743
433,9.023230361445783,9.034329036144578,83.0,83.0,892.1835416666667,48.0,2013-10-24 21:41:18.781440000,114.24026307096774
434,8.955946666666668,8.798781785714286,84.0,84.0,893.986875,48.0,2013-10-25 22:20:54.021120000,114.22369063225807
435,8.94432894117647,8.849285764705883,85.0,85.0,898.136875,48.0,2013-10-26 23:00:29.260800000,114.2071181935484
436,9.004113902439025,9.102453048780488,82.0,82.0,896.6979166666666,48.0,2013-10-27 23:40:04.500480000,114.19054575483871
437,9.036679166666667,9.060290476190476,84.0,84.0,895.6739583333333,48.0,2013-10-29 00:19:39.740160000,114.17397331612904
438,8.966607710843373,8.951994939759036,83.0,83.0,898.67625,48.0,2013-10-30 00:59:14.979840000,114.15740087741936
439,9.033959069767441,8.982053604651162,86.0,86.0,896.1172916666666,48.0,2013-10-31 01:38:50.219520000,114.14082843870969
440,9.057025432098765,9.025261851851852,81.0,81.0,894.206875,48.0,2013-11-01 02:18:25.459200000,114.124256
441,8.994914390243903,8.856264512195123,82.0,82.0,898.8785416666666,48.0,2013-11-02 02:58:00.698880000,114.10768356129033
442,8.914823255813953,8.708756395348837,86.0,86.0,899.5183333333333,48.0,2013-11-03 03:37:35.938560000,114.09111112258066
443,8.426072625,8.251693625,80.0,80.0,898.2741666666667,48.0,2013-11-04 04:17:11.178240000,114.07453868387097
444,8.390412972972973,8.075962702702702,37.0,37.0,922.9575,48.0,2013-11-05 04:56:46.417920000,114.0579662451613
445,,,,,,,2013-11-06 05:36:21.657600000,114.04139380645162
446,,,,,,,2013-11-07 06:15:56.897280008,114.02482136774194
447,,,,,,,2013-11-08 06:55:32.136960000,114.00824892903226
448,,,,,,,2013-11-09 07:35:07.376640000,113.99167649032259
449,,,,,,,2013-11-10 08:14:42.616320000,113.9751040516129
450,,,,,,,2013-11-11 08:54:17.856000000,113.95853161290323
451,,,,,,,2013-11-12 09:33:53.095679999,113.94195917419356
452,,,,,,,2013-11-13 10:13:28.335360000,113.92538673548388
453,8.848764090909091,8.792717727272727,44.0,44.0,,,2013-11-14 10:53:03.575040000,113.9088142967742
454,8.611780833333334,8.3751525,36.0,36.0,889.1891666666667,48.0,2013-11-15 11:32:38.814720008,114.06514498133333
455,8.850325180722892,8.686100240963855,83.0,83.0,904.6214583333334,48.0,2013-11-16 12:12:14.054399999,114.41791696
456,8.848764938271605,8.64961962962963,81.0,81.0,902.1035416666667,48.0,2013-11-17 12:51:49.294080000,114.77068893866667
457,8.570906829268292,8.423938292682926,41.0,41.0,919.4764583333334,48.0,2013-11-18 13:31:24.533760000,115.12346091733333
458,,,,,,,2013-11-19 14:10:59.773440000,115.476232896
459,,,,,,,2013-11-20 14:50:35.013120000,115.82900487466667
460,,,,,,,2013-11-21 15:30:10.252800000,116.18177685333333
461,,,,,,,2013-11-22 16:09:45.492480000,116.534548832
462,8.842354347826086,8.69167,46.0,46.0,890.946875,48.0,2013-11-23 16:49:20.732160008,116.88732081066667
463,8.806182142857143,8.625899285714286,84.0,84.0,893.46,48.0,2013-11-24 17:28:55.971840000,117.24009278933333
464,8.766661071428572,8.570083452380953,84.0,84.0,899.965,48.0,2013-11-25 18:08:31.211520000,117.592864768
465,8.80383465116279,8.657021395348837,86.0,86.0,906.2960416666666,48.0,2013-11-26 18:48:06.451200000,117.94563674666666
466,8.74174705882353,8.458157058823529,85.0,85.0,907.676875,48.0,2013-11-27 19:27:41.690880000,118.29840872533333
467,8.757433373493976,8.554194216867469,83.0,83.0,910.0825,48.0,2013-11-28 20:07:16.930560000,118.651180704
468,8.712112409638554,8.50197469879518,83.0,83.0,905.8083333333334,48.0,2013-11-29 20:46:52.170240000,119.00395268266666
469,8.738377590361447,8.541709879518072,83.0,83.0,905.4685416666666,48.0,2013-11-30 21:26:27.409920000,119.35672466133333
470,8.81164626506024,8.687716265060242,83.0,83.0,907.3902083333334,48.0,2013-12-01 22:06:02.649600008,119.70949664
471,8.819051204819278,8.745285421686747,83.0,83.0,906.2985416666667,48.0,2013-12-02 22:45:37.889280000,120.06226861866666
472,8.985650238095237,8.98881761904762,84.0,84.0,906.855,48.0,2013-12-03 23:25:13.128960000,120.41504059733333
473,8.815084320987655,8.69805074074074,81.0,81.0,907.59,48.0,2013-12-05 00:04:48.368640000,120.767812576
474,8.933468192771084,8.74196,83.0,83.0,905.68,48.0,2013-12-06 00:44:23.608320000,121.12058455466666
475,8.67315034883721,8.470224534883721,86.0,86.0,908.2466666666666,48.0,2013-12-07 01:23:58.848000000,121.47335653333334
476,8.810146049382716,8.568505925925926,81.0,81.0,904.5031250000001,48.0,2013-12-08 02:03:34.087680000,121.826128512
477,8.721790361445782,8.6191778313253,83.0,83.0,908.445625,48.0,2013-12-09 02:43:09.327360000,122.17890049066668
478,8.5758006,8.3948152,50.0,50.0,927.259375,48.0,2013-12-10 03:22:44.567040008,122.53167246933333
479,,,,,,,2013-12-11 04:02:19.806720000,122.88444444800001
480,,,,,,,2013-12-12 04:41:55.046400000,123.23721642666666
481,,,,,,,2013-12-13 05:21:30.286080000,123.58998840533334
482,,,,,,,2013-12-14 06:01:05.525760000,123.942760384
483,,,,,,,2013-12-15 06:40:40.765440000,124.13537428645162
484,,,,,,,2013-12-16 07:20:16.005120000,123.89673116903226
485,8.684366304347826,8.500659565217392,46.0,46.0,887.8135416666668,48.0,2013-12-17 07:59:51.244799999,123.6580880516129
486,8.573453023255814,8.346238953488372,86.0,86.0,902.8975,48.0,2013-12-18 08:39:26.484480008,123.41944493419355
487,8.43028453488372,8.330779651162791,86.0,86.0,904.113125,48.0,2013-12-19 09:19:01.724160000,123.18080181677419
488,8.602487619047618,8.475583928571428,84.0,84.0,897.9135416666667,48.0,2013-12-20 09:58:36.963840000,122.94215869935483
489,8.555038352941176,8.43262588235294,85.0,85.0,905.2397916666667,48.0,2013-12-21 10:38:12.203520000,122.70351558193549
490,8.611771764705882,8.524847529411764,85.0,85.0,901.7914583333333,48.0,2013-12-22 11:17:47.443200000,122.46487246451613
491,8.678750697674419,8.501398720930233,86.0,86.0,902.3722916666667,48.0,2013-12-23 11:57:22.682880000,122.22622934709678
492,8.468035263157896,8.43395,19.0,19.0,898.3941666666666,48.0,2013-12-24 12:36:57.922560000,121.98758622967742
493,8.590057411764706,8.436899882352941,85.0,85.0,904.8127083333334,48.0,2013-12-25 13:16:33.162240000,121.74894311225806
494,8.55428,8.444428352941177,85.0,85.0,895.6766666666667,48.0,2013-12-26 13:56:08.401920008,121.51029999483872
495,8.551545116279069,8.407368837209303,86.0,86.0,906.5637499999999,48.0,2013-12-27 14:35:43.641600000,121.27165687741936
496,8.449157976190477,8.338906190476191,84.0,84.0,902.6039583333333,48.0,2013-12-28 15:15:18.881280000,121.03301376
497,8.548429540229886,8.379756666666665,87.0,87.0,897.7595833333334,48.0,2013-12-29 15:54:54.120960000,120.79437064258065
498,8.649171294117647,8.36579411764706,85.0,85.0,900.3614583333333,48.0,2013-12-30 16:34:29.360640000,120.55572752516129
499,8.653276823529412,8.457128823529413,85.0,85.0,903.0772916666666,48.0,2013-12-31 17:14:04.600320000,120.31708440774193
500,8.525614,8.364478235294117,85.0,85.0,891.7466666666666,48.0,2014-01-01 17:53:39.840000000,120.07844129032259
501,8.563526,8.45706517647059,85.0,85.0,895.6964583333333,48.0,2014-01-02 18:33:15.079680008,119.83979817290323
502,8.62910012195122,8.534179268292682,82.0,82.0,890.0475,48.0,2014-01-03 19:12:50.319360008,119.60115505548387
503,8.597043950617284,8.510614567901234,81.0,81.0,897.7952083333333,48.0,2014-01-04 19:52:25.559040000,119.36251193806451
504,8.722997142857142,8.656091428571429,84.0,84.0,891.4416666666666,48.0,2014-01-05 20:32:00.798720000,119.12386882064516
505,9.21459939759036,9.098068192771086,83.0,83.0,893.85125,48.0,2014-01-06 21:11:36.038400000,118.88522570322581
506,8.523490114942529,8.364632298850575,87.0,87.0,891.7716666666666,48.0,2014-01-07 21:51:11.278080000,118.64658258580646
507,8.67553130952381,8.530737380952381,84.0,84.0,892.1947916666667,48.0,2014-01-08 22:30:46.517760000,118.4079394683871
508,8.747446458333334,8.591067916666667,48.0,48.0,895.0766666666667,48.0,2014-01-09 23:10:21.757440008,118.16929635096774
509,8.527603448275862,8.396826896551724,87.0,87.0,893.6483333333334,48.0,2014-01-10 23:49:56.997120008,117.93065323354838
510,8.324023023255814,8.06501034883721,86.0,86.0,888.4760416666667,48.0,2014-01-12 00:29:32.236800008,117.69201011612904
511,10.353275,13.3640475,4.0,4.0,891.5895833333334,48.0,2014-01-13 01:09:07.476480000,117.45336699870968
512,8.34005011627907,8.136910348837208,86.0,86.0,888.005,48.0,2014-01-14 01:48:42.716160000,117.21472388129033
513,8.471765999999999,8.43429705882353,85.0,85.0,884.8283333333334,48.0,2014-01-15 02:28:17.955840000,117.09667357935484
514,8.394812441860466,8.192368837209303,86.0,86.0,888.2135416666666,48.0,2014-01-16 03:07:53.195520000,118.06118951225807
515,8.523197764705882,8.372768588235294,85.0,85.0,885.8977083333333,48.0,2014-01-17 03:47:28.435200000,119.0257054451613
516,8.582017023809524,8.465523928571429,84.0,84.0,888.7097916666667,48.0,2014-01-18 04:27:03.674880000,119.99022137806452
517,8.64602488095238,8.515065,84.0,84.0,881.9360416666667,48.0,2014-01-19 05:06:38.914560008,120.95473731096774
518,8.55473712643678,8.441310229885058,87.0,87.0,884.8422916666667,48.0,2014-01-20 05:46:14.154240008,121.91925324387097
519,8.768364819277108,8.609335662650603,83.0,83.0,883.4570833333333,48.0,2014-01-21 06:25:49.393920000,122.8837691767742
520,8.568896590909091,8.560085227272728,88.0,88.0,883.1683333333334,48.0,2014-01-22 07:05:24.633600000,123.84828510967742
521,8.672407790697674,8.730716395348837,86.0,86.0,881.7764583333333,48.0,2014-01-23 07:44:59.873280000,124.81280104258065
522,8.767730444444444,8.82159888888889,90.0,90.0,876.84625,48.0,2014-01-24 08:24:35.112960000,125.77731697548387
523,8.857913295454544,8.709759772727272,88.0,88.0,876.9745833333333,48.0,2014-01-25 09:04:10.352640000,126.7418329083871
524,8.852859666666667,8.887352111111111,90.0,90.0,876.043125,48.0,2014-01-26 09:43:45.592320008,127.70634884129032
525,8.84588465909091,8.75579534090909,88.0,88.0,875.9202083333333,48.0,2014-01-27 10:23:20.832000008,128.67086477419355
526,8.731947840909092,8.70709375,88.0,88.0,876.4991666666666,48.0,2014-01-28 11:02:56.071680008,129.63538070709677
527,8.707619888888889,8.605870555555557,90.0,90.0,879.218125,48.0,2014-01-29 11:42:31.311360000,130.59989664
528,8.821106022727273,8.694917386363636,88.0,88.0,871.7410416666667,48.0,2014-01-30 12:22:06.551040000,131.56441257290322
529,8.652659550561797,8.39757202247191,89.0,89.0,868.6039583333333,48.0,2014-01-31 13:01:41.790720000,132.52892850580645
530,8.683505681818183,8.39274409090909,88.0,88.0,868.8422916666667,48.0,2014-02-01 13:41:17.030399999,133.49344443870967
531,8.650332873563219,8.464343218390805,87.0,87.0,869.1418749999999,48.0,2014-02-02 14:20:52.270080000,134.4579603716129
532,8.659565113636363,8.449135113636364,88.0,88.0,870.5066666666667,48.0,2014-02-03 15:00:27.509760000,135.42247630451612
533,8.731022471910112,8.62404,89.0,89.0,871.6239583333332,48.0,2014-02-04 15:40:02.749440008,136.38699223741935
534,8.65950606741573,8.374908651685393,89.0,89.0,865.301875,48.0,2014-02-05 16:19:37.989120008,137.35150817032257
535,8.668363409090908,8.531266363636364,88.0,88.0,864.581875,48.0,2014-02-06 16:59:13.228800000,138.3160241032258
536,8.425556818181818,8.183783068181818,88.0,88.0,862.6004166666667,48.0,2014-02-07 17:38:48.468480000,139.28054003612903
537,8.370855795454546,8.105859204545455,88.0,88.0,861.1747916666667,48.0,2014-02-08 18:18:23.708160000,140.24505596903225
538,8.416073370786517,8.304471011235956,89.0,89.0,862.9031249999999,48.0,2014-02-09 18:57:58.947840000,141.20957190193548
539,8.63484,8.30886918032787,61.0,61.0,860.2777083333334,48.0,2014-02-10 19:37:34.187520000,142.1740878348387
540,8.646487727272728,8.53938056818182,88.0,88.0,861.5008333333334,48.0,2014-02-11 20:17:09.427200008,143.13860376774193
541,8.576116477272727,8.435749431818182,88.0,88.0,856.9872916666667,48.0,2014-02-12 20:56:44.666880008,144.10311970064515
542,8.816644222222221,8.653795333333333,90.0,90.0,853.834375,48.0,2014-02-13 21:36:19.906560008,145.06763563354838
543,8.741830113636365,8.56521090909091,88.0,88.0,863.9610416666666,48.0,2014-02-14 22:15:55.146240000,146.0321515664516
544,8.638972500000001,8.524272386363636,88.0,88.0,856.2847916666666,48.0,2014-02-15 22:55:30.385920000,145.50640347428572
545,8.644705111111112,8.700757,90.0,90.0,855.1727083333334,48.0,2014-02-16 23:35:05.625600000,144.8678910857143
546,8.435144772727272,8.214295113636364,88.0,88.0,851.6539583333333,48.0,2014-02-18 00:14:40.865280000,144.22937869714286
547,8.378062777777778,8.271234444444445,90.0,90.0,848.859375,48.0,2014-02-19 00:54:16.104960000,143.59086630857144
548,8.456809090909092,8.333928977272727,88.0,88.0,852.1189583333334,48.0,2014-02-20 01:33:51.344640000,142.95235392
549,8.476315505617977,8.411422696629213,89.0,89.0,850.1310416666666,48.0,2014-02-21 02:13:26.584320008,142.31384153142855
550,8.593295955056181,8.381199101123595,89.0,89.0,849.4202083333333,48.0,2014-02-22 02:53:01.824000008,141.67532914285712
551,8.45934125,8.22988840909091,88.0,88.0,851.6560416666666,48.0,2014-02-23 03:32:37.063680000,141.0368167542857
552,8.385726629213483,8.344954719101123,89.0,89.0,843.6279166666667,48.0,2014-02-24 04:12:12.303360000,140.39830436571427
553,8.42830590909091,8.369848409090908,88.0,88.0,839.0333333333333,48.0,2014-02-25 04:51:47.543040000,139.75979197714284
554,8.694472359550561,8.426117191011237,89.0,89.0,840.1122916666667,48.0,2014-02-26 05:31:22.782720000,139.1212795885714
555,8.482113684210526,8.376797894736843,57.0,57.0,853.6097916666668,48.0,2014-02-27 06:10:58.022400000,138.48276719999998
556,7.606217777777778,7.31004611111111,18.0,18.0,841.715,48.0,2014-02-28 06:50:33.262080008,137.84425481142856
557,7.511291785714286,7.277484285714286,28.0,28.0,840.2729166666667,48.0,2014-03-01 07:30:08.501760008,137.20574242285713
558,8.03751851851852,7.723872962962963,27.0,27.0,839.2102083333333,48.0,2014-03-02 08:09:43.741440008,136.5672300342857
559,8.023448648648648,8.09548891891892,37.0,37.0,833.138125,48.0,2014-03-03 08:49:18.981120000,135.92871764571427
560,8.317893833333333,8.261019666666666,60.0,60.0,833.24625,48.0,2014-03-04 09:28:54.220800000,135.29020525714284
561,8.337508977272726,8.130635,88.0,88.0,829.726875,48.0,2014-03-05 10:08:29.460480000,134.65169286857142
562,8.358568876404496,8.069447078651685,89.0,89.0,836.2710416666667,48.0,2014-03-06 10:48:04.700160000,134.01318048
563,8.346785795454545,8.240976590909092,88.0,88.0,834.4220833333334,48.0,2014-03-07 11:27:39.939840000,133.37466809142856
564,8.59243655737705,8.394243442622951,61.0,61.0,830.8649999999999,48.0,2014-03-08 12:07:15.179519999,132.73615570285713
565,8.400610786516854,8.319392247191011,89.0,89.0,825.9714583333333,48.0,2014-03-09 12:46:50.419200008,132.0976433142857
566,8.475080185185185,8.346872037037038,54.0,54.0,822.3354166666667,48.0,2014-03-10 13:26:25.658880008,131.45913092571428
567,8.477817415730337,8.260229550561798,89.0,89.0,827.526875,48.0,2014-03-11 14:06:00.898560000,130.82061853714285
568,8.61807625,8.502771363636363,88.0,88.0,824.8783333333334,48.0,2014-03-12 14:45:36.138240000,130.18210614857142
569,8.616606516853933,8.542862584269663,89.0,89.0,822.6279166666667,48.0,2014-03-13 15:25:11.377920000,129.54359376
570,8.41343344262295,8.337850491803279,61.0,61.0,818.4454166666666,48.0,2014-03-14 16:04:46.617600000,128.90508137142857
571,8.466884886363637,8.363926931818183,88.0,88.0,817.0283333333333,48.0,2014-03-15 16:44:21.857280000,128.33551296
572,8.760754431818183,8.662113636363635,88.0,88.0,813.441875,48.0,2014-03-16 17:23:57.096960008,127.79856594580644
573,8.43945224137931,8.367093620689655,58.0,58.0,818.5204166666667,48.0,2014-03-17 18:03:32.336640008,127.26161893161289
574,8.572110483870969,8.51254870967742,62.0,62.0,815.9270833333334,48.0,2014-03-18 18:43:07.576320008,126.72467191741934
575,8.400887159090908,8.307262954545454,88.0,88.0,820.2629166666667,48.0,2014-03-19 19:22:42.816000000,126.1877249032258
576,8.660832159090909,8.610035227272727,88.0,88.0,811.6145833333334,48.0,2014-03-20 20:02:18.055680000,125.65077788903226
577,8.612637303370786,8.444084831460675,89.0,89.0,812.9172916666666,48.0,2014-03-21 20:41:53.295360000,125.1138308748387
578,8.645627727272727,8.501866022727272,88.0,88.0,801.8641666666667,48.0,2014-03-22 21:21:28.535040000,124.57688386064515
579,8.567959272727272,8.562741818181818,55.0,55.0,805.5495833333333,48.0,2014-03-23 22:01:03.774720000,124.03993684645161
580,8.585695568181817,8.438317727272727,88.0,88.0,808.1114583333333,48.0,2014-03-24 22:40:39.014400000,123.50298983225805
581,8.621345681818182,8.642349886363636,88.0,88.0,808.2570833333333,48.0,2014-03-25 23:20:14.254080008,122.96604281806451
582,8.585873295454546,8.438816818181818,88.0,88.0,802.0833333333334,48.0,2014-03-26 23:59:49.493760008,122.42909580387096
583,8.522996818181818,8.480590795454544,88.0,88.0,801.7964583333334,48.0,2014-03-28 00:39:24.733440000,121.8921487896774
584,8.439873146067416,8.322035393258426,89.0,89.0,800.098125,48.0,2014-03-29 01:18:59.973120000,121.35520177548386
585,8.502097356321839,8.298634137931035,87.0,87.0,799.6335416666667,48.0,2014-03-30 01:58:35.212800000,120.81825476129032
586,8.45478409090909,8.267254545454547,88.0,88.0,801.918125,48.0,2014-03-31 02:38:10.452480000,120.28130774709678
587,8.663423370786516,8.554778426966292,89.0,89.0,797.8945833333333,48.0,2014-04-01 03:17:45.692160000,119.74436073290322
588,8.564268876404494,8.597945730337079,89.0,89.0,796.1102083333334,48.0,2014-04-02 03:57:20.931840008,119.20741371870967
589,8.65769179775281,8.664679438202247,89.0,89.0,795.7135416666666,48.0,2014-04-03 04:36:56.171520008,118.67046670451613
590,8.575677888888888,8.441067777777779,90.0,90.0,791.5487499999999,48.0,2014-04-04 05:16:31.411200008,118.13351969032257
591,8.662732613636363,8.519296477272727,88.0,88.0,794.460625,48.0,2014-04-05 05:56:06.650880000,117.59657267612903
592,8.606818876404494,8.58425808988764,89.0,89.0,797.5829166666667,48.0,2014-04-06 06:35:41.890560000,117.05962566193548
593,8.81842534090909,8.940012159090909,88.0,88.0,793.3929166666667,48.0,2014-04-07 07:15:17.130240000,116.52267864774193
594,8.468142359550562,8.242524157303372,89.0,89.0,792.1985416666666,48.0,2014-04-08 07:54:52.369919999,115.98573163354838
595,8.49114693181818,8.407854318181817,88.0,88.0,789.2170833333333,48.0,2014-04-09 08:34:27.609600000,115.44878461935484
596,8.529590574712644,8.302633333333334,87.0,87.0,797.4720833333334,48.0,2014-04-10 09:14:02.849280000,114.91183760516128
597,8.385375666666667,8.382026555555555,90.0,90.0,781.1658333333334,48.0,2014-04-11 09:53:38.088960008,114.37489059096774
598,8.428556477272728,8.245373522727272,88.0,88.0,794.305625,48.0,2014-04-12 10:33:13.328640008,113.8379435767742
599,8.469566136363637,8.242674204545454,88.0,88.0,788.0364583333334,48.0,2014-04-13 11:12:48.568320000,113.30099656258065
600,8.473678876404495,8.238802921348315,89.0,89.0,797.2447916666666,48.0,2014-04-14 11:52:23.808000000,112.76404954838709
601,8.453830454545455,8.275264886363637,88.0,88.0,770.67875,48.0,2014-04-15 12:31:59.047680000,112.5
602,8.345399848484847,8.232681818181817,66.0,66.0,786.27625,48.0,2014-04-16 13:11:34.287360000,112.5
603,8.508703863636363,8.484977500000001,88.0,88.0,782.4270833333334,48.0,2014-04-17 13:51:09.527040000,112.5
604,8.469574615384616,8.270216346153846,52.0,52.0,778.574375,48.0,2014-04-18 14:30:44.766720008,112.5
605,8.695068522727272,8.510791704545454,88.0,88.0,780.258125,48.0,2014-04-19 15:10:20.006400008,112.5
606,8.579463522727274,8.494166136363637,88.0,88.0,779.1520833333334,48.0,2014-04-20 15:49:55.246080008,112.5
607,8.105019550561797,7.841347078651686,89.0,89.0,772.5608333333333,48.0,2014-04-21 16:29:30.485759999,112.5
608,8.152977386363636,7.830921363636364,88.0,88.0,769.03625,48.0,2014-04-22 17:09:05.725440000,112.5
609,8.306241034482758,8.038837471264369,87.0,87.0,770.3441666666666,48.0,2014-04-23 17:48:40.965120000,112.5
610,8.31760988764045,7.955413370786517,89.0,89.0,774.9318749999999,48.0,2014-04-24 18:28:16.204800000,112.5
611,8.226755113636363,7.951803636363636,88.0,88.0,766.1970833333334,48.0,2014-04-25 19:07:51.444480000,112.5
612,8.205349775280899,7.932101460674158,89.0,89.0,769.0241666666667,48.0,2014-04-26 19:47:26.684160000,112.5
613,8.215278988764044,7.895910786516853,89.0,89.0,766.5704166666666,48.0,2014-04-27 20:27:01.923840008,112.5
614,8.322031071428572,7.991347678571429,56.0,56.0,763.7372916666667,48.0,2014-04-28 21:06:37.163520008,112.5
615,8.365338539325842,8.132466404494382,89.0,89.0,768.6589583333333,48.0,2014-04-29 21:46:12.403200000,112.5
616,8.495891818181818,8.221766363636364,88.0,88.0,768.995625,48.0,2014-04-30 22:25:47.642880000,112.5
617,8.609593033707865,8.478203258426966,89.0,89.0,750.8885416666667,48.0,2014-05-01 23:05:22.882560000,112.5
618,8.554106363636363,8.325893522727272,88.0,88.0,763.4260416666666,48.0,2014-05-02 23:44:58.122240000,112.5
619,8.610968735632184,8.459038620689656,87.0,87.0,759.7370833333333,48.0,2014-05-04 00:24:33.361920000,112.5
620,8.584810674157303,8.41616393258427,89.0,89.0,756.0008333333334,48.0,2014-05-05 01:04:08.601600008,112.5
621,8.6073675,8.381962045454545,88.0,88.0,760.3072916666666,48.0,2014-05-06 01:43:43.841280008,112.5
622,8.449310786516854,8.203546516853933,89.0,89.0,761.4402083333333,48.0,2014-05-07 02:23:19.080960008,112.5
623,8.517633370786518,8.186472808988764,89.0,89.0,756.2495833333334,48.0,2014-05-08 03:02:54.320640000,112.5
624,8.529732045454544,8.284553295454545,88.0,88.0,757.7756250000001,48.0,2014-05-09 03:42:29.560320000,112.5
625,8.514177191011235,8.203803370786517,89.0,89.0,758.38625,48.0,2014-05-10 04:22:04.800000000,112.5
626,8.522983103448276,8.334800114942528,87.0,87.0,761.6254166666666,48.0,2014-05-11 05:01:40.039680000,112.5
627,8.392805222222222,8.243974333333332,90.0,90.0,757.4983333333333,48.0,2014-05-12 05:41:15.279360000,112.5
628,8.640141494252873,8.433176436781608,87.0,87.0,759.1975000000001,48.0,2014-05-13 06:20:50.519039999,112.5
629,8.686057954545454,8.450333863636363,88.0,88.0,761.5654166666667,48.0,2014-05-14 07:00:25.758720008,112.5
630,8.870279775280899,8.890817528089888,89.0,89.0,751.3693750000001,48.0,2014-05-15 07:40:00.998400008,112.40107169032258
631,8.89487625,8.86016659090909,88.0,88.0,756.2183333333334,48.0,2014-05-16 08:19:36.238080000,112.08288086709678
632,8.7323875,8.68995340909091,88.0,88.0,751.49625,48.0,2014-05-17 08:59:11.477760000,111.76469004387097
633,8.690753846153846,8.574922461538462,65.0,65.0,751.3997916666667,48.0,2014-05-18 09:38:46.717440000,111.44649922064517
634,8.822431272727274,8.900928,55.0,55.0,753.91125,48.0,2014-05-19 10:18:21.957120000,111.12830839741936
635,8.782561777777778,8.742132777777778,90.0,90.0,748.6010416666667,48.0,2014-05-20 10:57:57.196800000,110.81011757419355
636,8.94202534090909,8.875030568181819,88.0,88.0,756.4006250000001,48.0,2014-05-21 11:37:32.436480008,110.49192675096775
637,8.843716363636362,8.904720454545455,88.0,88.0,748.6227083333333,48.0,2014-05-22 12:17:07.676160008,110.17373592774194
638,8.650785555555556,8.513656777777777,90.0,90.0,753.5020833333333,48.0,2014-05-23 12:56:42.915840008,109.85554510451612
639,8.47524340909091,8.27396875,88.0,88.0,751.8068750000001,48.0,2014-05-24 13:36:18.155520000,109.53735428129032
640,8.524567159090909,8.379035681818182,88.0,88.0,749.6935416666666,48.0,2014-05-25 14:15:53.395200000,109.21916345806451
641,8.621569431818182,8.467908409090908,88.0,88.0,744.138125,48.0,2014-05-26 14:55:28.634879999,108.90097263483871
642,8.688032643678161,8.470568390804598,87.0,87.0,747.7670833333333,48.0,2014-05-27 15:35:03.874560000,108.5827818116129
643,8.669182068965517,8.672905862068966,58.0,58.0,745.2966666666666,48.0,2014-05-28 16:14:39.114240000,108.2645909883871
644,8.673852613636363,8.610196704545455,88.0,88.0,744.1114583333333,48.0,2014-05-29 16:54:14.353920000,107.9464001651613
645,8.61371213483146,8.485027528089889,89.0,89.0,747.3445833333334,48.0,2014-05-30 17:33:49.593600008,107.62820934193549
646,8.725113396226416,8.619168679245282,53.0,53.0,745.7947916666667,48.0,2014-05-31 18:13:24.833280008,107.31001851870968
647,8.774913707865169,8.797687752808988,89.0,89.0,749.38375,48.0,2014-06-01 18:53:00.072960000,106.99182769548388
648,8.771008202247192,8.629165730337078,89.0,89.0,744.9816666666667,48.0,2014-06-02 19:32:35.312640000,106.67363687225807
649,8.774553181818181,8.824814204545454,88.0,88.0,742.0041666666666,48.0,2014-06-03 20:12:10.552320000,106.35544604903227
650,8.871938863636364,8.726869431818182,88.0,88.0,743.8795833333334,48.0,2014-06-04 20:51:45.792000000,106.03725522580646
651,8.795831704545455,8.82282931818182,88.0,88.0,741.6891666666667,48.0,2014-06-05 21:31:21.031680000,105.71906440258066
652,8.918863522727273,8.76414875,88.0,88.0,745.7325000000001,48.0,2014-06-06 22:10:56.271360008,105.40087357935485
653,8.75585380952381,8.719778095238095,21.0,21.0,743.0410416666667,48.0,2014-06-07 22:50:31.511040008,105.08268275612903
654,8.965706818181818,8.84688159090909,88.0,88.0,741.6829166666666,48.0,2014-06-08 23:30:06.750720008,104.76449193290323
655,8.857515444444443,8.741869999999999,90.0,90.0,738.1231250000001,48.0,2014-06-10 00:09:41.990400000,104.44630110967742
656,8.78356625,8.722783636363637,88.0,88.0,745.5675,48.0,2014-06-11 00:49:17.230080000,104.12811028645162
657,8.771417613636364,8.753020795454544,88.0,88.0,734.5204166666667,48.0,2014-06-12 01:28:52.469760000,103.80991946322581
658,8.942156590909091,8.861139886363636,88.0,88.0,739.5758333333333,48.0,2014-06-13 02:08:27.709440000,103.49172864
659,8.868801022727272,8.766122727272728,88.0,88.0,736.9154166666667,48.0,2014-06-14 02:48:02.949120000,103.1735378167742
660,8.892467727272727,8.787299318181818,88.0,88.0,733.9237499999999,48.0,2014-06-15 03:27:38.188799999,102.88702272
661,8.829835000000001,9.104052580645162,62.0,62.0,731.865625,48.0,2014-06-16 04:07:13.428480008,102.794548512
662,8.567889545454547,8.55881875,88.0,88.0,732.5479166666668,48.0,2014-06-17 04:46:48.668160008,102.702074304
663,8.451467528089887,8.233362696629213,89.0,89.0,734.7152083333334,48.0,2014-06-18 05:26:23.907840000,102.60960009600001
664,8.420566931818183,8.209114204545456,88.0,88.0,733.5614583333332,48.0,2014-06-19 06:05:59.147520000,102.51712588800001
665,8.390446333333333,8.260151833333333,60.0,60.0,731.52,48.0,2014-06-20 06:45:34.387200000,102.42465168000001
666,8.370370561797753,8.118253033707866,89.0,89.0,740.2443750000001,48.0,2014-06-21 07:25:09.626880000,102.33217747200001
667,8.400424482758622,8.16604988505747,87.0,87.0,732.2716666666666,48.0,2014-06-22 08:04:44.866560000,102.239703264
668,8.37197,8.365608988764045,89.0,89.0,726.8658333333333,48.0,2014-06-23 08:44:20.106240008,102.147229056
669,8.382251931818182,8.243720795454545,88.0,88.0,735.0414583333333,48.0,2014-06-24 09:23:55.345920008,102.054754848
670,8.522348000000001,8.441038769230769,65.0,65.0,738.6839583333334,48.0,2014-06-25 10:03:30.585600008,101.96228064
671,8.396123977272728,8.271737272727272,88.0,88.0,738.68125,48.0,2014-06-26 10:43:05.825280000,101.869806432
672,8.457288461538461,8.366141692307693,65.0,65.0,736.8183333333333,48.0,2014-06-27 11:22:41.064960000,101.777332224
673,8.514315161290323,8.289066774193548,62.0,62.0,737.6083333333332,48.0,2014-06-28 12:02:16.304640000,101.684858016
674,8.523198295454547,8.53588659090909,88.0,88.0,736.5852083333333,48.0,2014-06-29 12:41:51.544320000,101.59238380800001
675,8.52096159090909,8.352240795454547,88.0,88.0,740.4089583333333,48.0,2014-06-30 13:21:26.784000000,101.49990960000001
676,8.615600222222222,8.477671333333333,90.0,90.0,746.21625,48.0,2014-07-01 14:01:02.023680000,101.40743539200001
677,8.540927191011235,8.488382808988764,89.0,89.0,736.6379166666667,48.0,2014-07-02 14:40:37.263360008,101.314961184
678,8.521331123595505,8.43005606741573,89.0,89.0,737.4677083333332,48.0,2014-07-03 15:20:12.503040008,101.222486976
679,8.487856612903226,8.432512096774193,62.0,62.0,734.5410416666667,48.0,2014-07-04 15:59:47.742720000,101.130012768
680,8.53579947368421,8.328915263157896,19.0,19.0,733.8789583333333,48.0,2014-07-05 16:39:22.982400000,101.03753856
681,8.585364494382022,8.446584606741574,89.0,89.0,738.1189583333334,48.0,2014-07-06 17:18:58.222080000,100.945064352
682,8.699971264367816,8.446603678160919,87.0,87.0,738.6810416666667,48.0,2014-07-07 17:58:33.461759999,100.852590144
683,8.763348214285715,8.790246785714286,56.0,56.0,739.6304166666667,48.0,2014-07-08 18:38:08.701440000,100.760115936
684,8.545487954545454,8.340274204545453,88.0,88.0,735.9077083333333,48.0,2014-07-09 19:17:43.941120008,100.667641728
685,8.494806666666667,8.286601379310344,87.0,87.0,729.0379166666667,48.0,2014-07-10 19:57:19.180800008,100.57516752000001
686,8.535349550561797,8.37205382022472,89.0,89.0,736.3372916666667,48.0,2014-07-11 20:36:54.420480008,100.48269331200001
687,8.661208636363638,8.479436022727272,88.0,88.0,738.9118749999999,48.0,2014-07-12 21:16:29.660160000,100.39021910400001
688,8.700267528089887,8.714133033707865,89.0,89.0,749.3808333333333,48.0,2014-07-13 21:56:04.899840000,100.297744896
689,8.60748171875,8.48461859375,64.0,64.0,741.2070833333333,48.0,2014-07-14 22:35:40.139520000,100.205270688
690,8.584146896551724,8.494747816091953,87.0,87.0,732.2789583333333,48.0,2014-07-15 23:15:15.379200000,100.40941347096775
691,8.390687362637363,8.41888989010989,91.0,91.0,736.1345833333334,48.0,2014-07-16 23:54:50.618880000,100.63148414967742
692,8.513923636363636,8.466039545454546,88.0,88.0,735.6247916666666,48.0,2014-07-18 00:34:25.858559999,100.8535548283871
693,8.704234444444445,8.519063148148147,54.0,54.0,739.9927083333333,48.0,2014-07-19 01:14:01.098240008,101.07562550709677
694,8.5244765,8.484298,60.0,60.0,737.495,48.0,2014-07-20 01:53:36.337920008,101.29769618580646
695,8.7400625,8.739428863636364,88.0,88.0,739.2329166666667,48.0,2014-07-21 02:33:11.577600000,101.51976686451613
696,8.833552888888889,8.828446333333334,90.0,90.0,740.5293750000001,48.0,2014-07-22 03:12:46.817280000,101.74183754322581
697,8.903706931818181,8.816632840909092,88.0,88.0,743.606875,48.0,2014-07-23 03:52:22.056960000,101.96390822193548
698,8.815527613636364,8.7915125,88.0,88.0,743.004375,48.0,2014-07-24 04:31:57.296639999,102.18597890064517
699,8.785742444444445,8.667939444444444,90.0,90.0,730.719375,48.0,2014-07-25 05:11:32.536320000,102.40804957935484
700,8.742923103448277,8.662524942528735,87.0,87.0,740.7195833333334,48.0,2014-07-26 05:51:07.776000008,102.63012025806452
701,8.632823146067416,8.617315056179775,89.0,89.0,746.5402083333333,48.0,2014-07-27 06:30:43.015680008,102.85219093677419
702,8.683129325842696,8.79993404494382,89.0,89.0,745.2904166666667,48.0,2014-07-28 07:10:18.255360008,103.07426161548388
703,8.92624323076923,8.966045692307691,65.0,65.0,744.5225,48.0,2014-07-29 07:49:53.495040000,103.29633229419355
704,8.810879431818181,8.737256477272727,88.0,88.0,747.9585416666667,48.0,2014-07-30 08:29:28.734719999,103.51840297290323
705,8.8033853125,8.949151562499999,64.0,64.0,747.4118750000001,48.0,2014-07-31 09:09:03.974400000,103.7404736516129
706,8.753236292134831,8.791654606741574,89.0,89.0,744.20375,48.0,2014-08-01 09:48:39.214080000,103.96254433032259
707,8.528236461538462,8.328367230769231,65.0,65.0,753.4683333333334,48.0,2014-08-02 10:28:14.453760000,104.18461500903226
708,8.61646655172414,8.588823678160919,87.0,87.0,748.7214583333333,48.0,2014-08-03 11:07:49.693440000,104.40668568774194
709,8.572703432835821,8.69362432835821,67.0,67.0,747.8093749999999,48.0,2014-08-04 11:47:24.933120008,104.62875636645161
710,8.779291590909091,8.689396022727273,88.0,88.0,748.7362499999999,48.0,2014-08-05 12:27:00.172800008,104.8508270451613
711,8.523192777777778,8.499111777777777,90.0,90.0,746.009375,48.0,2014-08-06 13:06:35.412480000,105.07289772387097
712,8.653768409090908,8.386415568181818,88.0,88.0,754.4508333333333,48.0,2014-08-07 13:46:10.652160000,105.29496840258065
713,8.685841123595505,8.640622696629213,89.0,89.0,754.9589583333333,48.0,2014-08-08 14:25:45.891840000,105.51703908129033
714,8.70777595505618,8.662587303370787,89.0,89.0,755.3268750000001,48.0,2014-08-09 15:05:21.131520000,105.73910976
715,8.696313181818182,8.567780568181819,88.0,88.0,750.19625,48.0,2014-08-10 15:44:56.371200000,105.96118043870969
716,8.686691904761904,8.593581111111112,63.0,63.0,750.335625,48.0,2014-08-11 16:24:31.610880008,106.18325111741936
717,8.856386477272729,8.77900693181818,88.0,88.0,754.36125,48.0,2014-08-12 17:04:06.850560008,106.40532179612904
718,8.66377409090909,8.62788034090909,88.0,88.0,758.5770833333332,48.0,2014-08-13 17:43:42.090240008,106.62739247483871
719,8.83979,8.864377333333334,90.0,90.0,762.2045833333333,48.0,2014-08-14 18:23:17.329920000,106.8494631535484
720,8.823323483146067,8.723371685393259,89.0,89.0,771.7929166666667,48.0,2014-08-15 19:02:52.569600000,107.49140769032259
721,8.941199195402298,8.862603793103448,87.0,87.0,763.2531250000001,48.0,2014-08-16 19:42:27.809280000,108.25705435870968
722,8.96631875,8.8249228125,64.0,64.0,751.0991666666667,48.0,2014-08-17 20:22:03.048960000,109.02270102709679
723,8.869237272727274,8.89913215909091,88.0,88.0,763.6227083333333,48.0,2014-08-18 21:01:38.288640000,109.78834769548388
724,8.788306896551724,8.819188735632183,87.0,87.0,768.1002083333333,48.0,2014-08-19 21:41:13.528320000,110.55399436387097
725,8.809702584269663,8.717747865168539,89.0,89.0,768.3697916666666,48.0,2014-08-20 22:20:48.768000008,111.31964103225806
726,8.81418875,8.808908295454545,88.0,88.0,768.1216666666666,48.0,2014-08-21 23:00:24.007680008,112.08528770064517
727,9.058829204545454,8.924354204545454,88.0,88.0,763.0879166666667,48.0,2014-08-22 23:39:59.247360000,112.85093436903226
728,9.05466988764045,9.019258539325843,89.0,89.0,766.1122916666667,48.0,2014-08-24 00:19:34.487040000,113.61658103741937
729,9.187561818181818,9.271738863636363,88.0,88.0,765.8866666666667,48.0,2014-08-25 00:59:09.726720000,114.38222770580646
730,9.060427386363637,9.166918295454545,88.0,88.0,774.2320833333333,48.0,2014-08-26 01:38:44.966400000,115.14787437419355
731,9.161654555555556,9.304312666666666,90.0,90.0,770.6483333333334,48.0,2014-08-27 02:18:20.206080000,115.91352104258065
732,8.985307752808989,8.917405056179776,89.0,89.0,760.00875,48.0,2014-08-28 02:57:55.445760008,116.67916771096775
733,9.049023977272727,9.265100795454545,88.0,88.0,760.7033333333334,48.0,2014-08-29 03:37:30.685440008,117.44481437935484
734,9.013360454545454,9.015539431818182,88.0,88.0,763.6520833333334,48.0,2014-08-30 04:17:05.925120008,118.21046104774194
735,9.125153295454545,9.207184204545454,88.0,88.0,772.085,48.0,2014-08-31 04:56:41.164800008,118.97610771612904
736,9.055278,9.07929,90.0,90.0,776.7452083333333,48.0,2014-09-01 05:36:16.404480000,119.74175438451613
737,12.143115939849624,12.624419548872181,133.0,133.0,770.490625,48.0,2014-09-02 06:15:51.644160000,120.50740105290323
738,11.046664022988505,11.245055402298851,87.0,87.0,770.8054166666667,48.0,2014-09-03 06:55:26.883839999,121.27304772129033
739,10.096715438596492,10.10316894736842,57.0,57.0,776.5177083333333,48.0,2014-09-04 07:35:02.123520000,122.03869438967742
740,9.089884269662921,9.146104157303371,89.0,89.0,778.7972916666666,48.0,2014-09-05 08:14:37.363200000,122.80434105806452
741,8.418286250000001,8.141017272727273,88.0,88.0,788.0368749999999,48.0,2014-09-06 08:54:12.602880008,123.56998772645161
742,8.460970909090909,8.187467840909092,88.0,88.0,791.3070833333333,48.0,2014-09-07 09:33:47.842560008,124.3356343948387
743,8.617791590909091,8.47980125,88.0,88.0,792.1289583333333,48.0,2014-09-08 10:13:23.082240008,125.10128106322581
744,8.684255340909091,8.501866249999999,88.0,88.0,789.250625,48.0,2014-09-09 10:52:58.321920000,125.8669277316129
745,8.780715617977528,8.549686629213483,89.0,89.0,788.9841666666666,48.0,2014-09-10 11:32:33.561600000,126.63257440000001
746,9.065162808988765,8.953746179775282,89.0,89.0,789.3775,48.0,2014-09-11 12:12:08.801280000,127.3982210683871
747,8.668934269662921,8.623772471910113,89.0,89.0,790.7366666666667,48.0,2014-09-12 12:51:44.040960000,128.1638677367742
748,8.72523820224719,8.680087640449438,89.0,89.0,796.3939583333332,48.0,2014-09-13 13:31:19.280640008,128.92951440516129
749,8.72560909090909,8.663975681818181,88.0,88.0,795.2575,48.0,2014-09-14 14:10:54.520320008,129.69516107354838
750,8.910536404494382,8.792907865168539,89.0,89.0,796.82375,48.0,2014-09-15 14:50:29.760000008,129.17546666666667
751,9.061477272727272,9.260618181818181,88.0,88.0,793.3137499999999,48.0,2014-09-16 15:30:04.999680008,127.8054784
752,9.138910227272728,9.235954772727272,88.0,88.0,793.8260416666667,48.0,2014-09-17 16:09:40.239360000,126.43549013333333
753,9.346766461538461,9.420206307692307,65.0,65.0,799.7508333333334,48.0,2014-09-18 16:49:15.479040000,125.06550186666666
754,9.085410674157304,9.056786629213482,89.0,89.0,803.4777083333333,48.0,2014-09-19 17:28:50.718720000,123.6955136
755,9.146486136363636,9.157780227272726,88.0,88.0,805.9566666666666,48.0,2014-09-20 18:08:25.958400000,122.32552533333333
756,8.963250561797752,9.06527,89.0,89.0,803.948125,48.0,2014-09-21 18:48:01.198080000,120.95553706666666
757,9.032088636363637,8.912313295454545,88.0,88.0,807.6314583333333,48.0,2014-09-22 19:27:36.437760008,119.5855488
758,8.862769886363637,8.802778977272727,88.0,88.0,806.9872916666667,48.0,2014-09-23 20:07:11.677440008,118.21556053333333
759,8.835585,8.788902499999999,88.0,88.0,805.9991666666666,48.0,2014-09-24 20:46:46.917120008,116.84557226666666
760,8.865855454545455,8.819762954545455,88.0,88.0,815.330625,48.0,2014-09-25 21:26:22.156800000,115.475584
761,8.866387045454546,8.7599275,88.0,88.0,808.7589583333333,48.0,2014-09-26 22:05:57.396480000,114.10559573333333
762,8.865662134831462,8.752523033707865,89.0,89.0,812.5260416666666,48.0,2014-09-27 22:45:32.636160000,112.73560746666666
763,8.75559415730337,8.607254943820225,89.0,89.0,802.0683333333333,48.0,2014-09-28 23:25:07.875840000,111.3656192
764,8.49450011235955,8.356333483146066,89.0,89.0,817.8029166666666,48.0,2014-09-30 00:04:43.115520008,109.99563093333333
765,8.346103595505618,8.15266393258427,89.0,89.0,809.468125,48.0,2014-10-01 00:44:18.355200008,108.62564266666666
766,8.464181587301587,8.217432857142857,63.0,63.0,824.2577083333334,48.0,2014-10-02 01:23:53.594880008,107.2556544
767,8.589810689655172,8.473902758620689,58.0,58.0,823.4639583333333,48.0,2014-10-03 02:03:28.834560008,105.88566613333333
768,8.396297191011236,8.231456516853934,89.0,89.0,825.645,48.0,2014-10-04 02:43:04.074240000,104.51567786666666
769,8.57450306818182,8.389796477272727,88.0,88.0,822.3202083333334,48.0,2014-10-05 03:22:39.313920000,103.1456896
770,8.38912375,8.321430909090909,88.0,88.0,821.3927083333333,48.0,2014-10-06 04:02:14.553600000,101.77570133333333
771,8.48128213483146,8.369909550561799,89.0,89.0,834.1237500000001,48.0,2014-10-07 04:41:49.793280000,100.40571306666666
772,8.661900000000001,8.553246363636363,88.0,88.0,839.0516666666667,48.0,2014-10-08 05:21:25.032960000,99.0357248
773,8.734131333333334,8.666816444444445,90.0,90.0,841.1170833333334,48.0,2014-10-09 06:01:00.272640008,97.66573653333333
774,8.944301609195401,8.862524712643678,87.0,87.0,835.8572916666667,48.0,2014-10-10 06:40:35.512320008,96.29574826666666
775,9.034355172413793,9.084800114942528,87.0,87.0,833.9633333333333,48.0,2014-10-11 07:20:10.752000008,94.92576
776,9.02757775280899,9.07953606741573,89.0,89.0,838.09875,48.0,2014-10-12 07:59:45.991680000,93.55577173333333
777,9.28106011111111,9.52708088888889,90.0,90.0,835.8372916666667,48.0,2014-10-13 08:39:21.231360000,92.18578346666666
778,9.161036888888889,9.271353222222222,90.0,90.0,846.5577083333333,48.0,2014-10-14 09:18:56.471040000,90.8157952
779,9.334227499999999,9.43540409090909,88.0,88.0,844.9372916666666,48.0,2014-10-15 09:58:31.710720000,90.18234739612903
780,9.536499375,9.6326403125,32.0,32.0,848.2664583333334,48.0,2014-10-16 10:38:06.950400008,90.63311772903226
781,9.171451904761904,9.332971587301587,63.0,63.0,844.34875,48.0,2014-10-17 11:17:42.190080008,91.08388806193548
782,,,,,854.32375,48.0,2014-10-18 11:57:17.429760008,91.53465839483871
783,8.230095747126438,7.845105632183908,87.0,87.0,851.55125,48.0,2014-10-19 12:36:52.669440008,91.98542872774193
784,8.227365113636365,7.8406323863636365,88.0,88.0,856.41125,48.0,2014-10-20 13:16:27.909119999,92.43619906064517
785,8.228723766233767,7.89790987012987,77.0,77.0,849.7895833333333,48.0,2014-10-21 13:56:03.148800000,92.88696939354838
786,8.353288295454545,8.003031818181817,88.0,88.0,859.768125,48.0,2014-10-22 14:35:38.388480000,93.33773972645162
787,8.43213298245614,8.052254035087719,57.0,57.0,855.2204166666667,48.0,2014-10-23 15:15:13.628160000,93.78851005935483
788,8.358011931818181,8.123581818181817,88.0,88.0,863.0345833333334,48.0,2014-10-24 15:54:48.867840000,94.23928039225807
789,8.499785056179775,8.29845011235955,89.0,89.0,859.2933333333334,48.0,2014-10-25 16:34:24.107520008,94.69005072516129
790,8.595134431818183,8.403118068181819,88.0,88.0,862.34,48.0,2014-10-26 17:13:59.347200008,95.14082105806452
791,8.57840379310345,8.376820459770114,87.0,87.0,869.5389583333334,48.0,2014-10-27 17:53:34.586880008,95.59159139096774
792,8.599006404494382,8.327534044943821,89.0,89.0,871.7677083333333,48.0,2014-10-28 18:33:09.826560000,96.04236172387097
793,8.545594494382023,8.369846292134833,89.0,89.0,864.8858333333333,48.0,2014-10-29 19:12:45.066240000,96.49313205677419
794,8.668661011235956,8.642770561797754,89.0,89.0,870.3952083333334,48.0,2014-10-30 19:52:20.305920000,96.94390238967742
795,8.65847606741573,8.577794831460675,89.0,89.0,861.0766666666667,48.0,2014-10-31 20:31:55.545600000,97.39467272258064
796,8.80108908045977,8.649141264367815,87.0,87.0,880.1372916666666,48.0,2014-11-01 21:11:30.785280008,97.84544305548387
797,8.876260923076924,8.943049846153846,65.0,65.0,877.5235416666666,48.0,2014-11-02 21:51:06.024960008,98.29621338838709
798,8.732558,8.727760666666667,90.0,90.0,880.5377083333333,48.0,2014-11-03 22:30:41.264640008,98.74698372129032
799,8.743258636363636,8.701875,88.0,88.0,880.1972916666667,48.0,2014-11-04 23:10:16.504320008,99.19775405419354
800,8.643255168539325,8.503686292134832,89.0,89.0,875.9258333333333,48.0,2014-11-05 23:49:51.744000000,99.64852438709677
801,8.745122840909092,8.709413522727273,88.0,88.0,883.8591666666666,48.0,2014-11-07 00:29:26.983680000,100.09929471999999
802,8.67064191011236,8.690326629213484,89.0,89.0,890.2435416666667,48.0,2014-11-08 01:09:02.223360000,100.55006505290322
803,8.549485666666667,8.582414444444444,90.0,90.0,890.8762499999999,48.0,2014-11-09 01:48:37.463040000,101.00083538580645
804,8.655897078651686,8.50202573033708,89.0,89.0,890.5379166666667,48.0,2014-11-10 02:28:12.702720000,101.45160571870967
805,8.749012613636364,8.737589886363637,88.0,88.0,888.9270833333334,48.0,2014-11-11 03:07:47.942400008,101.90237605161289
806,9.037051931818182,9.008503409090908,88.0,88.0,902.6422916666667,48.0,2014-11-12 03:47:23.182080008,102.35314638451612
807,9.257785795454545,9.332988522727273,88.0,88.0,899.1264583333333,48.0,2014-11-13 04:26:58.421760008,102.80391671741936
808,9.22793264367816,9.386834367816093,87.0,87.0,899.508125,48.0,2014-11-14 05:06:33.661440000,103.25468705032257
809,9.312730898876405,9.432016853932584,89.0,89.0,894.2677083333333,48.0,2014-11-15 05:46:08.901120000,103.674518048
810,9.10411908045977,9.202579770114943,87.0,87.0,898.2077083333334,48.0,2014-11-16 06:25:44.140800000,103.99304031999999
811,9.01247625,9.06358225,80.0,80.0,906.9852083333334,48.0,2014-11-17 07:05:19.380480000,104.311562592
812,9.051068977272728,9.04468625,88.0,88.0,909.1052083333334,48.0,2014-11-18 07:44:54.620160008,104.630084864
813,8.914670113636364,8.846271136363637,88.0,88.0,909.9935416666667,48.0,2014-11-19 08:24:29.859840008,104.94860713599999
814,8.759781685393259,8.774298539325843,89.0,89.0,908.1245833333334,48.0,2014-11-20 09:04:05.099520008,105.267129408
815,8.877099222222222,8.774820666666667,90.0,90.0,907.9891666666667,48.0,2014-11-21 09:43:40.339200008,105.58565168
816,8.93268712643678,8.89449712643678,87.0,87.0,905.4883333333333,48.0,2014-11-22 10:23:15.578880000,105.904173952
817,8.879858131868131,8.947776813186813,91.0,91.0,915.55125,48.0,2014-11-23 11:02:50.818560000,106.222696224
818,8.879070568181819,8.713490681818183,88.0,88.0,909.8883333333333,48.0,2014-11-24 11:42:26.058240000,106.541218496
819,8.885937931034482,8.714423793103448,87.0,87.0,910.90875,48.0,2014-11-25 12:22:01.297920000,106.859740768
820,8.73187125,8.546145795454546,88.0,88.0,911.1808333333333,48.0,2014-11-26 13:01:36.537600000,107.17826304
821,8.593046551724138,8.431416551724137,87.0,87.0,892.8460416666667,48.0,2014-11-27 13:41:11.777280008,107.496785312
822,8.487055280898877,8.271827752808989,89.0,89.0,904.6389583333333,48.0,2014-11-28 14:20:47.016960008,107.815307584
823,8.37506215909091,8.18481159090909,88.0,88.0,899.8422916666667,48.0,2014-11-29 15:00:22.256640008,108.133829856
824,8.48369375,8.198592727272727,88.0,88.0,902.8916666666668,48.0,2014-11-30 15:39:57.496320000,108.452352128
825,8.297146292134832,8.136029438202247,89.0,89.0,906.8066666666667,48.0,2014-12-01 16:19:32.736000000,108.7708744
826,8.391778444444444,8.246068222222222,90.0,90.0,902.7975,48.0,2014-12-02 16:59:07.975680000,109.089396672
827,8.461665505617978,8.28363382022472,89.0,89.0,904.0791666666668,48.0,2014-12-03 17:38:43.215360000,109.407918944
828,8.507119310344827,8.341336666666667,87.0,87.0,910.1922916666667,48.0,2014-12-04 18:18:18.455040008,109.726441216
829,8.584053222222222,8.357293888888888,90.0,90.0,905.6152083333333,48.0,2014-12-05 18:57:53.694720008,110.04496348800001
830,8.543025340909091,8.479409204545455,88.0,88.0,925.1252083333334,48.0,2014-12-06 19:37:28.934400008,110.36348576
831,8.751878426966293,8.664518539325844,89.0,89.0,931.561875,48.0,2014-12-07 20:17:04.174080008,110.682008032
832,8.96612046511628,8.970274418604651,86.0,86.0,929.3322916666666,48.0,2014-12-08 20:56:39.413760000,111.00053030400001
833,8.968039431818182,8.999091477272726,88.0,88.0,928.6672916666666,48.0,2014-12-09 21:36:14.653440000,111.319052576
834,9.014435222222222,9.035628777777777,90.0,90.0,922.7389583333334,48.0,2014-12-10 22:15:49.893120000,111.637574848
835,9.104391279069768,9.159529534883722,86.0,86.0,924.8966666666666,48.0,2014-12-11 22:55:25.132800000,111.95609712000001
836,8.989367386363638,8.87152784090909,88.0,88.0,920.42625,48.0,2014-12-12 23:35:00.372480000,112.274619392
837,8.866916404494383,8.779849775280898,89.0,89.0,915.6595833333334,48.0,2014-12-14 00:14:35.612160008,112.593141664
838,8.701132954545455,8.630713636363636,88.0,88.0,922.9393749999999,48.0,2014-12-15 00:54:10.851840008,112.87584679225807
839,8.72487034090909,8.63524965909091,88.0,88.0,918.4997916666666,48.0,2014-12-16 01:33:46.091520008,112.21626373161291
840,8.838061573033707,8.712711573033708,89.0,89.0,915.6691666666667,48.0,2014-12-17 02:13:21.331200000,111.55668067096775
841,8.770753181818181,8.658771704545455,88.0,88.0,922.7891666666666,48.0,2014-12-18 02:52:56.570880000,110.89709761032259
842,8.577623,8.406888888888888,90.0,90.0,900.6245833333334,48.0,2014-12-19 03:32:31.810560000,110.23751454967743
843,8.553390227272727,8.289767613636364,88.0,88.0,911.9202083333333,48.0,2014-12-20 04:12:07.050240000,109.57793148903227
844,8.277315168539326,8.018856404494382,89.0,89.0,919.7277083333333,48.0,2014-12-21 04:51:42.289920008,108.9183484283871
845,8.350211123595507,8.026507640449438,89.0,89.0,904.1360416666666,48.0,2014-12-22 05:31:17.529600008,108.25876536774194
846,8.362555909090908,8.03697090909091,88.0,88.0,922.7912500000001,48.0,2014-12-23 06:10:52.769280008,107.59918230709678
847,8.196190786516853,7.950376853932584,89.0,89.0,923.6477083333334,48.0,2014-12-24 06:50:28.008960008,106.93959924645162
848,8.317352359550561,7.991764606741573,89.0,89.0,921.5729166666666,48.0,2014-12-25 07:30:03.248640000,106.28001618580646
849,8.326110574712644,7.9969877011494255,87.0,87.0,925.135625,48.0,2014-12-26 08:09:38.488320000,105.6204331251613
850,8.378449666666667,8.082542666666667,90.0,90.0,904.1714583333332,48.0,2014-12-27 08:49:13.728000000,104.96085006451614
851,8.460319886363637,8.206149204545454,88.0,88.0,926.3433333333334,48.0,2014-12-28 09:28:48.967680000,104.30126700387098
852,8.517191279069767,8.299872093023255,86.0,86.0,923.9179166666667,48.0,2014-12-29 10:08:24.207360000,103.64168394322581
853,8.60274551724138,8.387787931034483,87.0,87.0,915.2433333333333,48.0,2014-12-30 10:47:59.447040008,102.98210088258065
854,8.48659786516854,8.31295561797753,89.0,89.0,920.8262500000001,48.0,2014-12-31 11:27:34.686720008,102.32251782193549
855,8.545107613636363,8.333193068181819,88.0,88.0,919.1758333333333,48.0,2015-01-01 12:07:09.926400008,101.66293476129033
856,8.630942068965517,8.471837126436782,87.0,87.0,912.1095833333334,48.0,2015-01-02 12:46:45.166080000,101.00335170064517
857,8.739965505617977,8.590534382022472,89.0,89.0,916.8181249999999,48.0,2015-01-03 13:26:20.405760000,100.34376864000001
858,8.785232954545455,8.72940715909091,88.0,88.0,920.3222916666667,48.0,2015-01-04 14:05:55.645440000,99.68418557935485
859,8.892002696629213,8.787936629213483,89.0,89.0,922.8710416666667,48.0,2015-01-05 14:45:30.885119999,99.02460251870968
860,8.770246179775281,8.752916629213484,89.0,89.0,929.6477083333333,48.0,2015-01-06 15:25:06.124800008,98.36501945806452
861,8.94647625,8.842328636363636,88.0,88.0,916.268125,48.0,2015-01-07 16:04:41.364480008,97.70543639741936
862,8.968583820224719,8.976104831460674,89.0,89.0,904.2789583333333,48.0,2015-01-08 16:44:16.604160008,97.0458533367742
863,8.855514886363636,8.857504886363635,88.0,88.0,918.726875,48.0,2015-01-09 17:23:51.843840008,96.38627027612904
864,9.010574659090908,9.003330113636364,88.0,88.0,908.9058333333334,48.0,2015-01-10 18:03:27.083520000,95.72668721548388
865,8.834131444444445,8.781052444444445,90.0,90.0,916.1158333333333,48.0,2015-01-11 18:43:02.323200000,95.06710415483872
866,8.911730454545454,8.788251136363636,88.0,88.0,909.4847916666666,48.0,2015-01-12 19:22:37.562880000,94.40752109419356
867,8.510365842696629,8.371948202247191,89.0,89.0,904.7083333333334,48.0,2015-01-13 20:02:12.802560000,93.7479380335484
868,8.56180011235955,8.363383820224719,89.0,89.0,907.1589583333333,48.0,2015-01-14 20:41:48.042240000,93.08835497290323
869,8.526500674157303,8.364791348314606,89.0,89.0,892.918125,48.0,2015-01-15 21:21:23.281920008,92.24506036645161
870,8.57722183908046,8.444079885057471,87.0,87.0,901.8354166666667,48.0,2015-01-16 22:00:58.521600008,91.37335009032257
871,8.565840568181818,8.389363636363637,88.0,88.0,870.4927083333333,48.0,2015-01-17 22:40:33.761280008,90.50163981419355
872,8.328580337078652,8.09734011235955,89.0,89.0,895.1941666666667,48.0,2015-01-18 23:20:09.000960000,89.62992953806452
873,8.50926,8.175624204545455,88.0,88.0,933.8381250000001,48.0,2015-01-19 23:59:44.240640000,88.75821926193548
874,8.285751315789474,8.128792631578946,38.0,38.0,,,2015-01-21 00:39:19.480320000,87.88650898580646
875,,,,,,,2015-01-22 01:18:54.720000000,87.01479870967742
876,,,,,,,2015-01-23 01:58:29.959680008,86.14308843354839
877,,,,,,,2015-01-24 02:38:05.199360008,85.27137815741935
878,,,,,,,2015-01-25 03:17:40.439040008,84.39966788129033
879,,,,,,,2015-01-26 03:57:15.678720008,83.52795760516129
880,8.638411136363636,8.353025227272727,44.0,44.0,872.6429166666667,48.0,2015-01-27 04:36:50.918400000,82.65624732903225
881,8.50685091954023,8.231381264367815,87.0,87.0,902.5133333333333,48.0,2015-01-28 05:16:26.158080000,81.78453705290323
882,8.373189101123597,8.156869213483146,89.0,89.0,906.4527083333334,48.0,2015-01-29 05:56:01.397760000,80.9128267767742
883,8.53954404494382,8.364470449438201,89.0,89.0,904.8152083333333,48.0,2015-01-30 06:35:36.637440000,80.04111650064516
884,8.787849772727272,8.616908522727273,88.0,88.0,900.1908333333334,48.0,2015-01-31 07:15:11.877120000,79.16940622451614
885,8.819117640449438,8.759540561797753,89.0,89.0,895.393125,48.0,2015-02-01 07:54:47.116800008,78.2976959483871
886,8.7585302247191,8.731936179775282,89.0,89.0,899.2652083333334,48.0,2015-02-02 08:34:22.356480008,77.42598567225807
887,8.981977126436782,8.982618735632185,87.0,87.0,893.9416666666666,48.0,2015-02-03 09:13:57.596160008,76.55427539612904
888,8.966446516853932,8.940266292134831,89.0,89.0,896.1739583333333,48.0,2015-02-04 09:53:32.835840000,75.68256512
889,9.023536136363637,8.973293181818182,88.0,88.0,895.2227083333333,48.0,2015-02-05 10:33:08.075520000,74.81085484387097
890,8.866044494382022,8.947669213483147,89.0,89.0,887.591875,48.0,2015-02-06 11:12:43.315200000,73.93914456774193
891,8.957177303370786,8.901176629213483,89.0,89.0,885.2833333333333,48.0,2015-02-07 11:52:18.554880000,73.0674342916129
892,8.792138977272726,8.82769806818182,88.0,88.0,886.4706249999999,48.0,2015-02-08 12:31:53.794560008,72.19572401548388
893,8.825365113636364,8.718459431818182,88.0,88.0,880.9533333333334,48.0,2015-02-09 13:11:29.034240008,71.32401373935484
894,8.661076067415731,8.601262134831462,89.0,89.0,884.11,48.0,2015-02-10 13:51:04.273920008,70.4523034632258
895,8.650322272727273,8.608429090909091,88.0,88.0,879.2487500000001,48.0,2015-02-11 14:30:39.513600008,69.58059318709678
896,8.755872873563218,8.657399655172414,87.0,87.0,881.1964583333333,48.0,2015-02-12 15:10:14.753280000,68.70888291096774
897,8.659960909090909,8.542121704545455,88.0,88.0,876.3714583333334,48.0,2015-02-13 15:49:49.992960000,67.83717263483871
898,8.48523,8.368032954545454,88.0,88.0,876.3460416666667,48.0,2015-02-14 16:29:25.232640000,66.96546235870969
899,8.484360568181819,8.312966477272727,88.0,88.0,879.344375,48.0,2015-02-15 17:09:00.472320000,66.38864345142858
900,8.421536363636363,8.297434659090909,88.0,88.0,885.1660416666667,48.0,2015-02-16 17:48:35.712000000,65.94095085714287
901,8.459069318181818,8.310769204545453,88.0,88.0,887.569375,48.0,2015-02-17 18:28:10.951680008,65.49325826285714
902,8.506023707865168,8.295176404494383,89.0,89.0,891.1495833333333,48.0,2015-02-18 19:07:46.191360008,65.04556566857143
903,8.511260674157304,8.403602696629214,89.0,89.0,889.9752083333333,48.0,2015-02-19 19:47:21.431040008,64.59787307428572
904,8.654678863636363,8.461445568181817,88.0,88.0,883.953125,48.0,2015-02-20 20:26:56.670720000,64.15018048
905,8.586435842696629,8.40507426966292,89.0,89.0,883.5910416666667,48.0,2015-02-21 21:06:31.910400000,63.70248788571429
906,8.503451363636364,8.396248295454546,88.0,88.0,882.5606250000001,48.0,2015-02-22 21:46:07.150080000,63.25479529142857
907,8.523797954545454,8.375271363636363,88.0,88.0,884.9647916666667,48.0,2015-02-23 22:25:42.389760000,62.80710269714286
908,8.49489786516854,8.395251910112359,89.0,89.0,887.0704166666666,48.0,2015-02-24 23:05:17.629440008,62.35941010285715
909,8.595856477272728,8.451281477272728,88.0,88.0,882.2583333333333,48.0,2015-02-25 23:44:52.869120008,61.91171750857143
910,8.57072202247191,8.416623146067415,89.0,89.0,884.4231249999999,48.0,2015-02-27 00:24:28.108800008,61.464024914285716
911,8.58092426966292,8.394168651685392,89.0,89.0,869.3229166666666,48.0,2015-02-28 01:04:03.348480008,61.016332320000004
912,8.513966022727272,8.313124431818181,88.0,88.0,881.0547916666666,48.0,2015-03-01 01:43:38.588159999,60.56863972571429
913,8.583554719101123,8.38647404494382,89.0,89.0,881.114375,48.0,2015-03-02 02:23:13.827840000,60.12094713142857
914,8.54974090909091,8.424035454545454,88.0,88.0,855.1735416666667,48.0,2015-03-03 03:02:49.067520000,59.67325453714286
915,8.257616853932584,8.019964494382023,89.0,89.0,876.285,48.0,2015-03-04 03:42:24.307200000,59.22556194285714
916,7.980767865168539,7.547962022471911,89.0,89.0,871.2287500000001,48.0,2015-03-05 04:21:59.546880000,58.77786934857143
917,7.870865862068965,7.520849999999999,87.0,87.0,861.8516666666666,48.0,2015-03-06 05:01:34.786560008,58.330176754285716
918,7.858379310344827,7.442344942528735,87.0,87.0,859.9725,48.0,2015-03-07 05:41:10.026240008,57.882484160000004
919,7.897986629213483,7.372038539325843,89.0,89.0,861.23375,48.0,2015-03-08 06:20:45.265920008,57.434791565714285
920,7.664450340909091,7.147288295454545,88.0,88.0,865.9935416666667,48.0,2015-03-09 07:00:20.505600000,56.98709897142857
921,7.7472433333333335,7.262218275862069,87.0,87.0,860.381875,48.0,2015-03-10 07:39:55.745280000,56.53940637714286
922,7.852090681818182,7.458996249999999,88.0,88.0,865.9829166666667,48.0,2015-03-11 08:19:30.984960000,56.09171378285714
923,7.908299090909091,7.591263522727274,88.0,88.0,867.3114583333332,48.0,2015-03-12 08:59:06.224639999,55.64402118857143
924,8.00286275862069,7.757221264367816,87.0,87.0,869.9022916666667,48.0,2015-03-13 09:38:41.464320008,55.19632859428572
925,8.13463011235955,7.800828764044944,89.0,89.0,864.5189583333334,48.0,2015-03-14 10:18:16.704000008,54.748636000000005
926,8.22293896551724,7.96929264367816,87.0,87.0,873.4358333333333,48.0,2015-03-15 10:57:51.943680008,54.80653241806451
927,8.194661363636364,7.949125,88.0,88.0,869.43375,48.0,2015-03-16 11:37:27.183360008,55.495945868387096
928,8.240540449438202,8.055205730337079,89.0,89.0,864.2929166666667,48.0,2015-03-17 12:17:02.423040000,56.18535931870968
929,8.354487865168538,8.118312134831461,89.0,89.0,866.5954166666667,48.0,2015-03-18 12:56:37.662720000,56.874772769032255
930,8.41072595505618,8.21727606741573,89.0,89.0,868.2408333333333,48.0,2015-03-19 13:36:12.902400000,57.56418621935484
931,8.362602954545453,8.226937613636364,88.0,88.0,864.3520833333333,48.0,2015-03-20 14:15:48.142080000,58.25359966967742
932,8.209571477272727,8.018407045454545,88.0,88.0,857.1733333333333,48.0,2015-03-21 14:55:23.381760000,58.943013119999996
933,8.158160786516854,7.97198606741573,89.0,89.0,865.5968750000001,48.0,2015-03-22 15:34:58.621440008,59.63242657032258
934,8.301689555555555,8.051259,90.0,90.0,860.699375,48.0,2015-03-23 16:14:33.861120008,60.32184002064516
935,8.504071910112359,8.326301460674157,89.0,89.0,867.5058333333333,48.0,2015-03-24 16:54:09.100800008,61.01125347096774
936,8.408789662921349,8.244651011235955,89.0,89.0,864.2691666666666,48.0,2015-03-25 17:33:44.340479999,61.70066692129032
937,8.418838181818181,8.321722727272727,88.0,88.0,873.3874999999999,48.0,2015-03-26 18:13:19.580160000,62.3900803716129
938,8.466854831460674,8.285374382022471,89.0,89.0,,,2015-03-27 18:52:54.819840000,63.079493821935486
939,8.467094204545454,8.28669568181818,88.0,88.0,829.3475,48.0,2015-03-28 19:32:30.059520000,63.76890727225806
940,8.31216632183908,8.070386781609196,87.0,87.0,858.1374999999999,48.0,2015-03-29 20:12:05.299200008,64.45832072258064
941,8.053292921348314,7.758591573033708,89.0,89.0,849.3077083333333,48.0,2015-03-30 20:51:40.538880008,65.14773417290323
942,8.234764269662922,7.9428928089887645,89.0,89.0,844.0416666666666,48.0,2015-03-31 21:31:15.778560008,65.8371476232258
943,8.194961931818183,7.906788522727272,88.0,88.0,845.7397916666667,48.0,2015-04-01 22:10:51.018240008,66.52656107354838
944,8.251056781609195,8.037414827586208,87.0,87.0,839.4206250000001,48.0,2015-04-02 22:50:26.257920000,67.21597452387097
945,8.077909775280899,7.758479438202247,89.0,89.0,843.0172916666667,48.0,2015-04-03 23:30:01.497600000,67.90538797419354
946,7.991499195402299,7.739846091954023,87.0,87.0,858.4516666666667,48.0,2015-04-05 00:09:36.737280000,68.59480142451612
947,8.086394204545455,7.803655340909091,88.0,88.0,843.0929166666666,48.0,2015-04-06 00:49:11.976960000,69.28421487483871
948,8.091063409090909,7.824947954545454,88.0,88.0,850.4050000000001,48.0,2015-04-07 01:28:47.216640000,69.97362832516129
949,8.181794090909092,7.911900795454545,88.0,88.0,854.055,48.0,2015-04-08 02:08:22.456320008,70.66304177548386
950,8.100450227272727,7.979388522727273,88.0,88.0,860.7958333333332,48.0,2015-04-09 02:47:57.696000008,71.35245522580645
951,8.113386666666667,7.898211444444444,90.0,90.0,860.53125,48.0,2015-04-10 03:27:32.935680008,72.04186867612903
952,8.304209545454546,8.08939340909091,88.0,88.0,854.5500000000001,48.0,2015-04-11 04:07:08.175360000,72.73128212645162
953,8.241048522727272,8.066406136363637,88.0,88.0,852.4497916666666,48.0,2015-04-12 04:46:43.415040000,73.4206955767742
954,8.276835111111112,8.119685777777777,90.0,90.0,851.834375,48.0,2015-04-13 05:26:18.654720000,74.11010902709677
955,8.325742696629213,8.176798426966291,89.0,89.0,867.8406249999999,48.0,2015-04-14 06:05:53.894400000,74.79952247741934
956,8.433567045454545,8.39240284090909,88.0,88.0,,,2015-04-15 06:45:29.134080008,75.42671424
957,8.473889550561797,8.360185168539326,89.0,89.0,829.6489583333333,48.0,2015-04-16 07:25:04.373760008,75.88908528
958,8.426490000000001,8.325914494382022,89.0,89.0,854.5672916666667,48.0,2015-04-17 08:04:39.613440008,76.35145632
959,8.552752840909092,8.385787613636364,88.0,88.0,850.3916666666668,48.0,2015-04-18 08:44:14.853120008,76.81382735999999
960,8.553162247191011,8.423023820224719,89.0,89.0,848.1560416666666,48.0,2015-04-19 09:23:50.092800000,77.2761984
961,8.48250459770115,8.383395862068966,87.0,87.0,851.86125,48.0,2015-04-20 10:03:25.332480000,77.73856943999999
962,8.458333777777778,8.31345888888889,90.0,90.0,843.103125,48.0,2015-04-21 10:43:00.572160000,78.20094048
963,8.576970909090909,8.466075227272727,88.0,88.0,848.4006250000001,48.0,2015-04-22 11:22:35.811840000,78.66331152
964,8.639693793103449,8.506679655172414,87.0,87.0,844.5395833333333,48.0,2015-04-23 12:02:11.051520000,79.12568256
965,8.27925,7.991442159090909,88.0,88.0,836.2468749999999,48.0,2015-04-24 12:41:46.291200008,79.5880536
966,8.323462386363637,8.051992840909092,88.0,88.0,837.0854166666667,48.0,2015-04-25 13:21:21.530880008,80.05042464
967,8.408615454545455,8.242073068181817,88.0,88.0,832.4122916666666,48.0,2015-04-26 14:00:56.770560008,80.51279568
968,8.351768988764045,8.140986516853934,89.0,89.0,841.2010416666667,48.0,2015-04-27 14:40:32.010240000,80.97516672
969,8.226711264367816,7.942560689655172,87.0,87.0,837.4166666666666,48.0,2015-04-28 15:20:07.249920000,81.43753776
970,8.19842375,7.913064090909091,88.0,88.0,842.2564583333333,48.0,2015-04-29 15:59:42.489599999,81.89990879999999
971,8.229136931818182,8.07435659090909,88.0,88.0,847.7860416666667,48.0,2015-04-30 16:39:17.729280000,82.36227984
972,8.284197727272728,7.981210909090908,88.0,88.0,846.3385416666666,48.0,2015-05-01 17:18:52.968960008,82.82465088
973,8.193600454545454,7.913226818181818,88.0,88.0,847.000625,48.0,2015-05-02 17:58:28.208640008,83.28702192
974,8.137261704545454,7.839711931818181,88.0,88.0,848.6827083333333,48.0,2015-05-03 18:38:03.448320008,83.74939296
975,8.215573863636363,7.861608409090909,88.0,88.0,852.8525,48.0,2015-05-04 19:17:38.688000008,84.211764
976,8.085042045454545,7.879216477272727,88.0,88.0,849.415,48.0,2015-05-05 19:57:13.927680000,84.67413504
977,7.896633483146068,7.622778539325842,89.0,89.0,841.9222916666666,48.0,2015-05-06 20:36:49.167360000,85.13650608
978,8.079475280898876,7.861672471910112,89.0,89.0,844.9520833333332,48.0,2015-05-07 21:16:24.407040000,85.59887712
979,8.066831363636364,7.758323181818182,88.0,88.0,846.7510416666668,48.0,2015-05-08 21:55:59.646720000,86.06124815999999
980,8.085831685393257,7.834960337078652,89.0,89.0,839.7833333333333,48.0,2015-05-09 22:35:34.886400000,86.5236192
981,8.159507415730337,7.963202584269664,89.0,89.0,846.0729166666666,48.0,2015-05-10 23:15:10.126080008,86.98599023999999
982,8.154551011235956,7.9428162921348315,89.0,89.0,846.0139583333333,48.0,2015-05-11 23:54:45.365760008,87.44836128
983,8.319982696629214,8.140930337078652,89.0,89.0,844.9070833333334,48.0,2015-05-13 00:34:20.605440008,87.91073232
984,8.325193908045977,8.208294137931034,87.0,87.0,842.4654166666666,48.0,2015-05-14 01:13:55.845120000,88.37310336
985,8.404531931818182,8.252823181818181,88.0,88.0,845.8783333333334,48.0,2015-05-15 01:53:31.084800000,88.74329181935484
986,8.35242411111111,8.246626666666668,90.0,90.0,840.0170833333333,48.0,2015-05-16 02:33:06.324480000,88.00416105290323
987,8.565802873563218,8.572939425287357,87.0,87.0,844.0866666666667,48.0,2015-05-17 03:12:41.564160000,87.2650302864516
988,8.49725415730337,8.549790674157304,89.0,89.0,840.8054166666667,48.0,2015-05-18 03:52:16.803840008,86.52589952
989,8.46888808988764,8.491286179775281,89.0,89.0,830.0010416666668,48.0,2015-05-19 04:31:52.043520008,85.78676875354839
990,8.523590898876405,8.542488764044945,89.0,89.0,826.800625,48.0,2015-05-20 05:11:27.283200008,85.04763798709678
991,8.683352696629214,8.745836404494382,89.0,89.0,830.5085416666666,48.0,2015-05-21 05:51:02.522880008,84.30850722064515
992,8.796486436781608,8.825540229885057,87.0,87.0,836.7564583333333,48.0,2015-05-22 06:30:37.762560000,83.56937645419355
993,8.681760344827586,8.641069655172414,87.0,87.0,837.7139583333333,48.0,2015-05-23 07:10:13.002240000,82.83024568774194
994,8.757142643678161,8.73373724137931,87.0,87.0,836.5820833333333,48.0,2015-05-24 07:49:48.241920000,82.09111492129033
995,8.593005617977528,8.58787988764045,89.0,89.0,842.1239583333332,48.0,2015-05-25 08:29:23.481600000,81.3519841548387
996,8.715035862068966,8.612923563218391,87.0,87.0,833.5364583333334,48.0,2015-05-26 09:08:58.721280000,80.6128533883871
997,8.613761022727273,8.620990795454546,88.0,88.0,854.394375,48.0,2015-05-27 09:48:33.960960000,79.87372262193549
998,8.62963034090909,8.538503863636363,88.0,88.0,846.0004166666666,48.0,2015-05-28 10:28:09.200640000,79.13459185548388
999,8.475518863636363,8.497518409090908,88.0,88.0,852.6933333333333,48.0,2015-05-29 11:07:44.440319991,78.39546108903225
1000,8.649168651685393,8.626377528089888,89.0,89.0,851.4514583333333,48.0,2015-05-30 11:47:19.679999991,77.65633032258064
1001,8.626408522727273,8.668484886363636,88.0,88.0,847.57125,48.0,2015-05-31 12:26:54.919680008,76.91719955612903
1002,8.691389090909091,8.71197875,88.0,88.0,850.146875,48.0,2015-06-01 13:06:30.159360008,76.17806878967741
1003,8.580560444444444,8.621644666666667,90.0,90.0,844.2252083333333,48.0,2015-06-02 13:46:05.399040008,75.4389380232258
1004,8.722040224719102,8.635725730337079,89.0,89.0,845.725625,48.0,2015-06-03 14:25:40.638720008,74.69980725677419
1005,8.761186818181818,8.806880795454544,88.0,88.0,846.2270833333333,48.0,2015-06-04 15:05:15.878400008,73.96067649032258
1006,8.626344333333334,8.626936888888888,90.0,90.0,849.3739583333332,48.0,2015-06-05 15:44:51.118080008,73.22154572387096
1007,8.847752790697674,8.830418372093023,86.0,86.0,852.611875,48.0,2015-06-06 16:24:26.357760008,72.48241495741935
1008,8.793220804597702,8.794691954022989,87.0,87.0,849.9097916666666,48.0,2015-06-07 17:04:01.597440000,71.74328419096774
1009,8.85078034090909,8.879040113636364,88.0,88.0,852.9454166666666,48.0,2015-06-08 17:43:36.837120000,71.00415342451613
1010,8.844446896551725,8.936541494252873,87.0,87.0,853.1708333333332,48.0,2015-06-09 18:23:12.076800000,70.26502265806451
1011,8.969332643678161,8.928353678160919,87.0,87.0,852.726875,48.0,2015-06-10 19:02:47.316479999,69.5258918916129
1012,8.980740113636363,9.088584772727273,88.0,88.0,850.6127083333334,48.0,2015-06-11 19:42:22.556160000,68.78676112516129
1013,8.889609425287357,9.004695287356322,87.0,87.0,846.2858333333334,48.0,2015-06-12 20:21:57.795840000,68.04763035870968
1014,8.914727701149426,8.853875747126438,87.0,87.0,851.3491666666667,48.0,2015-06-13 21:01:33.035520000,67.30849959225806
1015,8.821369770114941,8.823523793103448,87.0,87.0,855.4308333333333,48.0,2015-06-14 21:41:08.275200000,66.56936882580645
1016,8.802732045454546,8.821578977272727,88.0,88.0,852.144375,48.0,2015-06-15 22:20:43.514880017,66.47827528533334
1017,8.84027540229885,8.907326551724138,87.0,87.0,853.3495833333333,48.0,2015-06-16 23:00:18.754560008,66.45430049066667
1018,8.857500344827587,8.897235517241379,87.0,87.0,854.5852083333334,48.0,2015-06-17 23:39:53.994240008,66.430325696
1019,8.987609204545455,8.967139318181818,88.0,88.0,849.8695833333333,48.0,2015-06-19 00:19:29.233920008,66.40635090133333
1020,8.92012528735632,8.966077701149425,87.0,87.0,853.4485416666666,48.0,2015-06-20 00:59:04.473600008,66.38237610666667
1021,8.910166206896552,8.938942183908045,87.0,87.0,857.6856250000001,48.0,2015-06-21 01:38:39.713280008,66.358401312
1022,8.917928409090909,8.971946931818183,88.0,88.0,858.0316666666666,48.0,2015-06-22 02:18:14.952960008,66.33442651733333
1023,8.636852988505748,8.618526551724138,87.0,87.0,858.4539583333334,48.0,2015-06-23 02:57:50.192640008,66.31045172266667
1024,8.571380114942528,8.508123793103449,87.0,87.0,855.0683333333333,48.0,2015-06-24 03:37:25.432320008,66.286476928
1025,8.441924382022473,8.412586741573033,89.0,89.0,848.980625,48.0,2015-06-25 04:17:00.672000000,66.26250213333333
1026,8.500646292134832,8.452350449438201,89.0,89.0,865.7925,48.0,2015-06-26 04:56:35.911680000,66.23852733866667
1027,8.656336206896553,8.578745747126437,87.0,87.0,845.8268750000001,48.0,2015-06-27 05:36:11.151360000,66.214552544
1028,8.537687272727272,8.487226136363637,264.0,264.0,856.406875,48.0,2015-06-28 06:15:46.391040000,66.19057774933333
1029,8.511495666666667,8.332248888888888,270.0,270.0,859.7516666666667,48.0,2015-06-29 06:55:21.630720000,66.16660295466667
1030,8.51230409090909,8.54183375,88.0,88.0,858.1306249999999,48.0,2015-06-30 07:34:56.870400000,66.14262816
1031,8.458385977011494,8.33214551724138,87.0,87.0,854.5727083333333,48.0,2015-07-01 08:14:32.110080000,66.11865336533333
1032,8.35314191011236,8.268283483146067,89.0,89.0,855.3489583333334,48.0,2015-07-02 08:54:07.349759991,66.09467857066666
1033,8.369055172413793,8.294487011494253,87.0,87.0,856.2833333333333,48.0,2015-07-03 09:33:42.589440017,66.070703776
1034,8.494399655172414,8.337616206896552,87.0,87.0,858.87,48.0,2015-07-04 10:13:17.829120008,66.04672898133333
1035,8.704132840909091,8.757289204545454,88.0,88.0,857.2970833333334,48.0,2015-07-05 10:52:53.068800008,66.02275418666666
1036,8.547531704545454,8.549226477272727,88.0,88.0,852.6877083333334,48.0,2015-07-06 11:32:28.308480008,65.998779392
1037,8.728313522727273,8.865090340909092,88.0,88.0,859.8845833333334,48.0,2015-07-07 12:12:03.548160008,65.97480459733333
1038,8.630081573033708,8.57867786516854,89.0,89.0,857.9458333333333,48.0,2015-07-08 12:51:38.787840008,65.95082980266666
1039,8.565084942528735,8.584726206896551,87.0,87.0,859.2908333333334,48.0,2015-07-09 13:31:14.027520008,65.926855008
1040,8.475027045454546,8.512474318181818,88.0,88.0,861.3241666666667,48.0,2015-07-10 14:10:49.267200008,65.90288021333333
1041,8.549281123595506,8.630280561797752,89.0,89.0,858.4308333333333,48.0,2015-07-11 14:50:24.506880000,65.87890541866666
1042,8.68535625,8.77631625,88.0,88.0,863.87,48.0,2015-07-12 15:29:59.746560000,65.85493062399999
1043,8.66367,8.598294886363636,88.0,88.0,864.7577083333334,48.0,2015-07-13 16:09:34.986240000,65.83095582933333
1044,8.733557045454546,8.79849,88.0,88.0,859.7014583333333,48.0,2015-07-14 16:49:10.225920000,65.80698103466666
1045,8.665147727272727,8.656863977272728,88.0,88.0,862.703125,48.0,2015-07-15 17:28:45.465599999,65.7671088516129
1046,8.613637415730338,8.540031460674157,89.0,89.0,862.8914583333334,48.0,2015-07-16 18:08:20.705280000,65.7207060232258
1047,8.706573370786517,8.624295056179776,89.0,89.0,863.9433333333333,48.0,2015-07-17 18:47:55.944960000,65.67430319483871
1048,8.655527727272727,8.612495113636363,88.0,88.0,865.055,48.0,2015-07-18 19:27:31.184640017,65.62790036645161
1049,8.817436629213482,8.88106606741573,89.0,89.0,867.9545833333333,48.0,2015-07-19 20:07:06.424320017,65.58149753806451
1050,8.901188181818183,8.93375159090909,88.0,88.0,863.2075,48.0,2015-07-20 20:46:41.664000008,65.53509470967742
1051,8.996406136363635,9.004973522727273,88.0,88.0,865.53875,48.0,2015-07-21 21:26:16.903680008,65.48869188129032
1052,8.925927272727272,9.01031340909091,88.0,88.0,868.1895833333333,48.0,2015-07-22 22:05:52.143360008,65.44228905290322
1053,9.135298977272727,9.216811022727272,88.0,88.0,870.3845833333334,48.0,2015-07-23 22:45:27.383040008,65.39588622451613
1054,8.899173707865168,8.972055280898877,89.0,89.0,870.7131250000001,48.0,2015-07-24 23:25:02.622720008,65.34948339612903
1055,9.035480786516853,9.089499775280899,89.0,89.0,869.541875,48.0,2015-07-26 00:04:37.862400008,65.30308056774193
1056,9.135800229885058,9.285247126436781,87.0,87.0,869.4422916666667,48.0,2015-07-27 00:44:13.102080008,65.25667773935484
1057,9.072314252873563,9.087121034482758,87.0,87.0,869.6929166666667,48.0,2015-07-28 01:23:48.341760000,65.21027491096774
1058,8.995194831460674,9.051079775280899,89.0,89.0,870.4116666666667,48.0,2015-07-29 02:03:23.581440000,65.16387208258065
1059,8.970351590909091,9.058818181818182,88.0,88.0,863.1758333333333,48.0,2015-07-30 02:42:58.821120000,65.11746925419355
1060,9.025621034482759,9.106800229885057,87.0,87.0,863.245625,48.0,2015-07-31 03:22:34.060800000,65.07106642580645
1061,9.085283636363636,9.093951818181818,88.0,88.0,859.16125,48.0,2015-08-01 04:02:09.300480000,65.02466359741936
1062,8.87476643678161,8.981260574712644,87.0,87.0,861.6483333333334,48.0,2015-08-02 04:41:44.540160000,64.97826076903226
1063,8.860883522727272,8.939545909090908,88.0,88.0,861.80625,48.0,2015-08-03 05:21:19.779840000,64.93185794064516
1064,8.94478191011236,8.991994606741573,89.0,89.0,868.3779166666667,48.0,2015-08-04 06:00:55.019519991,64.88545511225807
1065,8.922798068181818,9.012604886363636,88.0,88.0,871.0122916666666,48.0,2015-08-05 06:40:30.259200017,64.83905228387097
1066,8.997411363636363,9.038056704545454,88.0,88.0,871.7554166666667,48.0,2015-08-06 07:20:05.498880008,64.79264945548387
1067,8.895361797752809,9.050670449438202,89.0,89.0,879.1204166666666,48.0,2015-08-07 07:59:40.738560008,64.74624662709678
1068,8.878128409090909,8.876185,88.0,88.0,878.0229166666667,48.0,2015-08-08 08:39:15.978240008,64.69984379870968
1069,8.873334545454545,8.943375909090909,88.0,88.0,876.179375,48.0,2015-08-09 09:18:51.217920008,64.65344097032258
1070,8.821223522727273,8.891535113636364,88.0,88.0,877.2979166666668,48.0,2015-08-10 09:58:26.457600008,64.60703814193549
1071,8.914054431818181,8.934878181818181,88.0,88.0,862.50375,48.0,2015-08-11 10:38:01.697280008,64.56063531354839
1072,8.83819988764045,8.86453191011236,89.0,89.0,884.300625,48.0,2015-08-12 11:17:36.936960008,64.5142324851613
1073,8.833130777777777,9.015483777777778,90.0,90.0,884.1175,48.0,2015-08-13 11:57:12.176640000,64.4678296567742
1074,9.017996818181818,9.189707386363636,88.0,88.0,875.0137500000001,48.0,2015-08-14 12:36:47.416320000,64.4214268283871
1075,9.157056896551724,9.265367701149426,87.0,87.0,877.9366666666666,48.0,2015-08-15 13:16:22.656000000,64.653328
1076,9.114005168539327,9.218740112359551,89.0,89.0,880.6185416666667,48.0,2015-08-16 13:55:57.895680000,65.12398525935484
1077,8.9655375,9.146186136363637,88.0,88.0,883.6704166666667,48.0,2015-08-17 14:35:33.135360000,65.59464251870968
1078,9.138587386363637,9.259351931818182,88.0,88.0,884.6202083333333,48.0,2015-08-18 15:15:08.375040000,66.06529977806451
1079,9.160790459770116,9.306661034482758,87.0,87.0,882.6058333333334,48.0,2015-08-19 15:54:43.614719999,66.53595703741937
1080,9.027844886363637,9.223994886363636,88.0,88.0,880.8827083333334,48.0,2015-08-20 16:34:18.854400017,67.0066142967742
1081,9.111881034482758,9.296014252873563,87.0,87.0,882.7397916666667,48.0,2015-08-21 17:13:54.094080017,67.47727155612904
1082,9.048958636363636,9.118418977272727,88.0,88.0,884.676875,48.0,2015-08-22 17:53:29.333760008,67.94792881548388
1083,8.92997287356322,9.101050344827586,87.0,87.0,884.1627083333333,48.0,2015-08-23 18:33:04.573440008,68.41858607483871
1084,8.83568786516854,8.917524943820224,89.0,89.0,887.185,48.0,2015-08-24 19:12:39.813120008,68.88924333419355
1085,8.923657727272728,8.983554886363637,88.0,88.0,880.3147916666667,48.0,2015-08-25 19:52:15.052800008,69.35990059354839
1086,8.90744465909091,8.932573750000001,88.0,88.0,879.1447916666666,48.0,2015-08-26 20:31:50.292480008,69.83055785290323
1087,8.922054943820225,9.008801573033708,89.0,89.0,878.3608333333333,48.0,2015-08-27 21:11:25.532160008,70.30121511225806
1088,8.874079204545454,8.920753977272726,88.0,88.0,881.886875,48.0,2015-08-28 21:51:00.771840008,70.7718723716129
1089,8.789004494382022,8.769945168539326,89.0,89.0,883.2197916666668,48.0,2015-08-29 22:30:36.011520000,71.24252963096774
1090,8.787182727272727,8.797258295454546,88.0,88.0,880.9975,48.0,2015-08-30 23:10:11.251200000,71.71318689032258
1091,8.67805625,8.67873409090909,88.0,88.0,889.938125,48.0,2015-08-31 23:49:46.490880000,72.18384414967741
1092,8.808631931818182,8.825798181818183,88.0,88.0,886.2414583333333,48.0,2015-09-02 00:29:21.730560000,72.65450140903226
1093,8.848296477272728,8.930935568181818,88.0,88.0,888.5275,48.0,2015-09-03 01:08:56.970240000,73.1251586683871
1094,8.933841818181818,9.068283977272728,88.0,88.0,894.7195833333334,48.0,2015-09-04 01:48:32.209920000,73.59581592774194
1095,8.946459659090909,9.069529090909091,88.0,88.0,895.3533333333334,48.0,2015-09-05 02:28:07.449600000,74.06647318709678
1096,8.842022134831462,8.984623595505617,89.0,89.0,884.5204166666667,48.0,2015-09-06 03:07:42.689279991,74.53713044645161
1097,,,,,901.816875,48.0,2015-09-07 03:47:17.928960017,75.00778770580645
1098,,,,,890.4002083333334,48.0,2015-09-08 04:26:53.168640008,75.47844496516129
1099,9.045987191011235,9.262433707865169,89.0,89.0,894.3225000000001,48.0,2015-09-09 05:06:28.408320008,75.94910222451612
1100,9.082916136363636,9.22211465909091,88.0,88.0,892.7252083333333,48.0,2015-09-10 05:46:03.648000008,76.41975948387096
1101,,,,,890.4839583333334,48.0,2015-09-11 06:25:38.887680008,76.8904167432258
1102,,,,,900.3612499999999,48.0,2015-09-12 07:05:14.127360008,77.36107400258064
1103,,,,,897.3658333333333,48.0,2015-09-13 07:44:49.367040008,77.83173126193547
1104,9.096288522727273,9.20214375,88.0,88.0,896.5866666666667,48.0,2015-09-14 08:24:24.606720008,78.30238852129031
1105,,,,,896.2808333333334,48.0,2015-09-15 09:03:59.846400000,78.41111199999999
1106,9.147797816091954,9.39768275862069,87.0,87.0,889.2168750000001,48.0,2015-09-16 09:43:35.086080000,77.8973664
1107,8.964332022471911,9.207650786516854,89.0,89.0,895.969375,48.0,2015-09-17 10:23:10.325760000,77.38362079999999
1108,,,,,897.2841666666667,48.0,2015-09-18 11:02:45.565440000,76.8698752
1109,,,,,890.7458333333334,48.0,2015-09-19 11:42:20.805120000,76.35612959999999
1110,8.923680909090908,9.108221590909091,88.0,88.0,887.7889583333334,48.0,2015-09-20 12:21:56.044800000,75.842384
1111,,,,,889.6820833333333,48.0,2015-09-21 13:01:31.284480000,75.32863839999999
1112,,,,,893.1989583333334,48.0,2015-09-22 13:41:06.524160017,74.8148928
1113,,,,,891.3595833333334,48.0,2015-09-23 14:20:41.763840017,74.3011472
1114,,,,,893.8041666666667,48.0,2015-09-24 15:00:17.003520008,73.7874016
1115,,,,,901.6564583333334,48.0,2015-09-25 15:39:52.243200008,73.273656
1116,,,,,897.5741666666667,48.0,2015-09-26 16:19:27.482880008,72.7599104
1117,,,,,899.6904166666667,48.0,2015-09-27 16:59:02.722560008,72.2461648
1118,,,,,904.1377083333333,48.0,2015-09-28 17:38:37.962240008,71.7324192
1119,8.992902954545455,9.109955,88.0,88.0,904.4941666666667,48.0,2015-09-29 18:18:13.201920008,71.2186736
1120,8.907058444444445,9.058735222222221,90.0,90.0,905.9895833333334,48.0,2015-09-30 18:57:48.441600008,70.704928
1121,8.666224382022472,8.876414606741573,89.0,89.0,906.019375,48.0,2015-10-01 19:37:23.681280000,70.1911824
1122,8.879955280898876,9.039028988764045,89.0,89.0,899.4495833333334,48.0,2015-10-02 20:16:58.920960000,69.6774368
1123,8.798902840909092,8.900867727272727,88.0,88.0,900.6566666666666,48.0,2015-10-03 20:56:34.160640000,69.1636912
1124,8.550851333333334,8.698852444444444,90.0,90.0,901.4485416666666,48.0,2015-10-04 21:36:09.400320000,68.6499456
1125,8.311493846153846,8.533483846153846,13.0,13.0,901.34375,48.0,2015-10-05 22:15:44.640000000,68.1362
1126,,,,,907.0799999999999,48.0,2015-10-06 22:55:19.879680000,67.6224544
1127,8.86066170212766,8.88575255319149,47.0,47.0,904.3341666666666,48.0,2015-10-07 23:34:55.119360000,67.1087088
1128,8.946482386363636,8.958858068181819,88.0,88.0,900.6920833333334,48.0,2015-10-09 00:14:30.359039991,66.5949632
1129,8.931694827586208,9.037289310344828,87.0,87.0,902.9175,48.0,2015-10-10 00:54:05.598720017,66.0812176
1130,8.82435965909091,8.844103636363636,88.0,88.0,900.5606250000001,48.0,2015-10-11 01:33:40.838400008,65.567472
1131,8.823805340909091,9.002047045454544,88.0,88.0,901.7810416666666,48.0,2015-10-12 02:13:16.078080008,65.0537264
1132,8.914088965517243,8.957262183908046,87.0,87.0,907.0595833333333,48.0,2015-10-13 02:52:51.317760008,64.5399808
1133,8.945229885057472,8.96705264367816,87.0,87.0,888.87875,48.0,2015-10-14 03:32:26.557440008,64.0262352
1134,8.713934269662921,8.868705280898876,89.0,89.0,895.1585416666667,48.0,2015-10-15 04:12:01.797120008,63.59209583483871
1135,8.826347840909092,8.929041136363637,88.0,88.0,906.0031250000001,48.0,2015-10-16 04:51:37.036800008,63.545693006451614
1136,9.024690459770115,9.197921264367816,87.0,87.0,886.9691666666666,48.0,2015-10-17 05:31:12.276480008,63.49929017806452
1137,9.11916965909091,9.373612272727273,88.0,88.0,899.9274999999999,48.0,2015-10-18 06:10:47.516160000,63.45288734967742
1138,9.084838620689654,9.247522183908046,87.0,87.0,898.7643750000001,48.0,2015-10-19 06:50:22.755840000,63.406484521290324
1139,9.049532272727273,9.216078295454546,88.0,88.0,905.12125,48.0,2015-10-20 07:29:57.995520000,63.36008169290323
1140,8.970277840909091,9.129233295454545,88.0,88.0,901.926875,48.0,2015-10-21 08:09:33.235200000,63.31367886451613
1141,8.976122840909092,9.18819625,88.0,88.0,903.3850000000001,48.0,2015-10-22 08:49:08.474880000,63.26727603612903
1142,9.026128426966292,9.133709999999999,89.0,89.0,906.5352083333333,48.0,2015-10-23 09:28:43.714560000,63.22087320774194
1143,9.094863181818182,9.162483863636364,88.0,88.0,911.1966666666667,48.0,2015-10-24 10:08:18.954240000,63.174470379354844
1144,8.906478636363637,8.928124090909092,22.0,22.0,907.7327083333333,48.0,2015-10-25 10:47:54.193920017,63.12806755096774
1145,9.036869772727274,9.071012613636363,88.0,88.0,909.4297916666666,48.0,2015-10-26 11:27:29.433600017,63.08166472258065
1146,9.057634827586208,9.10960275862069,87.0,87.0,908.0779166666666,48.0,2015-10-27 12:07:04.673280008,63.03526189419355
1147,9.102814772727273,9.280715454545454,88.0,88.0,898.4054166666666,48.0,2015-10-28 12:46:39.912960008,62.98885906580645
1148,9.379584318181818,9.634762272727274,88.0,88.0,898.2354166666668,48.0,2015-10-29 13:26:15.152640008,62.94245623741936
1149,9.060487752808989,9.202236516853933,89.0,89.0,899.6504166666667,48.0,2015-10-30 14:05:50.392320008,62.89605340903226
1150,8.840066404494381,9.071957191011236,89.0,89.0,904.7062500000001,48.0,2015-10-31 14:45:25.632000008,62.84965058064516
1151,9.061497045454546,9.188472727272726,88.0,88.0,901.2725,48.0,2015-11-01 15:25:00.871680008,62.803247752258066
1152,9.00936816091954,9.263813678160918,87.0,87.0,899.4577083333334,48.0,2015-11-02 16:04:36.111360008,62.75684492387097
1153,9.22250931818182,9.359102272727272,88.0,88.0,893.3233333333333,48.0,2015-11-03 16:44:11.351040000,62.71044209548387
1154,9.04299172413793,9.22532195402299,87.0,87.0,894.4172916666666,48.0,2015-11-04 17:23:46.590720000,62.664039267096776
1155,9.059359204545455,9.313422272727273,88.0,88.0,895.9050000000001,48.0,2015-11-05 18:03:21.830400000,62.61763643870968
1156,9.118532613636363,9.286058181818182,88.0,88.0,909.4027083333334,48.0,2015-11-06 18:42:57.070080000,62.57123361032258
1157,9.10818034090909,9.202800454545455,88.0,88.0,899.0047916666667,48.0,2015-11-07 19:22:32.309760000,62.524830781935485
1158,8.863145505617977,9.024546853932584,89.0,89.0,892.8004166666666,48.0,2015-11-08 20:02:07.549440000,62.47842795354839
1159,9.055470681818182,9.200296022727272,88.0,88.0,897.3260416666667,48.0,2015-11-09 20:41:42.789120000,62.432025125161296
1160,9.278955287356322,9.520458390804599,87.0,87.0,890.3291666666668,48.0,2015-11-10 21:21:18.028799991,62.385622296774194
1161,9.414290681818182,9.567808181818181,88.0,88.0,896.445625,48.0,2015-11-11 22:00:53.268480017,62.3392194683871
1162,9.414299772727274,9.701914886363637,88.0,88.0,887.2487500000001,48.0,2015-11-12 22:40:28.508160008,62.292816640000005
1163,9.463407613636363,9.764436250000001,88.0,88.0,892.0997916666666,48.0,2015-11-13 23:20:03.747840008,62.2464138116129
1164,9.391655172413792,9.645179425287356,87.0,87.0,899.9187499999999,48.0,2015-11-14 23:59:38.987520008,62.20001098322581
1165,9.53749011494253,9.741140919540229,87.0,87.0,910.5402083333333,48.0,2015-11-16 00:39:14.227200008,62.05618528
1166,9.466143793103448,9.78269183908046,87.0,87.0,874.2712499999999,48.0,2015-11-17 01:18:49.466880008,61.912336512
1167,9.286250777777777,9.65380888888889,90.0,90.0,886.92125,48.0,2015-11-18 01:58:24.706560008,61.768487744000005
1168,9.44420159090909,9.742593181818181,88.0,88.0,887.7535416666666,48.0,2015-11-19 02:37:59.946240008,61.624638976
1169,9.483946091954023,9.665166206896552,87.0,87.0,895.1741666666667,48.0,2015-11-20 03:17:35.185920000,61.480790208
1170,9.176999318181819,9.402123977272726,88.0,88.0,892.1425,48.0,2015-11-21 03:57:10.425600000,61.336941440000004
1171,9.092562528735632,9.244623908045977,87.0,87.0,887.2158333333333,48.0,2015-11-22 04:36:45.665280000,61.193092672
1172,9.147019886363637,9.411039204545455,88.0,88.0,890.3066666666667,48.0,2015-11-23 05:16:20.904960000,61.049243904
1173,9.250069204545454,9.47347215909091,88.0,88.0,889.9072916666668,48.0,2015-11-24 05:55:56.144640000,60.905395136
1174,9.169209770114943,9.37318011494253,87.0,87.0,889.3677083333333,48.0,2015-11-25 06:35:31.384320000,60.761546368000005
1175,9.195023333333333,9.389842183908046,87.0,87.0,882.5145833333332,48.0,2015-11-26 07:15:06.624000000,60.6176976
1176,9.285065113636364,9.451753636363636,88.0,88.0,892.0716666666667,48.0,2015-11-27 07:54:41.863680017,60.473848832
1177,9.22503068181818,9.428999659090909,88.0,88.0,886.1714583333334,48.0,2015-11-28 08:34:17.103360017,60.330000064000004
1178,9.255239545454545,9.495693977272728,88.0,88.0,890.2287500000001,48.0,2015-11-29 09:13:52.343040008,60.186151296
1179,9.477981250000001,9.75700534090909,88.0,88.0,890.9645833333334,48.0,2015-11-30 09:53:27.582720008,60.042302528
1180,9.473861724137931,9.758387356321839,87.0,87.0,893.7333333333332,48.0,2015-12-01 10:33:02.822400008,59.89845376
1181,9.404869431818183,9.657073977272727,88.0,88.0,869.0595833333333,48.0,2015-12-02 11:12:38.062080008,59.754604992000004
1182,9.441280113636365,9.719666704545453,88.0,88.0,880.7491666666666,48.0,2015-12-03 11:52:13.301760008,59.610756224
1183,9.443239772727273,9.76312659090909,88.0,88.0,874.0577083333333,48.0,2015-12-04 12:31:48.541440008,59.466907456
1184,9.527171379310346,9.85599103448276,87.0,87.0,880.1670833333333,48.0,2015-12-05 13:11:23.781120008,59.323058688
1185,9.441673977272727,9.804324318181818,88.0,88.0,880.5516666666667,48.0,2015-12-06 13:50:59.020800000,59.17920992
1186,9.502193068181818,9.884266022727273,88.0,88.0,872.8304166666667,48.0,2015-12-07 14:30:34.260480000,59.035361152
1187,9.62717393258427,9.946833820224718,89.0,89.0,888.0816666666666,48.0,2015-12-08 15:10:09.500160000,58.891512384
1188,9.614010444444444,9.923715111111111,90.0,90.0,884.3781250000001,48.0,2015-12-09 15:49:44.739839999,58.747663616
1189,9.908556436781609,10.244352298850574,87.0,87.0,869.3468750000001,48.0,2015-12-10 16:29:19.979520000,58.603814848
1190,9.872505340909091,10.240334431818182,88.0,88.0,880.7435416666667,48.0,2015-12-11 17:08:55.219200000,58.45996608
1191,9.817373033707865,10.239411573033708,89.0,89.0,879.8010416666666,48.0,2015-12-12 17:48:30.458880000,58.316117312
1192,9.848278666666667,10.249281333333334,90.0,90.0,872.0918750000001,48.0,2015-12-13 18:28:05.698559991,58.172268544
1193,9.707841348314608,10.098632696629213,89.0,89.0,876.1952083333334,48.0,2015-12-14 19:07:40.938240017,58.028419776
1194,9.570929325842696,9.952134157303371,89.0,89.0,868.3491666666667,48.0,2015-12-15 19:47:16.177920008,57.97340345806452
1195,9.264314886363637,9.427006931818182,88.0,88.0,877.94,48.0,2015-12-16 20:26:51.417600008,57.940258580645164
1196,9.28862909090909,9.639434204545454,88.0,88.0,870.3008333333333,48.0,2015-12-17 21:06:26.657280008,57.907113703225804
1197,9.105333707865167,9.446738202247191,89.0,89.0,872.7800000000001,48.0,2015-12-18 21:46:01.896960008,57.87396882580645
1198,9.234265454545454,9.354990568181819,88.0,88.0,860.2289583333333,48.0,2015-12-19 22:25:37.136640008,57.8408239483871
1199,9.095233636363638,9.223156022727274,88.0,88.0,867.2481250000001,48.0,2015-12-20 23:05:12.376320008,57.807679070967744
1200,9.063923033707866,9.239139662921348,89.0,89.0,864.61375,48.0,2015-12-21 23:44:47.616000008,57.774534193548384
1201,9.106483181818183,9.254247159090909,88.0,88.0,866.3852083333333,48.0,2015-12-23 00:24:22.855680000,57.74138931612903
1202,9.02265284090909,9.276508522727273,88.0,88.0,859.1535416666667,48.0,2015-12-24 01:03:58.095360000,57.70824443870968
1203,9.026969325842696,9.251311573033707,89.0,89.0,860.7302083333334,48.0,2015-12-25 01:43:33.335039999,57.675099561290324
1204,9.00395606741573,9.203570449438201,89.0,89.0,864.47375,48.0,2015-12-26 02:23:08.574720000,57.64195468387097
1205,9.222372613636365,9.320824886363637,88.0,88.0,856.3491666666667,48.0,2015-12-27 03:02:43.814400000,57.60880980645161
1206,9.252124719101124,9.445024719101124,89.0,89.0,851.3129166666666,48.0,2015-12-28 03:42:19.054080000,57.57566492903226
1207,9.358324318181818,9.528674886363635,88.0,88.0,856.3666666666667,48.0,2015-12-29 04:21:54.293760000,57.542520051612904
1208,9.183984659090909,9.5472725,88.0,88.0,854.2793750000001,48.0,2015-12-30 05:01:29.533440017,57.50937517419355
1209,9.26990224719101,9.548243707865169,89.0,89.0,854.6739583333333,48.0,2015-12-31 05:41:04.773120017,57.47623029677419
1210,9.453712045454544,9.849336704545454,88.0,88.0,844.9160416666667,48.0,2016-01-01 06:20:40.012800008,57.44308541935484
1211,9.407078181818182,9.625695227272727,88.0,88.0,850.8560416666666,48.0,2016-01-02 07:00:15.252480008,57.409940541935484
1212,9.207879101123597,9.393972696629215,89.0,89.0,850.7824999999999,48.0,2016-01-03 07:39:50.492160008,57.37679566451613
1213,9.199082247191011,9.403346179775282,89.0,89.0,845.696875,48.0,2016-01-04 08:19:25.731840008,57.34365078709678
1214,9.139193295454545,9.300122272727272,88.0,88.0,848.025,48.0,2016-01-05 08:59:00.971520008,57.31050590967742
1215,9.101801685393259,9.290811123595507,89.0,89.0,851.9699999999999,48.0,2016-01-06 09:38:36.211200008,57.277361032258064
1216,9.087186818181818,9.312630454545454,88.0,88.0,850.4775,48.0,2016-01-07 10:18:11.450880008,57.24421615483871
1217,9.504958977272727,9.90286340909091,88.0,88.0,837.9379166666666,48.0,2016-01-08 10:57:46.690560000,57.21107127741936
1218,9.30124573033708,9.688179438202248,89.0,89.0,853.2727083333333,48.0,2016-01-09 11:37:21.930240000,57.1779264
1219,9.50391034090909,9.85050659090909,88.0,88.0,829.0566666666667,48.0,2016-01-10 12:16:57.169920000,57.144781522580644
1220,9.713637272727272,9.946127045454546,88.0,88.0,838.2689583333332,48.0,2016-01-11 12:56:32.409600000,57.11163664516129
1221,9.461595333333333,9.882138888888889,90.0,90.0,841.7289583333333,48.0,2016-01-12 13:36:07.649280000,57.07849176774194
1222,9.456295113636363,9.77379340909091,88.0,88.0,834.8947916666666,48.0,2016-01-13 14:15:42.888959999,57.045346890322584
1223,9.414531704545455,9.848246477272726,88.0,88.0,841.52875,48.0,2016-01-14 14:55:18.128640000,57.012202012903224
1224,9.581036931818183,9.93152965909091,88.0,88.0,837.1622916666666,48.0,2016-01-15 15:34:53.368319991,56.98743428129032
1225,9.465002272727274,9.825984772727272,88.0,88.0,836.5577083333333,48.0,2016-01-16 16:14:28.608000017,56.96754735483871
1226,9.53511056818182,9.845585227272728,88.0,88.0,830.1839583333334,48.0,2016-01-17 16:54:03.847680008,56.947660428387096
1227,9.473516629213483,9.845188651685394,89.0,89.0,836.4591666666666,48.0,2016-01-18 17:33:39.087360008,56.927773501935484
1228,9.436071136363637,9.803682386363636,88.0,88.0,833.59375,48.0,2016-01-19 18:13:14.327040008,56.90788657548387
1229,9.435772954545454,9.801714886363637,88.0,88.0,823.8010416666666,48.0,2016-01-20 18:52:49.566720008,56.88799964903226
1230,9.645629886363636,9.81316215909091,88.0,88.0,823.3562499999999,48.0,2016-01-21 19:32:24.806400008,56.86811272258065
1231,9.500011839080459,9.884932068965517,87.0,87.0,816.9347916666667,48.0,2016-01-22 20:12:00.046080008,56.84822579612903
1232,9.547909886363636,9.872610340909091,88.0,88.0,826.195625,48.0,2016-01-23 20:51:35.285760008,56.82833886967742
1233,9.620794719101124,9.964847865168538,89.0,89.0,827.3029166666666,48.0,2016-01-24 21:31:10.525440000,56.808451943225805
1234,9.737801136363636,10.111814204545455,88.0,88.0,819.03375,48.0,2016-01-25 22:10:45.765120000,56.78856501677419
1235,9.47828,9.837304022988507,87.0,87.0,824.883125,48.0,2016-01-26 22:50:21.004800000,56.76867809032258
1236,9.593015632183908,9.944913333333332,87.0,87.0,817.63,48.0,2016-01-27 23:29:56.244480000,56.74879116387097
1237,9.593003181818181,9.881320681818183,88.0,88.0,818.6783333333333,48.0,2016-01-29 00:09:31.484160000,56.72890423741936
1238,9.537096551724138,9.970847011494254,87.0,87.0,809.2854166666666,48.0,2016-01-30 00:49:06.723840000,56.70901731096774
1239,9.578345632183908,10.024739770114943,87.0,87.0,816.6572916666668,48.0,2016-01-31 01:28:41.963520000,56.689130384516126
1240,9.59464625,9.997183636363637,88.0,88.0,812.2289583333333,48.0,2016-02-01 02:08:17.203200017,56.669243458064514
1241,9.469088045977012,9.82383367816092,87.0,87.0,820.9008333333333,48.0,2016-02-02 02:47:52.442880017,56.6493565316129
1242,9.435763999999999,9.866212333333333,90.0,90.0,819.916875,48.0,2016-02-03 03:27:27.682560008,56.62946960516129
1243,9.717090568181819,10.249184318181818,88.0,88.0,815.383125,48.0,2016-02-04 04:07:02.922240008,56.60958267870968
1244,9.689784719101123,10.07893606741573,89.0,89.0,809.739375,48.0,2016-02-05 04:46:38.161920008,56.589695752258066
1245,9.838878620689655,10.143258045977012,87.0,87.0,813.3035416666667,48.0,2016-02-06 05:26:13.401600008,56.56980882580645
1246,9.714579545454546,10.122314090909091,88.0,88.0,806.1802083333333,48.0,2016-02-07 06:05:48.641280008,56.549921899354835
1247,9.698862921348315,10.239069887640449,89.0,89.0,808.2729166666667,48.0,2016-02-08 06:45:23.880960008,56.53003497290322
1248,9.737178409090909,10.096512045454546,88.0,88.0,803.4162500000001,48.0,2016-02-09 07:24:59.120640008,56.51014804645161
1249,9.840187586206897,10.308795747126437,87.0,87.0,810.5529166666666,48.0,2016-02-10 08:04:34.360320000,56.49026112
1250,9.990955227272728,10.437203522727273,88.0,88.0,804.8385416666666,48.0,2016-02-11 08:44:09.600000000,56.47037419354839
1251,9.796998636363638,10.268060113636365,88.0,88.0,806.1947916666667,48.0,2016-02-12 09:23:44.839680000,56.450487267096776
1252,9.819239545454545,10.264663749999999,88.0,88.0,801.4629166666667,48.0,2016-02-13 10:03:20.079360000,56.43060034064516
1253,9.813488275862069,10.304264137931035,87.0,87.0,793.735,48.0,2016-02-14 10:42:55.319040000,56.410713414193545
1254,9.85587965909091,10.23112,88.0,88.0,800.160625,48.0,2016-02-15 11:22:30.558720000,56.36240968827586
1255,9.813954137931034,10.353529655172414,87.0,87.0,792.9291666666667,48.0,2016-02-16 12:02:05.798400000,56.28091900689655
1256,9.722010449438201,10.262173033707866,89.0,89.0,795.761875,48.0,2016-02-17 12:41:41.038079991,56.19942832551724
1257,9.95854183908046,10.370111379310345,87.0,87.0,793.801875,48.0,2016-02-18 13:21:16.277760017,56.11793764413793
1258,9.672793222222221,10.182684666666667,90.0,90.0,791.3527083333333,48.0,2016-02-19 14:00:51.517440008,56.03644696275862
1259,9.865630344827586,10.36057459770115,87.0,87.0,791.6514583333333,48.0,2016-02-20 14:40:26.757120008,55.95495628137931
1260,9.961971818181818,10.420019431818183,88.0,88.0,792.3033333333333,48.0,2016-02-21 15:20:01.996800008,55.873465599999996
1261,9.810402045454545,10.287784772727273,88.0,88.0,788.9266666666667,48.0,2016-02-22 15:59:37.236480008,55.79197491862069
1262,9.779354318181818,10.260367613636364,88.0,88.0,789.4231249999999,48.0,2016-02-23 16:39:12.476160008,55.71048423724138
1263,9.748611348314606,10.150229101123596,89.0,89.0,790.7604166666666,48.0,2016-02-24 17:18:47.715840008,55.62899355586207
1264,9.982463146067415,10.463646966292135,89.0,89.0,790.9108333333334,48.0,2016-02-25 17:58:22.955520008,55.54750287448276
1265,9.749757613636364,10.262852500000001,88.0,88.0,790.895625,48.0,2016-02-26 18:37:58.195199999,55.466012193103445
1266,9.976882613636365,10.444950795454545,88.0,88.0,786.2147916666667,48.0,2016-02-27 19:17:33.434880000,55.38452151172414
1267,10.016502808988765,10.567177303370787,89.0,89.0,787.0897916666667,48.0,2016-02-28 19:57:08.674560000,55.30303083034483
1268,10.033555227272727,10.503626136363637,88.0,88.0,784.9785416666667,48.0,2016-02-29 20:36:43.914240000,55.221540148965516
1269,10.009450568181817,10.478206363636364,88.0,88.0,787.6435416666667,48.0,2016-03-01 21:16:19.153920000,55.14004946758621
1270,9.859128409090909,10.288459545454545,88.0,88.0,782.8452083333333,48.0,2016-03-02 21:55:54.393600000,55.058558786206895
1271,9.741896896551724,10.141885172413794,87.0,87.0,784.4064583333334,48.0,2016-03-03 22:35:29.633280000,54.97706810482759
1272,9.706080229885059,10.138613678160919,87.0,87.0,779.6110416666667,48.0,2016-03-04 23:15:04.872960017,54.89557742344827
1273,9.754955714285714,9.947095054945056,91.0,91.0,778.11625,48.0,2016-03-05 23:54:40.112640017,54.814086742068966
1274,10.112050459770115,10.19718724137931,87.0,87.0,777.1095833333334,48.0,2016-03-07 00:34:15.352320008,54.73259606068966
1275,10.057458735632185,10.178576091954023,87.0,87.0,778.7708333333334,48.0,2016-03-08 01:13:50.592000008,54.651105379310344
1276,10.178260449438202,10.465857528089888,89.0,89.0,777.6697916666667,48.0,2016-03-09 01:53:25.831680008,54.56961469793104
1277,10.238285977011493,10.383952183908045,87.0,87.0,775.9210416666666,48.0,2016-03-10 02:33:01.071360008,54.48812401655172
1278,10.098418295454545,10.212845340909091,88.0,88.0,773.069375,48.0,2016-03-11 03:12:36.311040008,54.406633335172415
1279,9.8051802247191,9.896960449438202,89.0,89.0,764.1535416666667,48.0,2016-03-12 03:52:11.550720008,54.32514265379311
1280,9.86885590909091,9.951944204545454,88.0,88.0,772.4372916666666,48.0,2016-03-13 04:31:46.790400008,54.243651972413794
1281,10.098620689655172,10.251259655172413,87.0,87.0,767.9845833333334,48.0,2016-03-14 05:11:22.030080000,54.16216129103449
1282,10.106212159090909,10.366915909090908,88.0,88.0,760.94375,48.0,2016-03-15 05:50:57.269760000,53.97263748129033
1283,10.05799,10.278459772727272,88.0,88.0,768.7716666666666,48.0,2016-03-16 06:30:32.509440000,53.43569046709678
1284,10.037492727272728,10.195865227272726,88.0,88.0,766.3641666666666,48.0,2016-03-17 07:10:07.749120000,52.898743452903226
1285,10.080997272727272,10.258244431818182,88.0,88.0,759.86625,48.0,2016-03-18 07:49:42.988800000,52.361796438709675
1286,10.046733103448275,10.10769620689655,87.0,87.0,767.080625,48.0,2016-03-19 08:29:18.228479999,51.82484942451613
1287,9.94367264367816,10.108875747126437,87.0,87.0,760.4733333333334,48.0,2016-03-20 09:08:53.468160000,51.28790241032258
1288,9.966223181818181,10.128304204545454,88.0,88.0,767.1241666666666,48.0,2016-03-21 09:48:28.707839991,50.75095539612903
1289,9.845304719101124,9.997280112359551,89.0,89.0,763.4345833333333,48.0,2016-03-22 10:28:03.947520017,50.214008381935486
1290,10.065866781609195,10.166415057471264,87.0,87.0,760.7747916666667,48.0,2016-03-23 11:07:39.187200008,49.677061367741935
1291,10.013345909090908,10.206187045454545,88.0,88.0,758.7977083333334,48.0,2016-03-24 11:47:14.426880008,49.140114353548384
1292,10.146786666666667,10.343049080459771,87.0,87.0,755.0837499999999,48.0,2016-03-25 12:26:49.666560008,48.60316733935484
1293,10.176495862068965,10.403586206896552,87.0,87.0,754.100625,48.0,2016-03-26 13:06:24.906240008,48.06622032516129
1294,10.137791477272726,10.378382272727272,88.0,88.0,760.5956249999999,48.0,2016-03-27 13:46:00.145920008,47.52927331096774
1295,9.706617191011235,9.792877752808987,89.0,89.0,753.5179166666667,48.0,2016-03-28 14:25:35.385600008,46.992326296774195
1296,9.82213172413793,9.889687471264368,87.0,87.0,752.364375,48.0,2016-03-29 15:05:10.625280008,46.455379282580644
1297,9.791647356321839,9.886237931034483,87.0,87.0,759.1839583333334,48.0,2016-03-30 15:44:45.864960000,45.91843226838709
1298,9.946041136363636,10.022128636363636,88.0,88.0,754.7287500000001,48.0,2016-03-31 16:24:21.104640000,45.38148525419355
1299,10.059875057471263,10.231377471264366,87.0,87.0,754.9220833333334,48.0,2016-04-01 17:03:56.344319999,44.84453824
1300,9.987908314606742,10.140518876404494,89.0,89.0,751.2016666666667,48.0,2016-04-02 17:43:31.584000000,44.30759122580645
1301,10.026204318181819,10.316116022727273,88.0,88.0,745.7452083333333,48.0,2016-04-03 18:23:06.823680000,43.770644211612904
1302,10.10651459770115,10.284630459770115,87.0,87.0,749.7914583333333,48.0,2016-04-04 19:02:42.063360000,43.23369719741935
1303,10.222744482758621,10.351852298850574,87.0,87.0,742.4310416666667,48.0,2016-04-05 19:42:17.303040000,42.6967501832258
1304,10.134407931034483,10.325792528735631,87.0,87.0,747.23375,48.0,2016-04-06 20:21:52.542720017,42.15980316903226
1305,10.330543863636363,10.42570318181818,88.0,88.0,746.0589583333334,48.0,2016-04-07 21:01:27.782400017,41.62285615483871
1306,10.340346091954023,10.497019770114942,87.0,87.0,742.5127083333333,48.0,2016-04-08 21:41:03.022080008,41.08590914064516
1307,10.279777386363635,10.480612954545455,88.0,88.0,752.926875,48.0,2016-04-09 22:20:38.261760008,40.54896212645161
1308,10.330498275862068,10.482697126436781,87.0,87.0,747.7564583333333,48.0,2016-04-10 23:00:13.501440008,40.01201511225806
1309,10.321629195402299,10.511788045977012,87.0,87.0,734.1997916666666,48.0,2016-04-11 23:39:48.741120008,39.47506809806451
1310,10.268079887640448,10.464416629213483,89.0,89.0,745.7472916666667,48.0,2016-04-13 00:19:23.980800008,38.93812108387097
1311,10.069337954545453,10.247612954545454,88.0,88.0,748.7779166666666,48.0,2016-04-14 00:58:59.220480008,38.40117406967742
1312,9.942310795454546,10.231744886363636,88.0,88.0,748.9614583333333,48.0,2016-04-15 01:38:34.460160008,37.93103266133333
1313,9.695642666666666,9.861837555555555,180.0,180.0,748.5450000000001,48.0,2016-04-16 02:18:09.699840008,38.396828672
1314,9.708108620689655,9.90869356321839,174.0,174.0,748.6985416666666,48.0,2016-04-17 02:57:44.939520000,38.86262468266666
1315,9.767074772727272,9.89459340909091,88.0,88.0,746.916875,48.0,2016-04-18 03:37:20.179200000,39.328420693333335
1316,10.002523522727273,10.223993409090909,88.0,88.0,746.6922916666667,48.0,2016-04-19 04:16:55.418880000,39.794216704
1317,9.981468295454546,10.229085227272726,88.0,88.0,748.8752083333334,48.0,2016-04-20 04:56:30.658560000,40.260012714666665
1318,10.107290568181817,10.405397386363637,88.0,88.0,749.5416666666666,48.0,2016-04-21 05:36:05.898240000,40.72580872533333
1319,10.164028876404494,10.404854943820226,89.0,89.0,744.485,48.0,2016-04-22 06:15:41.137920000,41.191604736
1320,10.066028068181819,10.323963636363636,88.0,88.0,745.3764583333333,48.0,2016-04-23 06:55:16.377599999,41.65740074666667
1321,9.982537159090908,10.187125340909091,88.0,88.0,739.36375,48.0,2016-04-24 07:34:51.617280017,42.12319675733333
1322,9.907838539325843,10.043499662921349,178.0,178.0,743.0835416666667,48.0,2016-04-25 08:14:26.856960008,42.588992768
1323,9.901767471264368,10.074359770114942,174.0,174.0,742.215,48.0,2016-04-26 08:54:02.096640008,43.05478877866666
1324,9.93076181818182,10.072510454545453,88.0,88.0,738.7839583333333,48.0,2016-04-27 09:33:37.336320008,43.520584789333334
1325,9.827849101123595,10.039465280898877,89.0,89.0,731.2937499999999,48.0,2016-04-28 10:13:12.576000008,43.9863808
1326,9.945211590909091,10.17163125,88.0,88.0,731.70125,48.0,2016-04-29 10:52:47.815680008,44.452176810666664
1327,10.179493448275863,10.36201172413793,87.0,87.0,727.2870833333333,48.0,2016-04-30 11:32:23.055360008,44.917972821333336
1328,10.055178068181819,10.305313181818182,88.0,88.0,726.6747916666667,48.0,2016-05-01 12:11:58.295040008,45.383768832
1329,10.081178555555555,10.370985555555555,90.0,90.0,730.3054166666667,48.0,2016-05-02 12:51:33.534720008,45.849564842666666
1330,10.027919431818182,10.333684204545454,88.0,88.0,741.63625,48.0,2016-05-03 13:31:08.774400000,46.31536085333333
1331,9.948750574712644,10.237108275862068,174.0,174.0,730.7897916666667,48.0,2016-05-04 14:10:44.014080000,46.781156863999996
1332,10.035282183908047,10.214194137931035,174.0,174.0,731.3762499999999,48.0,2016-05-05 14:50:19.253760000,47.24695287466667
1333,9.937500674157302,10.106956629213483,89.0,89.0,727.1177083333333,48.0,2016-05-06 15:29:54.493440000,47.71274888533333
1334,10.090737415730338,10.232321573033708,89.0,89.0,732.2770833333334,48.0,2016-05-07 16:09:29.733120000,48.178544896
1335,10.229178390804599,10.385097471264368,87.0,87.0,734.8383333333333,48.0,2016-05-08 16:49:04.972800000,48.64434090666667
1336,10.155787126436781,10.37427172413793,87.0,87.0,732.6999999999999,48.0,2016-05-09 17:28:40.212480017,49.110136917333335
1337,10.021436781609195,10.186939195402298,87.0,87.0,737.8297916666667,48.0,2016-05-10 18:08:15.452160017,49.575932928
1338,9.905872584269662,10.169664494382022,89.0,89.0,735.1708333333332,48.0,2016-05-11 18:47:50.691840017,50.041728938666665
1339,10.062307272727272,10.266385795454546,88.0,88.0,736.8708333333334,48.0,2016-05-12 19:27:25.931520008,50.50752494933333
1340,10.194748735632183,10.41498551724138,87.0,87.0,737.6106249999999,48.0,2016-05-13 20:07:01.171200008,50.97332096
1341,10.296497045454545,10.542412045454546,88.0,88.0,740.7464583333334,48.0,2016-05-14 20:46:36.410880008,51.43911697066667
1342,10.181997045454546,10.53026909090909,88.0,88.0,739.711875,48.0,2016-05-15 21:26:11.650560008,50.6068096
1343,10.141314204545454,10.37400875,88.0,88.0,738.0875,48.0,2016-05-16 22:05:46.890240008,49.5793184
1344,10.29214183908046,10.629883218390805,87.0,87.0,739.7610416666666,48.0,2016-05-17 22:45:22.129920008,48.5518272
1345,10.209059204545454,10.44385125,88.0,88.0,733.4185416666666,48.0,2016-05-18 23:24:57.369600008,47.524336
1346,10.078578977272727,10.364510227272728,88.0,88.0,732.398125,48.0,2016-05-20 00:04:32.609280000,46.4968448
1347,10.091983295454545,10.176732954545455,88.0,88.0,741.2077083333334,48.0,2016-05-21 00:44:07.848960000,45.4693536
1348,9.906701931818182,9.974469090909091,88.0,88.0,736.4264583333334,48.0,2016-05-22 01:23:43.088640000,44.4418624
1349,10.00504275862069,10.06333448275862,87.0,87.0,730.023125,48.0,2016-05-23 02:03:18.328320000,43.4143712
1350,10.099068539325842,10.136016629213483,89.0,89.0,740.6054166666667,48.0,2016-05-24 02:42:53.568000000,42.38688
1351,9.98076909090909,10.219032045454545,176.0,176.0,734.3997916666667,48.0,2016-05-25 03:22:28.807680000,41.3593888
1352,10.151283636363637,10.372368409090909,176.0,176.0,729.0772916666666,48.0,2016-05-26 04:02:04.047360000,40.3318976
1353,10.020029775280898,10.357803595505619,89.0,89.0,735.214375,48.0,2016-05-27 04:41:39.287040017,39.3044064
1354,10.17463090909091,10.453244886363636,88.0,88.0,730.291875,48.0,2016-05-28 05:21:14.526720017,38.276915200000005
1355,10.241238636363637,10.39859590909091,88.0,88.0,742.6506250000001,48.0,2016-05-29 06:00:49.766400008,37.249424000000005
1356,10.214531590909091,10.463597954545454,88.0,88.0,737.5929166666666,48.0,2016-05-30 06:40:25.006080008,36.221932800000005
1357,10.091619775280899,10.38747202247191,89.0,89.0,736.6339583333333,48.0,2016-05-31 07:20:00.245760008,35.194441600000005
1358,10.077138636363635,10.303045340909092,88.0,88.0,738.3597916666666,48.0,2016-06-01 07:59:35.485440008,34.166950400000005
1359,10.151237191011235,10.449690112359551,89.0,89.0,743.8633333333333,48.0,2016-06-02 08:39:10.725120008,33.139459200000005
1360,10.282749772727273,10.581251931818182,88.0,88.0,745.3504166666667,48.0,2016-06-03 09:18:45.964800008,32.111968000000005
1361,10.361365227272726,10.720486477272727,88.0,88.0,743.2885416666667,48.0,2016-06-04 09:58:21.204480008,31.0844768
1362,10.640640454545455,10.8548325,88.0,88.0,745.1333333333333,48.0,2016-06-05 10:37:56.444160000,30.0569856
1363,10.507166853932583,10.843539438202248,89.0,89.0,744.291875,48.0,2016-06-06 11:17:31.683840000,29.0294944
1364,10.32778375,10.577269204545455,88.0,88.0,745.7439583333334,48.0,2016-06-07 11:57:06.923520000,28.0020032
1365,10.45162090909091,10.705240909090909,88.0,88.0,745.575625,48.0,2016-06-08 12:36:42.163200000,26.974512
1366,10.473876931818182,10.719180795454546,88.0,88.0,744.4441666666667,48.0,2016-06-09 13:16:17.402880000,25.9470208
1367,10.382100449438202,10.704762808988765,89.0,89.0,747.9916666666667,48.0,2016-06-10 13:55:52.642560000,24.9195296
1368,10.447030681818182,10.833519886363636,88.0,88.0,743.36,48.0,2016-06-11 14:35:27.882240017,23.8920384
1369,10.575884831460673,10.80375606741573,89.0,89.0,740.2225,48.0,2016-06-12 15:15:03.121920017,22.8645472
1370,10.571203793103448,10.71266459770115,87.0,87.0,746.5785416666666,48.0,2016-06-13 15:54:38.361600017,21.837056
1371,10.222960681818181,10.566842045454546,88.0,88.0,749.1120833333333,48.0,2016-06-14 16:34:13.601280008,20.8095648
1372,10.17439831460674,10.250497640449439,89.0,89.0,745.1595833333332,48.0,2016-06-15 17:13:48.840960008,20.784777472
1373,10.090487954545454,10.173883409090909,88.0,88.0,738.913125,48.0,2016-06-16 17:53:24.080640008,21.192348981333332
1374,10.00774643678161,10.04311183908046,87.0,87.0,743.8091666666666,48.0,2016-06-17 18:32:59.320320008,21.599920490666666
1375,9.944111123595505,10.016124157303372,89.0,89.0,739.511875,48.0,2016-06-18 19:12:34.560000008,22.007492
1376,9.96891775280899,10.036783033707865,89.0,89.0,741.8672916666666,48.0,2016-06-19 19:52:09.799680008,22.415063509333333
1377,10.12625988505747,10.249910459770115,87.0,87.0,747.4252083333334,48.0,2016-06-20 20:31:45.039360008,22.822635018666666
1378,10.085942471910112,10.277192584269663,89.0,89.0,752.8675,48.0,2016-06-21 21:11:20.279040000,23.230206528
1379,10.201702045454546,10.381336136363636,88.0,88.0,749.6704166666667,48.0,2016-06-22 21:50:55.518720000,23.637778037333334
1380,10.204317701149424,10.36583103448276,87.0,87.0,744.6581249999999,48.0,2016-06-23 22:30:30.758400000,24.045349546666667
1381,10.057880898876403,10.169173258426966,89.0,89.0,744.2897916666667,48.0,2016-06-24 23:10:05.998080000,24.452921056
1382,10.12287375,10.249678977272728,88.0,88.0,750.0116666666667,48.0,2016-06-25 23:49:41.237760000,24.86049256533333
1383,10.16212264367816,10.370852528735632,87.0,87.0,753.6235416666667,48.0,2016-06-27 00:29:16.477440000,25.268064074666665
1384,10.289786896551725,10.407383448275862,87.0,87.0,747.94375,48.0,2016-06-28 01:08:51.717119999,25.675635584
1385,10.233703977272727,10.48120590909091,88.0,88.0,757.4499999999999,48.0,2016-06-29 01:48:26.956800017,26.083207093333332
1386,10.13816988764045,10.34246584269663,89.0,89.0,759.8718749999999,48.0,2016-06-30 02:28:02.196480017,26.490778602666666
1387,10.291132471910112,10.56785,89.0,89.0,755.2622916666666,48.0,2016-07-01 03:07:37.436160008,26.898350112
1388,10.554611428571429,10.787836666666665,63.0,63.0,760.2641666666667,48.0,2016-07-02 03:47:12.675840008,27.305921621333333
1389,10.426442784810126,10.652479873417722,79.0,79.0,777.8129166666666,48.0,2016-07-03 04:26:47.915520008,27.713493130666667
1390,10.501632873563219,10.727670344827587,87.0,87.0,,,2016-07-04 05:06:23.155200008,28.12106464
1391,10.59482930232558,10.865686046511627,86.0,86.0,,,2016-07-05 05:45:58.394880008,28.52863614933333
1392,10.717664252873563,11.061846896551724,87.0,87.0,,,2016-07-06 06:25:33.634560008,28.936207658666667
1393,10.88336172413793,11.186731149425286,87.0,87.0,,,2016-07-07 07:05:08.874240008,29.343779167999998
1394,10.810085232558139,11.049615232558141,86.0,86.0,,,2016-07-08 07:44:44.113920000,29.75135067733333
1395,10.362595106382978,10.53964255319149,47.0,47.0,,,2016-07-09 08:24:19.353600000,30.158922186666665
1396,10.186946931818182,10.467651136363635,88.0,88.0,,,2016-07-10 09:03:54.593279999,30.566493696
1397,10.050797528089888,10.267419550561797,89.0,89.0,,,2016-07-11 09:43:29.832960000,30.974065205333332
1398,10.140791839080459,10.341317126436781,87.0,87.0,748.0145833333332,48.0,2016-07-12 10:23:05.072640000,31.381636714666662
1399,9.97541643678161,10.230420229885057,87.0,87.0,761.9302083333333,48.0,2016-07-13 11:02:40.312320000,31.789208224
1400,10.039210151515151,10.163493787878787,66.0,66.0,767.321875,48.0,2016-07-14 11:42:15.552000017,32.19677973333333
1401,9.980947356321838,10.147770689655172,87.0,87.0,770.9722916666666,48.0,2016-07-15 12:21:50.791680017,32.69580797935484
1402,10.100914886363636,10.175960227272727,88.0,88.0,763.865625,48.0,2016-07-16 13:01:26.031360017,33.285786797419355
1403,10.104927126436781,10.261167816091953,87.0,87.0,766.7210416666667,48.0,2016-07-17 13:41:01.271040008,33.87576561548387
1404,10.107126590909091,10.31969,88.0,88.0,772.758125,48.0,2016-07-18 14:20:36.510720008,34.46574443354839
1405,10.243267931034483,10.50865724137931,87.0,87.0,773.8047916666666,48.0,2016-07-19 15:00:11.750400008,35.0557232516129
1406,10.040725056179776,10.228889101123595,89.0,89.0,768.3260416666667,48.0,2016-07-20 15:39:46.990080008,35.64570206967742
1407,10.032449431818181,10.241265113636363,88.0,88.0,770.058125,48.0,2016-07-21 16:19:22.229760008,36.235680887741935
1408,10.12837625,10.26163409090909,88.0,88.0,771.3820833333333,48.0,2016-07-22 16:58:57.469440008,36.82565970580645
1409,10.144779431818181,10.26938840909091,88.0,88.0,781.2654166666666,48.0,2016-07-23 17:38:32.709120008,37.41563852387097
1410,10.290939318181819,10.473958181818182,88.0,88.0,776.061875,48.0,2016-07-24 18:18:07.948800000,38.00561734193548
1411,10.262101931818181,10.465459090909091,88.0,88.0,778.509375,48.0,2016-07-25 18:57:43.188480000,38.59559616
1412,10.314408295454545,10.59327784090909,88.0,88.0,792.828125,48.0,2016-07-26 19:37:18.428160000,39.185574978064516
1413,10.330923448275863,10.640229195402299,87.0,87.0,779.5141666666667,48.0,2016-07-27 20:16:53.667840000,39.77555379612903
1414,10.390333522727273,10.695272272727273,88.0,88.0,775.1616666666667,48.0,2016-07-28 20:56:28.907520000,40.36553261419355
1415,10.431307471264367,10.651251149425288,87.0,87.0,789.2910416666667,48.0,2016-07-29 21:36:04.147200000,40.955511432258064
1416,10.39075659090909,10.754678522727273,88.0,88.0,787.688125,48.0,2016-07-30 22:15:39.386880000,41.54549025032258
1417,10.426953522727272,10.76617943181818,88.0,88.0,783.814375,48.0,2016-07-31 22:55:14.626560017,42.135469068387096
1418,10.522079318181818,10.79211943181818,88.0,88.0,798.7447916666666,48.0,2016-08-01 23:34:49.866240017,42.72544788645161
1419,10.359484943820224,10.639313595505618,89.0,89.0,796.785,48.0,2016-08-03 00:14:25.105920008,43.31542670451613
1420,10.48479264367816,10.796389425287357,87.0,87.0,792.5066666666667,48.0,2016-08-04 00:54:00.345600008,43.905405522580644
1421,10.379353977272727,10.536564886363637,88.0,88.0,790.9770833333333,48.0,2016-08-05 01:33:35.585280008,44.49538434064516
1422,10.22715,10.41937375,88.0,88.0,793.876875,48.0,2016-08-06 02:13:10.824960008,45.08536315870968
1423,10.031250795454547,10.192109772727273,88.0,88.0,793.5977083333333,48.0,2016-08-07 02:52:46.064640008,45.67534197677419
1424,10.191334942528735,10.297490459770115,87.0,87.0,799.6416666666668,48.0,2016-08-08 03:32:21.304320008,46.265320794838715
1425,10.007870224719102,10.154525393258426,89.0,89.0,804.4770833333333,48.0,2016-08-09 04:11:56.544000008,46.855299612903224
1426,10.103857386363636,10.203914659090909,88.0,88.0,793.89,48.0,2016-08-10 04:51:31.783680000,47.44527843096775
1427,10.159833068181818,10.272044545454547,88.0,88.0,806.9197916666667,48.0,2016-08-11 05:31:07.023360000,48.035257249032256
1428,9.904043068181819,10.165679659090909,88.0,88.0,804.9204166666667,48.0,2016-08-12 06:10:42.263040000,48.62523606709678
1429,10.105244886363637,10.21807375,88.0,88.0,799.1297916666667,48.0,2016-08-13 06:50:17.502720000,49.21521488516129
1430,10.096395454545455,10.247443863636365,88.0,88.0,803.9722916666666,48.0,2016-08-14 07:29:52.742400000,49.80519370322581
1431,9.995014772727272,10.151742045454546,88.0,88.0,814.3483333333334,48.0,2016-08-15 08:09:27.982080000,50.13859740903226
1432,10.07325375,10.18897465909091,88.0,88.0,816.60875,48.0,2016-08-16 08:49:03.221760017,49.95298609548387
1433,10.075255,10.235318863636364,88.0,88.0,811.03875,48.0,2016-08-17 09:28:38.461440017,49.76737478193549
1434,10.217861264367816,10.445487126436781,87.0,87.0,822.3952083333334,48.0,2016-08-18 10:08:13.701120017,49.5817634683871
1435,10.135395168539326,10.339159325842697,89.0,89.0,822.6845833333333,48.0,2016-08-19 10:47:48.940800008,49.39615215483871
1436,10.232553522727272,10.43398409090909,88.0,88.0,830.1633333333333,48.0,2016-08-20 11:27:24.180480008,49.210540841290324
1437,10.249955568181818,10.424921249999999,88.0,88.0,827.063125,48.0,2016-08-21 12:06:59.420160008,49.02492952774194
1438,10.18809606741573,10.467743370786517,89.0,89.0,821.8375,48.0,2016-08-22 12:46:34.659840008,48.839318214193554
1439,10.208456321839082,10.570324137931035,87.0,87.0,833.67125,48.0,2016-08-23 13:26:09.899520008,48.65370690064516
1440,10.284639186046512,10.552351162790698,86.0,86.0,833.5281249999999,48.0,2016-08-24 14:05:45.139200008,48.46809558709678
1441,10.33301,10.632136179775282,89.0,89.0,825.5677083333334,48.0,2016-08-25 14:45:20.378880008,48.28248427354839
1442,10.349464090909091,10.573729318181819,88.0,88.0,833.5847916666667,48.0,2016-08-26 15:24:55.618559999,48.09687296
1443,10.685470804597701,10.905861954022988,87.0,87.0,834.9679166666666,48.0,2016-08-27 16:04:30.858240000,47.911261646451614
1444,10.519457816091954,10.859521379310346,87.0,87.0,829.6325,48.0,2016-08-28 16:44:06.097920000,47.72565033290323
1445,10.411768444444444,10.648251666666667,90.0,90.0,829.4464583333333,48.0,2016-08-29 17:23:41.337600000,47.54003901935484
1446,10.145438977272727,10.468731363636364,88.0,88.0,834.0260416666666,48.0,2016-08-30 18:03:16.577280000,47.35442770580645
1447,10.167021954022989,10.417961034482758,87.0,87.0,841.4831250000001,48.0,2016-08-31 18:42:51.816960000,47.168816392258066
1448,10.027057613636364,10.15718909090909,88.0,88.0,838.60875,48.0,2016-09-01 19:22:27.056640000,46.98320507870968
1449,9.956658390804598,9.921211494252873,87.0,87.0,842.7808333333334,48.0,2016-09-02 20:02:02.296320017,46.797593765161295
1450,9.997503793103448,9.932826091954023,87.0,87.0,840.625625,48.0,2016-09-03 20:41:37.536000017,46.6119824516129
1451,9.807546966292135,9.92973404494382,89.0,89.0,844.561875,48.0,2016-09-04 21:21:12.775680008,46.42637113806452
1452,10.156703218390804,10.15960183908046,87.0,87.0,845.4,48.0,2016-09-05 22:00:48.015360008,46.24075982451613
1453,10.253548620689655,10.335084827586206,87.0,87.0,846.4920833333334,48.0,2016-09-06 22:40:23.255040008,46.05514851096774
1454,10.122838295454544,10.282961931818182,88.0,88.0,852.7525,48.0,2016-09-07 23:19:58.494720008,45.869537197419355
1455,10.001734545454546,10.048309545454545,88.0,88.0,859.4566666666666,48.0,2016-09-08 23:59:33.734400008,45.68392588387097
1456,9.725588409090909,9.726041477272728,88.0,88.0,859.9058333333334,48.0,2016-09-10 00:39:08.974080008,45.498314570322584
1457,9.880258181818181,9.84773125,88.0,88.0,868.2427083333333,48.0,2016-09-11 01:18:44.213760008,45.3127032567742
1458,9.886902068965517,9.843574022988506,87.0,87.0,862.7668749999999,48.0,2016-09-12 01:58:19.453440000,45.12709194322581
1459,9.968375057471265,9.832697011494254,87.0,87.0,861.0595833333333,48.0,2016-09-13 02:37:54.693120000,44.94148062967742
1460,9.839417954545455,9.770479659090908,88.0,88.0,867.7214583333333,48.0,2016-09-14 03:17:29.932800000,44.755869316129036
1461,9.877065227272727,9.81367625,88.0,88.0,883.0491666666667,48.0,2016-09-15 03:57:05.172480000,44.53853320533334
1462,9.897815862068965,9.892702413793105,87.0,87.0,872.8883333333333,48.0,2016-09-16 04:36:40.412160000,44.15493649066667
1463,9.737142272727272,9.811145681818182,88.0,88.0,879.8470833333334,48.0,2016-09-17 05:16:15.651840000,43.771339776
1464,9.879736818181819,9.888821363636364,88.0,88.0,879.1485416666666,48.0,2016-09-18 05:55:50.891520017,43.38774306133333
1465,9.889838977272728,9.856597613636364,88.0,88.0,866.480625,48.0,2016-09-19 06:35:26.131200017,43.004146346666666
1466,9.883041590909091,9.913462045454546,88.0,88.0,879.1879166666666,48.0,2016-09-20 07:15:01.370880017,42.620549632
1467,9.921563636363636,9.950884204545455,88.0,88.0,879.7533333333332,48.0,2016-09-21 07:54:36.610560008,42.23695291733333
1468,10.393087303370788,10.660527752808989,89.0,89.0,883.0579166666666,48.0,2016-09-22 08:34:11.850240008,41.85335620266667
1469,10.569778876404495,10.887308876404495,89.0,89.0,872.8954166666667,48.0,2016-09-23 09:13:47.089920008,41.469759488
1470,10.612454318181818,10.936907954545454,88.0,88.0,872.945,48.0,2016-09-24 09:53:22.329600008,41.086162773333335
1471,10.522970568181819,10.835744318181817,88.0,88.0,864.44625,48.0,2016-09-25 10:32:57.569280008,40.70256605866667
1472,10.262610795454545,10.539477954545454,88.0,88.0,877.4016666666666,48.0,2016-09-26 11:12:32.808960008,40.318969344
1473,10.320403222222222,10.54603388888889,90.0,90.0,877.3527083333333,48.0,2016-09-27 11:52:08.048640008,39.93537262933334
1474,10.336481363636365,10.515083068181818,88.0,88.0,874.8560416666666,48.0,2016-09-28 12:31:43.288320000,39.55177591466666
1475,10.404310227272727,10.614969545454544,88.0,88.0,891.5820833333333,48.0,2016-09-29 13:11:18.528000000,39.1681792
1476,10.251213595505618,10.505385056179776,89.0,89.0,886.9204166666667,48.0,2016-09-30 13:50:53.767679999,38.78458248533333
1477,10.26643,10.499927752808988,89.0,89.0,886.3425000000001,48.0,2016-10-01 14:30:29.007360000,38.400985770666665
1478,10.355223636363636,10.700321931818182,88.0,88.0,892.8341666666666,48.0,2016-10-02 15:10:04.247040000,38.017389056
1479,10.557349318181819,10.846675909090909,88.0,88.0,895.5679166666667,48.0,2016-10-03 15:49:39.486720000,37.63379234133333
1480,10.549778295454546,10.964799999999999,88.0,88.0,893.9654166666666,48.0,2016-10-04 16:29:14.726400000,37.25019562666667
1481,10.726424999999999,11.000237613636363,88.0,88.0,892.3883333333333,48.0,2016-10-05 17:08:49.966080017,36.866598912
1482,10.678408777777777,11.043510777777778,90.0,90.0,898.7477083333333,48.0,2016-10-06 17:48:25.205760017,36.483002197333334
1483,10.76542875,11.077688863636364,88.0,88.0,897.9079166666667,48.0,2016-10-07 18:28:00.445440008,36.09940548266667
1484,10.803273522727274,11.118057727272728,88.0,88.0,896.9572916666666,48.0,2016-10-08 19:07:35.685120008,35.715808768
1485,10.554612471910112,10.978030898876405,89.0,89.0,908.2120833333333,48.0,2016-10-09 19:47:10.924800008,35.332212053333336
1486,10.387931348314607,10.732289325842697,89.0,89.0,906.87875,48.0,2016-10-10 20:26:46.164480008,34.94861533866667
1487,10.598590340909091,10.860662159090909,88.0,88.0,903.6675,48.0,2016-10-11 21:06:21.404160008,34.565018624000004
1488,10.585730795454545,10.951366818181818,88.0,88.0,910.5941666666666,48.0,2016-10-12 21:45:56.643840008,34.18142190933333
1489,10.687710909090908,11.102785227272728,88.0,88.0,904.2897916666667,48.0,2016-10-13 22:25:31.883520008,33.797825194666665
1490,10.580499438202247,10.833996966292135,89.0,89.0,895.919375,48.0,2016-10-14 23:05:07.123200000,33.41422848
1491,10.584308863636364,10.852725795454544,88.0,88.0,900.8802083333334,48.0,2016-10-15 23:44:42.362880000,33.0170145032258
1492,10.574168863636363,10.863407500000001,88.0,88.0,903.9470833333334,48.0,2016-10-17 00:24:17.602560000,32.61927597419355
1493,10.664234719101124,11.001285168539326,89.0,89.0,900.8333333333334,48.0,2016-10-18 01:03:52.842240000,32.22153744516129
1494,10.826346279069767,11.272447674418606,86.0,86.0,897.476875,48.0,2016-10-19 01:43:28.081920000,31.823798916129032
1495,10.600574318181819,10.996823295454545,88.0,88.0,895.2383333333333,48.0,2016-10-20 02:23:03.321600000,31.426060387096772
1496,10.654859550561799,10.898002808988764,89.0,89.0,919.169375,48.0,2016-10-21 03:02:38.561280017,31.028321858064515
1497,10.455178068181818,10.863198068181818,88.0,88.0,906.5918750000001,48.0,2016-10-22 03:42:13.800960017,30.630583329032255
1498,10.46410275862069,10.842285172413794,87.0,87.0,895.553125,48.0,2016-10-23 04:21:49.040640017,30.2328448
1499,10.447882471910113,10.789660449438202,89.0,89.0,906.39875,48.0,2016-10-24 05:01:24.280320008,29.835106270967742
1500,10.382873258426967,10.663336292134831,89.0,89.0,905.43,48.0,2016-10-25 05:40:59.520000008,29.437367741935482
1501,10.38826181818182,10.70563034090909,88.0,88.0,898.2229166666666,48.0,2016-10-26 06:20:34.759680008,29.039629212903225
1502,10.476472954545455,10.769919090909092,88.0,88.0,914.9908333333333,48.0,2016-10-27 07:00:09.999360008,28.641890683870965
1503,10.57216715909091,10.958739090909091,88.0,88.0,908.6179166666667,48.0,2016-10-28 07:39:45.239040008,28.24415215483871
1504,10.611812528735632,10.982365172413793,87.0,87.0,918.1122916666667,48.0,2016-10-29 08:19:20.478720008,27.84641362580645
1505,10.523341264367817,10.927549195402298,87.0,87.0,894.7441666666667,48.0,2016-10-30 08:58:55.718400008,27.448675096774192
1506,10.74214011235955,11.106155056179775,89.0,89.0,914.5522916666667,48.0,2016-10-31 09:38:30.958080000,27.050936567741935
1507,10.608806818181819,10.991711590909091,88.0,88.0,914.3270833333332,48.0,2016-11-01 10:18:06.197760000,26.653198038709675
1508,10.828129431818182,11.218998181818181,88.0,88.0,902.2783333333333,48.0,2016-11-02 10:57:41.437440000,26.25545950967742
1509,10.845683522727272,11.228652954545455,88.0,88.0,904.7781249999999,48.0,2016-11-03 11:37:16.677120000,25.85772098064516
1510,10.706168636363635,11.15038090909091,88.0,88.0,914.22375,48.0,2016-11-04 12:16:51.916799999,25.459982451612902
1511,10.876138965517242,11.300715517241379,87.0,87.0,910.0210416666667,48.0,2016-11-05 12:56:27.156480000,25.06224392258064
1512,10.923462386363637,11.325648522727272,88.0,88.0,914.1725,48.0,2016-11-06 13:36:02.396160000,24.664505393548385
1513,10.989275568181817,11.441898068181818,88.0,88.0,909.5658333333334,48.0,2016-11-07 14:15:37.635840017,24.26676686451613
1514,10.83808735632184,11.27003551724138,87.0,87.0,903.2027083333334,48.0,2016-11-08 14:55:12.875520017,23.86902833548387
1515,10.698431136363636,11.04813875,88.0,88.0,905.5127083333333,48.0,2016-11-09 15:34:48.115200008,23.471289806451612
1516,10.676975824175823,10.954815714285715,91.0,91.0,906.61875,48.0,2016-11-10 16:14:23.354880008,23.073551277419355
1517,10.864159540229885,11.189397471264368,87.0,87.0,909.58875,48.0,2016-11-11 16:53:58.594560008,22.675812748387095
1518,10.946846704545454,11.325324318181819,88.0,88.0,901.0633333333334,48.0,2016-11-12 17:33:33.834240008,22.278074219354835
1519,10.893700568181819,11.303221818181818,88.0,88.0,897.0960416666667,48.0,2016-11-13 18:13:09.073920008,21.88033569032258
1520,10.813988539325843,11.215375168539326,89.0,89.0,904.2364583333333,48.0,2016-11-14 18:52:44.313600008,21.48259716129032
1521,10.827411123595505,11.325996629213483,89.0,89.0,902.955625,48.0,2016-11-15 19:32:19.553280008,21.32130219733333
1522,11.025790114942529,11.459605632183909,87.0,87.0,894.438125,48.0,2016-11-16 20:11:54.792960000,21.221978048
1523,10.988644545454546,11.40331659090909,88.0,88.0,908.3581250000001,48.0,2016-11-17 20:51:30.032640000,21.122653898666666
1524,10.619109772727272,11.053435568181818,88.0,88.0,904.709375,48.0,2016-11-18 21:31:05.272320000,21.02332974933333
1525,10.48675125,10.830688863636365,88.0,88.0,898.429375,48.0,2016-11-19 22:10:40.512000000,20.924005599999997
1526,10.50639415730337,10.839957528089888,89.0,89.0,906.3704166666666,48.0,2016-11-20 22:50:15.751680000,20.824681450666667
1527,10.537383793103448,10.88515712643678,87.0,87.0,906.1397916666666,48.0,2016-11-21 23:29:50.991360000,20.725357301333332
1528,10.529886818181819,10.84495625,88.0,88.0,905.8939583333332,48.0,2016-11-23 00:09:26.231040017,20.626033151999998
1529,10.572419101123595,10.998831797752809,89.0,89.0,905.3491666666667,48.0,2016-11-24 00:49:01.470720017,20.526709002666667
1530,10.65638090909091,11.014477386363636,88.0,88.0,906.4802083333334,48.0,2016-11-25 01:28:36.710400017,20.427384853333333
1531,10.541317191011236,11.00247617977528,89.0,89.0,908.1691666666667,48.0,2016-11-26 02:08:11.950080008,20.328060704
1532,10.793480113636363,11.191917045454545,88.0,88.0,909.415,48.0,2016-11-27 02:47:47.189760008,20.228736554666668
1533,10.757065113636363,11.194479204545454,88.0,88.0,892.066875,48.0,2016-11-28 03:27:22.429440008,20.129412405333333
1534,10.756251,11.230291,10.0,10.0,901.7227083333333,48.0,2016-11-29 04:06:57.669120008,20.030088256
1535,10.754204772727272,11.243989772727273,88.0,88.0,905.9420833333334,48.0,2016-11-30 04:46:32.908800008,19.930764106666665
1536,10.83126590909091,11.322760340909092,88.0,88.0,908.535625,48.0,2016-12-01 05:26:08.148480008,19.831439957333334
1537,10.744772666666666,11.181216,90.0,90.0,903.5752083333333,48.0,2016-12-02 06:05:43.388160008,19.732115808
1538,10.816706704545455,11.331692954545455,88.0,88.0,908.5145833333332,48.0,2016-12-03 06:45:18.627840000,19.632791658666665
1539,10.891062272727273,11.31678340909091,88.0,88.0,889.6175,48.0,2016-12-04 07:24:53.867519999,19.533467509333335
1540,10.751259662921349,11.18874224719101,89.0,89.0,895.5,48.0,2016-12-05 08:04:29.107200000,19.43414336
1541,10.74350181818182,11.106088295454546,88.0,88.0,902.3047916666666,48.0,2016-12-06 08:44:04.346880000,19.334819210666666
1542,10.777407126436781,11.177089425287356,87.0,87.0,895.4689583333334,48.0,2016-12-07 09:23:39.586560000,19.23549506133333
1543,10.82359988764045,11.150751685393258,89.0,89.0,892.7539583333333,48.0,2016-12-08 10:03:14.826240000,19.136170912
1544,10.708321704545455,11.240414318181818,88.0,88.0,888.3418750000001,48.0,2016-12-09 10:42:50.065920000,19.036846762666666
1545,10.807683522727272,11.304076704545453,88.0,88.0,879.1470833333333,48.0,2016-12-10 11:22:25.305600017,18.937522613333332
1546,10.897244606741573,11.393271011235955,89.0,89.0,880.8047916666666,48.0,2016-12-11 12:02:00.545280017,18.838198464
1547,10.86881215909091,11.47324159090909,88.0,88.0,896.4577083333334,48.0,2016-12-12 12:41:35.784960008,18.738874314666667
1548,10.908103068181818,11.475033863636364,88.0,88.0,892.0785416666666,48.0,2016-12-13 13:21:11.024640008,18.639550165333333
1549,10.832885113636364,11.420250227272728,88.0,88.0,884.3177083333334,48.0,2016-12-14 14:00:46.264320008,18.540226016
1550,10.652433636363638,11.07250409090909,88.0,88.0,898.0625,48.0,2016-12-15 14:40:21.504000008,18.649881806451614
1551,10.624660795454545,11.052021704545455,88.0,88.0,889.4404166666667,48.0,2016-12-16 15:19:56.743680008,18.90178287483871
1552,10.604173522727272,10.921425568181819,88.0,88.0,887.0264583333333,48.0,2016-12-17 15:59:31.983360008,19.153683943225808
1553,10.508099777777778,10.897387444444444,90.0,90.0,890.375625,48.0,2016-12-18 16:39:07.223040008,19.405585011612903
1554,10.691974318181819,11.107177499999999,88.0,88.0,886.741875,48.0,2016-12-19 17:18:42.462720000,19.65748608
1555,10.713531704545455,11.12805375,88.0,88.0,885.8895833333332,48.0,2016-12-20 17:58:17.702400000,19.909387148387097
1556,10.549023258426967,11.009062471910113,89.0,89.0,889.6029166666667,48.0,2016-12-21 18:37:52.942080000,20.161288216774192
1557,10.56624159090909,11.001955,88.0,88.0,882.9625,48.0,2016-12-22 19:17:28.181760000,20.41318928516129
1558,10.6485775,11.092982272727273,88.0,88.0,885.6220833333333,48.0,2016-12-23 19:57:03.421440000,20.665090353548386
1559,10.852915113636364,11.243867954545454,88.0,88.0,883.1722916666666,48.0,2016-12-24 20:36:38.661120000,20.916991421935485
1560,10.864652727272727,11.2849425,88.0,88.0,881.461875,48.0,2016-12-25 21:16:13.900800017,21.16889249032258
1561,10.800664712643679,11.361697931034483,87.0,87.0,880.1741666666667,48.0,2016-12-26 21:55:49.140480017,21.42079355870968
1562,10.649358636363637,11.151277613636363,88.0,88.0,876.261875,48.0,2016-12-27 22:35:24.380160017,21.672694627096774
1563,10.736279101123595,11.264753820224719,89.0,89.0,877.3895833333332,48.0,2016-12-28 23:14:59.619840008,21.924595695483873
1564,10.824767415730337,11.316513033707865,89.0,89.0,873.6872916666666,48.0,2016-12-29 23:54:34.859520008,22.17649676387097
1565,11.016209318181819,11.478884886363637,88.0,88.0,863.2666666666668,48.0,2016-12-31 00:34:10.099200008,22.428397832258064
1566,10.789385505617977,11.303582921348314,89.0,89.0,868.4310416666667,48.0,2017-01-01 01:13:45.338880008,22.680298900645163
1567,10.700715227272728,11.251190909090909,88.0,88.0,864.2160416666667,48.0,2017-01-02 01:53:20.578560008,22.932199969032258
1568,10.732617078651685,11.157024943820225,89.0,89.0,876.42625,48.0,2017-01-03 02:32:55.818240008,23.184101037419357
1569,10.717175730337079,11.258082471910113,89.0,89.0,875.351875,48.0,2017-01-04 03:12:31.057920008,23.436002105806452
1570,10.87545264367816,11.404698275862069,87.0,87.0,865.2922916666666,48.0,2017-01-05 03:52:06.297600000,23.68790317419355
1571,10.917631022727273,11.418600795454545,88.0,88.0,877.59375,48.0,2017-01-06 04:31:41.537279999,23.939804242580646
1572,11.033848295454545,11.508431931818182,88.0,88.0,867.7302083333334,48.0,2017-01-07 05:11:16.776960000,24.19170531096774
1573,10.854761235955056,11.354809213483147,89.0,89.0,866.6237500000001,48.0,2017-01-08 05:50:52.016640000,24.44360637935484
1574,10.73251202247191,11.053928651685395,89.0,89.0,861.1020833333333,48.0,2017-01-09 06:30:27.256320000,24.69550744774194
1575,10.69150534090909,11.103844431818182,88.0,88.0,866.865625,48.0,2017-01-10 07:10:02.496000000,24.947408516129034
1576,10.705221123595505,11.199842022471909,89.0,89.0,874.044375,48.0,2017-01-11 07:49:37.735680000,25.19930958451613
1577,10.65271125,11.184734772727273,88.0,88.0,871.3914583333334,48.0,2017-01-12 08:29:12.975360017,25.451210652903228
1578,10.631823977272727,11.137672272727272,88.0,88.0,871.3293749999999,48.0,2017-01-13 09:08:48.215040017,25.703111721290323
1579,10.496146292134831,10.91646775280899,89.0,89.0,869.2375000000001,48.0,2017-01-14 09:48:23.454720008,25.955012789677422
1580,10.68371404494382,11.129669101123596,89.0,89.0,872.4260416666666,48.0,2017-01-15 10:27:58.694400008,26.10422028387097
1581,10.74288638554217,11.29222481927711,83.0,83.0,864.9587499999999,48.0,2017-01-16 11:07:33.934080008,26.114163747096775
1582,10.806861477272728,11.343582840909091,88.0,88.0,864.4041666666667,48.0,2017-01-17 11:47:09.173760008,26.12410721032258
1583,10.949364269662922,11.41176202247191,89.0,89.0,864.1739583333333,48.0,2017-01-18 12:26:44.413440008,26.134050673548387
1584,10.952447613636364,11.430109318181819,88.0,88.0,859.4727083333333,48.0,2017-01-19 13:06:19.653120008,26.143994136774193
1585,10.872766404494381,11.440650337078653,89.0,89.0,865.813125,48.0,2017-01-20 13:45:54.892800008,26.153937600000003
1586,10.800417528089888,11.274043595505617,89.0,89.0,865.2479166666667,48.0,2017-01-21 14:25:30.132480000,26.16388106322581
1587,10.753629659090908,11.204009545454547,88.0,88.0,858.7195833333334,48.0,2017-01-22 15:05:05.372160000,26.173824526451615
1588,10.79826965909091,11.271075227272727,88.0,88.0,855.7427083333333,48.0,2017-01-23 15:44:40.611840000,26.18376798967742
1589,10.936441363636364,11.452121136363637,88.0,88.0,847.8504166666667,48.0,2017-01-24 16:24:15.851520000,26.193711452903226
1590,11.02030786516854,11.498397528089889,89.0,89.0,855.0895833333334,48.0,2017-01-25 17:03:51.091200000,26.203654916129032
1591,10.936660113636364,11.471714659090908,88.0,88.0,844.3541666666666,48.0,2017-01-26 17:43:26.330880000,26.21359837935484
1592,10.890445227272728,11.261175454545453,88.0,88.0,859.041875,48.0,2017-01-27 18:23:01.570560017,26.223541842580644
1593,10.656150224719102,11.196626629213483,89.0,89.0,853.7433333333333,48.0,2017-01-28 19:02:36.810240017,26.23348530580645
1594,10.837245681818182,11.308115113636363,88.0,88.0,849.9552083333333,48.0,2017-01-29 19:42:12.049920017,26.24342876903226
1595,10.657611590909092,11.24168284090909,88.0,88.0,857.99625,48.0,2017-01-30 20:21:47.289600008,26.253372232258066
1596,10.699358,11.126739666666667,90.0,90.0,854.640625,48.0,2017-01-31 21:01:22.529280008,26.263315695483872
1597,10.929455454545455,11.36370409090909,88.0,88.0,854.9518750000001,48.0,2017-02-01 21:40:57.768960008,26.273259158709678
1598,10.906249204545453,11.380272727272727,88.0,88.0,860.7422916666666,48.0,2017-02-02 22:20:33.008640008,26.283202621935484
1599,10.768712159090908,11.228741590909092,88.0,88.0,862.9708333333333,48.0,2017-02-03 23:00:08.248320008,26.29314608516129
1600,10.73298,11.164365730337078,89.0,89.0,852.6977083333333,48.0,2017-02-04 23:39:43.488000008,26.303089548387096
1601,10.780658749999999,11.157018863636365,88.0,88.0,859.4322916666666,48.0,2017-02-06 00:19:18.727680008,26.3130330116129
1602,10.759549318181818,11.210194318181818,88.0,88.0,857.5908333333333,48.0,2017-02-07 00:58:53.967360000,26.322976474838708
1603,10.773631022727272,11.282365568181818,88.0,88.0,845.9377083333334,48.0,2017-02-08 01:38:29.207040000,26.332919938064514
1604,10.788347045454545,11.32920068181818,88.0,88.0,858.9393749999999,48.0,2017-02-09 02:18:04.446720000,26.342863401290323
1605,10.857250340909092,11.354075454545454,88.0,88.0,854.2600000000001,48.0,2017-02-10 02:57:39.686400000,26.35280686451613
1606,10.813019325842696,11.320854831460673,89.0,89.0,845.7802083333332,48.0,2017-02-11 03:37:14.926080000,26.362750327741935
1607,10.924240795454544,11.381138409090909,88.0,88.0,850.4704166666667,48.0,2017-02-12 04:16:50.165760000,26.37269379096774
1608,10.993763908045977,11.422114482758621,87.0,87.0,854.7372916666667,48.0,2017-02-13 04:56:25.405440000,26.382637254193547
1609,10.847916896551725,11.385281724137931,87.0,87.0,848.9264583333334,48.0,2017-02-14 05:36:00.645120017,26.392580717419353
1610,10.899439438202247,11.43043202247191,89.0,89.0,867.5639583333333,48.0,2017-02-15 06:15:35.884800017,26.31895577142857
1611,11.10907965909091,11.600074090909091,88.0,88.0,798.5304166666666,48.0,2017-02-16 06:55:11.124480008,25.999699577142856
1612,11.131754886363636,11.654709772727273,88.0,88.0,999.0,48.0,2017-02-17 07:34:46.364160008,25.680443382857142
1613,11.027318651685393,11.624430898876405,89.0,89.0,999.0,48.0,2017-02-18 08:14:21.603840008,25.361187188571428
1614,11.0232191954023,11.526869425287355,87.0,87.0,828.5352083333333,48.0,2017-02-19 08:53:56.843520008,25.041930994285714
1615,11.017450229885057,11.609047816091953,87.0,87.0,848.6535416666667,48.0,2017-02-20 09:33:32.083200008,24.7226748
1616,11.019689540229885,11.61210816091954,87.0,87.0,839.3874999999999,48.0,2017-02-21 10:13:07.322880008,24.403418605714286
1617,10.988131685393258,11.55038011235955,89.0,89.0,830.9504166666667,48.0,2017-02-22 10:52:42.562560008,24.084162411428572
1618,10.960291477272726,11.556243295454546,88.0,88.0,837.4254166666666,48.0,2017-02-23 11:32:17.802240008,23.764906217142855
1619,11.132474137931036,11.524707701149426,87.0,87.0,829.3341666666666,48.0,2017-02-24 12:11:53.041919999,23.44565002285714
1620,10.804961609195402,11.299027701149425,87.0,87.0,843.8589583333334,48.0,2017-02-25 12:51:28.281600000,23.126393828571427
1621,10.837531379310345,11.32867632183908,87.0,87.0,840.5585416666667,48.0,2017-02-26 13:31:03.521280000,22.807137634285713
1622,10.80121091954023,11.388558620689656,87.0,87.0,835.790625,48.0,2017-02-27 14:10:38.760960000,22.48788144
1623,10.774518314606741,11.301688988764045,89.0,89.0,840.6504166666667,48.0,2017-02-28 14:50:14.000640000,22.168625245714285
1624,10.772327272727273,11.347051931818182,88.0,88.0,842.2947916666667,48.0,2017-03-01 15:29:49.240320017,21.84936905142857
1625,10.968827840909091,11.342954886363636,88.0,88.0,839.98875,48.0,2017-03-02 16:09:24.480000017,21.530112857142857
1626,10.864757011494254,11.406300114942528,87.0,87.0,842.1379166666667,48.0,2017-03-03 16:48:59.719680017,21.210856662857143
1627,10.814204252873564,11.332512183908046,87.0,87.0,844.2522916666667,48.0,2017-03-04 17:28:34.959360017,20.891600468571426
1628,10.94210625,11.417783522727273,88.0,88.0,840.448125,48.0,2017-03-05 18:08:10.199040008,20.57234427428571
1629,11.015274886363636,11.45678625,88.0,88.0,843.3983333333334,48.0,2017-03-06 18:47:45.438720008,20.253088079999998
1630,11.03629340909091,11.623462386363636,88.0,88.0,840.5983333333334,48.0,2017-03-07 19:27:20.678400008,19.933831885714284
1631,10.988638409090909,11.607582613636364,88.0,88.0,848.6366666666667,48.0,2017-03-08 20:06:55.918080008,19.61457569142857
1632,10.979170681818182,11.633429772727272,88.0,88.0,843.4787500000001,48.0,2017-03-09 20:46:31.157760008,19.295319497142856
1633,10.966677613636364,11.568146818181818,88.0,88.0,841.90875,48.0,2017-03-10 21:26:06.397440008,18.976063302857142
1634,11.104248068181818,11.703526136363637,88.0,88.0,838.453125,48.0,2017-03-11 22:05:41.637120008,18.656807108571428
1635,11.063339318181818,11.665795113636364,88.0,88.0,832.488125,48.0,2017-03-12 22:45:16.876800000,18.337550914285714
1636,11.201669659090909,11.715778409090909,88.0,88.0,838.4525,48.0,2017-03-13 23:24:52.116480000,18.01829472
1637,11.099020337078652,11.698802359550562,89.0,89.0,835.0589583333334,48.0,2017-03-15 00:04:27.356160000,17.701457362580644
1638,10.943597191011236,11.492365056179775,89.0,89.0,834.2883333333333,48.0,2017-03-16 00:44:02.595840000,18.185372572903226
1639,11.009011931818181,11.655890113636362,88.0,88.0,839.1770833333334,48.0,2017-03-17 01:23:37.835520000,18.669287783225805
1640,11.132189204545455,11.679321704545456,88.0,88.0,830.2379166666666,48.0,2017-03-18 02:03:13.075200000,19.153202993548387
1641,11.017804044943821,11.709540898876405,89.0,89.0,824.086875,48.0,2017-03-19 02:42:48.314880017,19.637118203870966
1642,11.244492727272727,11.933320568181818,88.0,88.0,820.0435416666666,48.0,2017-03-20 03:22:23.554560017,20.121033414193548
1643,11.107532613636364,11.717715454545454,88.0,88.0,835.8654166666666,48.0,2017-03-21 04:01:58.794240017,20.604948624516126
1644,10.972307386363637,11.606579204545454,88.0,88.0,815.6677083333334,48.0,2017-03-22 04:41:34.033920008,21.08886383483871
1645,11.01441465909091,11.507379204545455,88.0,88.0,830.658125,48.0,2017-03-23 05:21:09.273600008,21.57277904516129
1646,10.891121363636364,11.471034545454545,88.0,88.0,822.3693750000001,48.0,2017-03-24 06:00:44.513280008,22.05669425548387
1647,10.948533707865169,11.430098988764046,89.0,89.0,834.0137500000001,48.0,2017-03-25 06:40:19.752960008,22.54060946580645
1648,10.810891704545455,11.29081840909091,88.0,88.0,827.3766666666667,48.0,2017-03-26 07:19:54.992640008,23.02452467612903
1649,10.596307640449437,11.121251797752809,445.0,445.0,816.8989583333333,48.0,2017-03-27 07:59:30.232320008,23.50843988645161
1650,10.861216818181818,11.34590306818182,440.0,440.0,830.1543750000001,48.0,2017-03-28 08:39:05.472000008,23.99235509677419
1651,10.841899775280899,11.360866741573034,534.0,534.0,825.4743749999999,48.0,2017-03-29 09:18:40.711680000,24.476270307096772
1652,10.876188977272728,11.4231025,616.0,616.0,831.5593749999999,48.0,2017-03-30 09:58:15.951360000,24.960185517419355
1653,10.948958068181819,11.474328977272728,528.0,528.0,826.9570833333333,48.0,2017-03-31 10:37:51.191040000,25.444100727741933
1654,10.843762696629213,11.475680898876405,356.0,356.0,838.0360416666667,48.0,2017-04-01 11:17:26.430720000,25.92801593806451
1655,10.955813370786517,11.503244831460673,356.0,356.0,831.268125,48.0,2017-04-02 11:57:01.670400000,26.411931148387094
1656,11.03574905882353,11.552809411764706,340.0,340.0,846.7087499999999,48.0,2017-04-03 12:36:36.910080017,26.895846358709676
1657,11.16681125,11.680432954545454,704.0,704.0,801.8102083333333,48.0,2017-04-04 13:16:12.149760017,27.379761569032254
1658,11.067560112359551,11.634041011235956,890.0,890.0,836.381875,48.0,2017-04-05 13:55:47.389440017,27.863676779354837
1659,11.11640840909091,11.78198659090909,792.0,792.0,818.2220833333334,48.0,2017-04-06 14:35:22.629120017,28.34759198967742
1660,11.084342272727271,11.69749568181818,704.0,704.0,829.6497916666667,48.0,2017-04-07 15:14:57.868800008,28.831507199999997
1661,11.260793103448275,11.883828390804599,1044.0,1044.0,833.2254166666667,48.0,2017-04-08 15:54:33.108480008,29.315422410322576
1662,11.213598750000001,11.729276704545455,968.0,968.0,835.743125,48.0,2017-04-09 16:34:08.348160008,29.799337620645158
1663,10.975443409090909,11.617436818181819,616.0,616.0,833.2195833333334,48.0,2017-04-10 17:13:43.587840008,30.28325283096774
1664,11.184526741573032,11.756214044943821,623.0,623.0,832.50375,48.0,2017-04-11 17:53:18.827520008,30.76716804129032
1665,11.152577045454544,11.877290227272727,528.0,528.0,823.7054166666667,48.0,2017-04-12 18:32:54.067200008,31.251083251612897
1666,11.30558659090909,11.985571704545455,528.0,528.0,826.8252083333333,48.0,2017-04-13 19:12:29.306880008,31.734998461935483
1667,11.07682875,11.699398522727273,440.0,440.0,830.7997916666667,48.0,2017-04-14 19:52:04.546560000,32.21891367225806
1668,10.80666443181818,11.29957375,1232.0,1232.0,826.4387499999999,48.0,2017-04-15 20:31:39.786240000,31.917956351999997
1669,10.641865056179775,11.085350112359551,1335.0,1335.0,831.4995833333334,48.0,2017-04-16 21:11:15.025920000,31.459010282666664
1670,10.75436590909091,11.078694204545453,440.0,440.0,828.4277083333333,48.0,2017-04-17 21:50:50.265600000,31.00006421333333
1671,10.662034831460675,11.148157078651685,534.0,534.0,828.0789583333334,48.0,2017-04-18 22:30:25.505280000,30.541118144
1672,10.659854772727273,11.16096840909091,704.0,704.0,832.8918749999999,48.0,2017-04-19 23:10:00.744960000,30.082172074666666
1673,10.738967613636364,11.120393977272727,528.0,528.0,834.4510416666667,48.0,2017-04-20 23:49:35.984640017,29.62322600533333
1674,10.772902272727274,11.273242045454545,440.0,440.0,838.895625,48.0,2017-04-22 00:29:11.224320017,29.164279935999996
1675,10.817278977272728,11.25705125,704.0,704.0,839.1552083333332,48.0,2017-04-23 01:08:46.464000017,28.705333866666663
1676,10.76498625,11.280293977272727,968.0,968.0,843.7216666666667,48.0,2017-04-24 01:48:21.703680008,28.24638779733333
1677,10.903497386363636,11.374333295454546,616.0,616.0,838.1154166666666,48.0,2017-04-25 02:27:56.943360008,27.787441727999997
1678,10.943921136363636,11.459960568181819,352.0,352.0,835.5922916666667,48.0,2017-04-26 03:07:32.183040008,27.328495658666665
1679,10.863152500000002,11.432897727272728,440.0,440.0,838.7785416666667,48.0,2017-04-27 03:47:07.422720008,26.86954958933333
1680,10.965311931818182,11.475991363636364,616.0,616.0,841.9033333333333,48.0,2017-04-28 04:26:42.662400008,26.41060352
1681,11.082884772727274,11.554792159090908,1496.0,1496.0,839.644375,48.0,2017-04-29 05:06:17.902080008,25.951657450666666
1682,11.150399101123597,11.649042921348316,1424.0,1424.0,842.3691666666667,48.0,2017-04-30 05:45:53.141760008,25.49271138133333
1683,11.047262613636363,11.69842875,616.0,616.0,839.3629166666666,48.0,2017-05-01 06:25:28.381440000,25.033765312
1684,11.168196477272726,11.754814545454545,616.0,616.0,839.6350000000001,48.0,2017-05-02 07:05:03.621120000,24.574819242666663
1685,11.197744606741573,11.838274044943821,623.0,623.0,835.9575,48.0,2017-05-03 07:44:38.860800000,24.11587317333333
1686,11.241918522727273,11.871267386363636,528.0,528.0,827.58625,48.0,2017-05-04 08:24:14.100480000,23.656927103999998
1687,11.341587613636364,11.856303863636363,968.0,968.0,840.0945833333334,48.0,2017-05-05 09:03:49.340160000,23.197981034666665
1688,11.216689662921349,11.883911011235954,1424.0,1424.0,838.8960416666667,48.0,2017-05-06 09:43:24.579840017,22.73903496533333
1689,11.131995340909091,11.841325568181817,704.0,704.0,832.3570833333333,48.0,2017-05-07 10:22:59.819520017,22.280088896
1690,11.182534886363637,11.665226931818182,264.0,264.0,831.27625,48.0,2017-05-08 11:02:35.059200017,21.821142826666666
1691,11.17031215909091,11.733649318181818,440.0,440.0,849.726875,48.0,2017-05-09 11:42:10.298880017,21.36219675733333
1692,11.116171573033709,11.72341033707865,890.0,890.0,822.3933333333333,48.0,2017-05-10 12:21:45.538560008,20.903250688
1693,11.286767727272727,11.85591965909091,792.0,792.0,839.3641666666667,48.0,2017-05-11 13:01:20.778240008,20.444304618666663
1694,11.263589770114942,11.791666321839081,435.0,435.0,832.5833333333334,48.0,2017-05-12 13:40:56.017920008,19.98535854933333
1695,11.055032298850575,11.684604942528734,870.0,870.0,842.6641666666666,48.0,2017-05-13 14:20:31.257600008,19.526412479999998
1696,11.147048295454546,11.776138068181819,880.0,880.0,841.7154166666666,48.0,2017-05-14 15:00:06.497280008,19.067466410666665
1697,11.255775862068965,11.773089770114941,522.0,522.0,839.5133333333333,48.0,2017-05-15 15:39:41.736960008,18.906315158709678
1698,11.099274318181818,11.712751022727273,528.0,528.0,839.2664583333334,48.0,2017-05-16 16:19:16.976640008,18.916258621935484
1699,11.149640674157304,11.716213258426967,356.0,356.0,840.3904166666666,48.0,2017-05-17 16:58:52.216320000,18.92620208516129
1700,11.110799886363637,11.759613068181817,352.0,352.0,836.9260416666666,48.0,2017-05-18 17:38:27.456000000,18.936145548387096
1701,11.13154840909091,11.573673863636364,528.0,528.0,832.7039583333334,48.0,2017-05-19 18:18:02.695680000,18.9460890116129
1702,11.11421556818182,11.548315568181817,968.0,968.0,838.4010416666666,48.0,2017-05-20 18:57:37.935360000,18.956032474838707
1703,10.928455681818182,11.417928636363637,968.0,968.0,845.685,48.0,2017-05-21 19:37:13.175040000,18.965975938064513
1704,10.89916,11.34261606741573,267.0,267.0,848.6108333333333,48.0,2017-05-22 20:16:48.414720000,18.975919401290323
1705,11.037767272727272,11.552615227272726,88.0,88.0,848.4077083333333,48.0,2017-05-23 20:56:23.654400017,18.98586286451613
1706,11.010893750000001,11.518439204545455,88.0,88.0,845.5302083333332,48.0,2017-05-24 21:35:58.894080017,18.995806327741935
1707,11.09627632183908,11.698072413793103,261.0,261.0,846.9616666666666,48.0,2017-05-25 22:15:34.133760017,19.00574979096774
1708,11.02155534090909,11.659228068181818,352.0,352.0,842.77,48.0,2017-05-26 22:55:09.373440008,19.015693254193547
1709,11.006636516853932,11.65634573033708,356.0,356.0,849.7183333333334,48.0,2017-05-27 23:34:44.613120008,19.025636717419353
1710,11.25944632183908,11.796025517241379,522.0,522.0,848.3893750000001,48.0,2017-05-29 00:14:19.852800008,19.03558018064516
1711,11.260778390804598,11.878597816091954,609.0,609.0,852.19125,48.0,2017-05-30 00:53:55.092480008,19.04552364387097
1712,11.132188651685393,11.781162921348315,356.0,356.0,848.8291666666668,48.0,2017-05-31 01:33:30.332160008,19.055467107096774
1713,11.13323,11.795574545454546,264.0,264.0,855.7245833333333,48.0,2017-06-01 02:13:05.571840008,19.06541057032258
1714,11.084743181818183,11.82696159090909,440.0,440.0,837.2495833333334,48.0,2017-06-02 02:52:40.811520008,19.075354033548386
1715,11.180324431818182,11.87559,968.0,968.0,840.2527083333333,48.0,2017-06-03 03:32:16.051200000,19.085297496774192
1716,11.212458409090909,11.96371465909091,792.0,792.0,850.4125,48.0,2017-06-04 04:11:51.290880000,19.095240959999998
1717,11.298060574712645,12.032619655172414,261.0,261.0,851.2908333333334,48.0,2017-06-05 04:51:26.530560000,19.105184423225804
1718,11.155523068181818,11.717194886363636,264.0,264.0,841.6664583333333,48.0,2017-06-06 05:31:01.770240000,19.115127886451614
1719,11.124205280898876,11.640195393258427,267.0,267.0,852.234375,48.0,2017-06-07 06:10:37.009920000,19.12507134967742
1720,11.067894886363636,11.649566022727273,440.0,440.0,852.0220833333333,48.0,2017-06-08 06:50:12.249600017,19.135014812903226
1721,11.170835681818183,11.80524625,264.0,264.0,848.0639583333333,48.0,2017-06-09 07:29:47.489280017,19.14495827612903
1722,11.13224471264368,11.970546781609196,261.0,261.0,859.8566666666667,48.0,2017-06-10 08:09:22.728960017,19.154901739354838
1723,11.195976022727272,12.0307975,352.0,352.0,857.918125,48.0,2017-06-11 08:48:57.968640017,19.164845202580644
1724,11.261072413793103,12.070494137931036,261.0,261.0,856.2235416666667,48.0,2017-06-12 09:28:33.208320008,19.17478866580645
1725,11.23713340909091,12.031931931818182,880.0,880.0,849.3585416666666,48.0,2017-06-13 10:08:08.448000008,19.18473212903226
1726,11.206109772727272,12.084972954545455,880.0,880.0,853.9795833333333,48.0,2017-06-14 10:47:43.687680008,19.194675592258065
1727,11.221239540229885,11.980547471264368,174.0,174.0,858.6445833333333,48.0,2017-06-15 11:27:18.927360008,19.177725887999998
1728,11.00244908045977,11.84416632183908,348.0,348.0,861.3302083333333,48.0,2017-06-16 12:06:54.167040008,19.129776298666666
1729,10.89322840909091,11.619680795454546,616.0,616.0,866.4745833333333,48.0,2017-06-17 12:46:29.406720008,19.08182670933333
1730,10.89305965909091,11.609503181818182,792.0,792.0,859.6479166666667,48.0,2017-06-18 13:26:04.646400008,19.03387712
1731,10.89041943181818,11.583679545454544,528.0,528.0,859.1893749999999,48.0,2017-06-19 14:05:39.886080000,18.985927530666665
1732,10.972100681818182,11.70670556818182,704.0,704.0,859.4045833333333,48.0,2017-06-20 14:45:15.125760000,18.937977941333333
1733,10.844381136363635,11.610230681818182,704.0,704.0,855.3893750000001,48.0,2017-06-21 15:24:50.365440000,18.890028351999998
1734,11.07209172413793,11.772321034482758,261.0,261.0,847.3075,48.0,2017-06-22 16:04:25.605120000,18.842078762666667
1735,11.033255057471264,11.765182988505746,435.0,435.0,861.1477083333334,48.0,2017-06-23 16:44:00.844800000,18.79412917333333
1736,11.046301011235956,11.72544393258427,801.0,801.0,865.8089583333334,48.0,2017-06-24 17:23:36.084480000,18.746179584
1737,11.106408390804598,11.882066781609195,609.0,609.0,854.6872916666666,48.0,2017-06-25 18:03:11.324160017,18.698229994666665
1738,11.126572643678161,11.896125632183907,174.0,174.0,855.6970833333334,48.0,2017-06-26 18:42:46.563840017,18.650280405333334
1739,11.125482643678161,11.922003563218391,261.0,261.0,850.725,48.0,2017-06-27 19:22:21.803520017,18.602330816
1740,11.138548295454546,11.935351249999998,176.0,176.0,858.3210416666667,48.0,2017-06-28 20:01:57.043200008,18.554381226666667
1741,11.157646666666666,11.935149770114942,435.0,435.0,867.0610416666667,48.0,2017-06-29 20:41:32.282880008,18.506431637333332
1742,10.809252444444443,11.550848333333333,810.0,810.0,861.299375,48.0,2017-06-30 21:21:07.522560008,18.458482048
1743,11.08777179775281,11.807408876404494,712.0,712.0,862.3316666666666,48.0,2017-07-01 22:00:42.762240008,18.410532458666665
1744,11.314756896551724,12.01918264367816,870.0,870.0,863.24375,48.0,2017-07-02 22:40:18.001920008,18.362582869333334
1745,11.223504827586208,12.035459770114942,957.0,957.0,862.3008333333333,48.0,2017-07-03 23:19:53.241600008,18.31463328
1746,11.236124597701151,12.028918850574714,435.0,435.0,872.5345833333334,48.0,2017-07-04 23:59:28.481280008,18.266683690666667
1747,10.988374382022473,11.70042797752809,445.0,445.0,873.9872916666667,48.0,2017-07-06 00:39:03.720960000,18.218734101333332
1748,11.107113563218391,11.870786896551724,696.0,696.0,872.8814583333333,48.0,2017-07-07 01:18:38.960640000,18.170784512
1749,10.97851183908046,11.82458367816092,609.0,609.0,870.9856249999999,48.0,2017-07-08 01:58:14.200320000,18.122834922666666
1750,11.001867191011236,11.778714943820225,801.0,801.0,865.9347916666667,48.0,2017-07-09 02:37:49.440000000,18.074885333333334
1751,11.212301954022989,12.019544712643677,783.0,783.0,869.5316666666666,48.0,2017-07-10 03:17:24.679680000,18.026935744
1752,11.201645227272728,12.062218636363637,616.0,616.0,873.405625,48.0,2017-07-11 03:56:59.919360017,17.978986154666668
1753,11.04305213483146,11.800522584269663,623.0,623.0,874.7158333333333,48.0,2017-07-12 04:36:35.159040017,17.931036565333333
1754,10.762411363636364,11.517384886363637,528.0,528.0,872.2733333333334,48.0,2017-07-13 05:16:10.398720017,17.883086976
1755,10.783133103448275,11.434100804597701,261.0,261.0,871.769375,48.0,2017-07-14 05:55:45.638400017,17.835137386666666
1756,10.729754137931035,11.38766724137931,522.0,522.0,874.296875,48.0,2017-07-15 06:35:20.878080008,17.931074147096776
1757,10.755595909090909,11.47017465909091,528.0,528.0,870.6939583333333,48.0,2017-07-16 07:14:56.117760008,18.421618332903225
1758,10.754624827586207,11.441176666666665,261.0,261.0,871.5802083333333,48.0,2017-07-17 07:54:31.357440008,18.91216251870968
1759,10.830760344827585,11.531953333333332,609.0,609.0,868.9604166666667,48.0,2017-07-18 08:34:06.597120008,19.40270670451613
1760,10.861391149425287,11.599227586206895,435.0,435.0,869.0833333333334,48.0,2017-07-19 09:13:41.836800008,19.89325089032258
1761,10.8669208045977,11.523379195402299,87.0,87.0,862.3489583333334,48.0,2017-07-20 09:53:17.076480008,20.383795076129033
1762,10.860484482758622,11.556584367816091,87.0,87.0,864.2312499999999,48.0,2017-07-21 10:32:52.316160008,20.874339261935486
1763,10.862187586206897,11.616953218390805,261.0,261.0,862.0647916666667,48.0,2017-07-22 11:12:27.555840000,21.364883447741935
1764,10.694282758620691,11.43363724137931,261.0,261.0,867.6745833333333,48.0,2017-07-23 11:52:02.795520000,21.855427633548388
1765,10.804932183908047,11.358978505747126,261.0,261.0,866.9656249999999,48.0,2017-07-24 12:31:38.035200000,22.34597181935484
1766,10.366127325581395,10.834688488372093,258.0,258.0,865.906875,48.0,2017-07-25 13:11:13.274880000,22.83651600516129
1767,9.610596516853931,9.980206629213482,89.0,89.0,870.3441666666666,48.0,2017-07-26 13:50:48.514560000,23.327060190967742
1768,9.689472873563219,9.969195172413793,87.0,87.0,870.7170833333333,48.0,2017-07-27 14:30:23.754240000,23.817604376774195
1769,9.81445011494253,10.091483333333334,87.0,87.0,870.9093750000001,48.0,2017-07-28 15:09:58.993920017,24.308148562580648
1770,9.952546666666667,10.358746206896551,87.0,87.0,880.3947916666666,48.0,2017-07-29 15:49:34.233600017,24.798692748387097
1771,10.177615227272726,10.62481715909091,88.0,88.0,880.1479166666667,48.0,2017-07-30 16:29:09.473280017,25.28923693419355
1772,10.324523488372094,10.859892558139535,86.0,86.0,880.1770833333334,48.0,2017-07-31 17:08:44.712960008,25.779781120000003
1773,10.367062183908045,10.880091609195402,87.0,87.0,883.4241666666667,48.0,2017-08-01 17:48:19.952640008,26.270325305806452
1774,10.56465540229885,11.048058735632184,87.0,87.0,876.140625,48.0,2017-08-02 18:27:55.192320008,26.7608694916129
1775,10.608323218390804,11.14229275862069,87.0,87.0,881.88125,48.0,2017-08-03 19:07:30.432000008,27.251413677419357
1776,10.563653977272727,11.104452386363636,88.0,88.0,878.9891666666667,48.0,2017-08-04 19:47:05.671680008,27.741957863225807
1777,10.490242584269662,11.151437528089888,89.0,89.0,879.2464583333334,48.0,2017-08-05 20:26:40.911360008,28.23250204903226
1778,10.473015056179776,11.063841235955056,89.0,89.0,880.9541666666668,48.0,2017-08-06 21:06:16.151040008,28.723046234838712
1779,10.376069204545455,11.055411363636365,88.0,88.0,880.7258333333334,48.0,2017-08-07 21:45:51.390720000,29.21359042064516
1780,10.335593033707866,10.866821348314607,89.0,89.0,882.6691666666667,48.0,2017-08-08 22:25:26.630400000,29.704134606451614
1781,10.197157272727273,10.7786925,88.0,88.0,879.8191666666667,48.0,2017-08-09 23:05:01.870080000,30.194678792258067
1782,10.217415227272726,10.72275681818182,88.0,88.0,879.3245833333334,48.0,2017-08-10 23:44:37.109760000,30.685222978064516
1783,10.15287125,10.620312840909092,88.0,88.0,884.6829166666666,48.0,2017-08-12 00:24:12.349440000,31.17576716387097
1784,10.247154606741573,10.708244831460673,89.0,89.0,878.0670833333334,48.0,2017-08-13 01:03:47.589120017,31.66631134967742
1785,10.433323863636364,10.958259431818181,88.0,88.0,877.643125,48.0,2017-08-14 01:43:22.828800017,32.15685553548387
1786,10.380123181818181,10.976709204545456,88.0,88.0,870.8214583333333,48.0,2017-08-15 02:22:58.068480017,32.635549790967744
1787,10.291757191011236,10.93732168539326,89.0,89.0,884.571875,48.0,2017-08-16 03:02:33.308160017,33.00345793032258
1788,10.425237613636364,10.978407159090908,88.0,88.0,868.774375,48.0,2017-08-17 03:42:08.547840008,33.37136606967742
1789,10.390901797752809,10.963067528089889,89.0,89.0,880.2014583333333,48.0,2017-08-18 04:21:43.787520008,33.73927420903226
1790,10.4883675,11.141386363636364,88.0,88.0,875.0604166666667,48.0,2017-08-19 05:01:19.027200008,34.1071823483871
1791,10.622565795454546,11.374662045454546,88.0,88.0,883.9785416666667,48.0,2017-08-20 05:40:54.266880008,34.47509048774194
1792,10.619936363636363,11.320048636363635,88.0,88.0,883.3983333333334,48.0,2017-08-21 06:20:29.506560008,34.842998627096776
1793,10.695695568181819,11.3656075,88.0,88.0,880.5958333333333,48.0,2017-08-22 07:00:04.746240008,35.210906766451615
1794,10.687770674157303,11.360234494382023,89.0,89.0,886.7554166666667,48.0,2017-08-23 07:39:39.985920008,35.57881490580645
1795,10.781444431818182,11.475534318181818,88.0,88.0,885.1804166666667,48.0,2017-08-24 08:19:15.225600000,35.94672304516129
1796,10.736951590909092,11.4576725,88.0,88.0,888.508125,48.0,2017-08-25 08:58:50.465280000,36.31463118451613
1797,10.904045632183909,11.526135517241379,87.0,87.0,888.22375,48.0,2017-08-26 09:38:25.704960000,36.68253932387097
1798,10.84115625,11.577757272727272,88.0,88.0,885.5025,48.0,2017-08-27 10:18:00.944640000,37.05044746322581
1799,10.713514886363637,11.329904545454546,88.0,88.0,885.5164583333334,48.0,2017-08-28 10:57:36.184320000,37.41835560258065
1800,10.588263977272728,11.188966022727273,88.0,88.0,887.7322916666667,48.0,2017-08-29 11:37:11.424000000,37.786263741935485
1801,10.665810674157303,11.19160797752809,89.0,89.0,886.456875,48.0,2017-08-30 12:16:46.663680017,38.154171881290324
1802,10.542477045454545,11.186626136363635,88.0,88.0,884.8735416666667,48.0,2017-08-31 12:56:21.903360017,38.52208002064516
1803,10.525200227272727,11.141725113636364,88.0,88.0,882.4714583333333,48.0,2017-09-01 13:35:57.143040017,38.88998816
1804,10.410633258426968,10.980075056179775,89.0,89.0,883.4775,48.0,2017-09-02 14:15:32.382720008,39.25789629935484
1805,10.306648636363636,10.823160795454545,88.0,88.0,884.5920833333333,48.0,2017-09-03 14:55:07.622400008,39.62580443870968
1806,10.235093863636363,10.777071931818183,88.0,88.0,885.2683333333333,48.0,2017-09-04 15:34:42.862080008,39.99371257806452
1807,10.24017340909091,10.772632727272727,88.0,88.0,885.2029166666666,48.0,2017-09-05 16:14:18.101760008,40.361620717419356
1808,10.202290909090909,10.637530681818182,88.0,88.0,883.1525,48.0,2017-09-06 16:53:53.341440008,40.729528856774195
1809,10.361050689655173,10.913901034482759,87.0,87.0,879.2279166666667,48.0,2017-09-07 17:33:28.581120008,41.097436996129034
1810,10.498532159090908,11.033653295454545,88.0,88.0,877.1858333333333,48.0,2017-09-08 18:13:03.820800008,41.46534513548387
1811,10.447973595505617,11.053596404494382,89.0,89.0,874.0925000000001,48.0,2017-09-09 18:52:39.060480000,41.83325327483871
1812,16.87259113043478,17.465545739130434,115.0,115.0,882.0822916666666,48.0,2017-09-10 19:32:14.300160000,42.20116141419355
1813,18.705218068965518,17.878794620689657,145.0,145.0,879.9943750000001,48.0,2017-09-11 20:11:49.539840000,42.56906955354839
1814,11.699243522727272,11.601883636363636,88.0,88.0,874.615625,48.0,2017-09-12 20:51:24.779520000,42.93697769290323
1815,9.224922528735632,9.26242448275862,87.0,87.0,882.830625,48.0,2017-09-13 21:31:00.019200000,43.304885832258066
1816,9.125082386363637,9.234024659090908,88.0,88.0,882.558125,48.0,2017-09-14 22:10:35.258880017,43.672793971612904
1817,9.432742359550561,9.63044606741573,89.0,89.0,878.5947916666668,48.0,2017-09-15 22:50:10.498560017,42.73263109333334
1818,9.543745287356321,9.920331609195403,87.0,87.0,884.386875,48.0,2017-09-16 23:29:45.738240017,41.68801504
1819,9.900696321839082,10.18055896551724,87.0,87.0,883.4499999999999,48.0,2017-09-18 00:09:20.977920017,40.64339898666667
1820,9.886952386363637,10.199669431818181,88.0,88.0,882.0004166666666,48.0,2017-09-19 00:48:56.217600008,39.59878293333334
1821,9.946184831460675,10.31030011235955,89.0,89.0,870.7977083333334,48.0,2017-09-20 01:28:31.457280008,38.554166880000004
1822,9.934353636363637,10.402500227272727,88.0,88.0,882.755,48.0,2017-09-21 02:08:06.696960008,37.50955082666667
1823,9.915311609195403,10.252747126436782,87.0,87.0,889.8014583333334,48.0,2017-09-22 02:47:41.936640008,36.46493477333333
1824,9.845810459770115,10.348405862068967,87.0,87.0,870.2879166666667,48.0,2017-09-23 03:27:17.176320008,35.420318720000004
1825,10.022897386363637,10.401825,88.0,88.0,883.0070833333333,48.0,2017-09-24 04:06:52.416000008,34.37570266666667
1826,10.06835125,10.528474886363638,88.0,88.0,880.820625,48.0,2017-09-25 04:46:27.655680008,33.33108661333333
1827,10.182205568181818,10.687144545454546,88.0,88.0,883.1572916666668,48.0,2017-09-26 05:26:02.895360000,32.28647056
1828,10.232557528089888,10.772387191011237,89.0,89.0,878.7635416666667,48.0,2017-09-27 06:05:38.135040000,31.24185450666667
1829,10.3430391954023,10.82534643678161,87.0,87.0,877.6735416666667,48.0,2017-09-28 06:45:13.374720000,30.197238453333334
1830,10.370078045977012,10.797849540229885,87.0,87.0,881.4504166666667,48.0,2017-09-29 07:24:48.614400000,29.152622400000002
1831,10.370377191011237,10.75123797752809,89.0,89.0,874.7018750000001,48.0,2017-09-30 08:04:23.854080000,28.10800634666667
1832,10.11218443181818,10.620658295454545,88.0,88.0,878.8685416666667,48.0,2017-10-01 08:43:59.093760000,27.063390293333335
1833,10.213046781609195,10.821069540229885,87.0,87.0,873.2302083333334,48.0,2017-10-02 09:23:34.333440017,26.018774240000003
1834,10.252781818181818,10.837361931818181,88.0,88.0,870.0266666666666,48.0,2017-10-03 10:03:09.573120017,24.974158186666667
1835,10.20039159090909,10.852522386363637,88.0,88.0,876.489375,48.0,2017-10-04 10:42:44.812800017,23.929542133333335
1836,10.32486340909091,10.889563295454545,88.0,88.0,859.0775,48.0,2017-10-05 11:22:20.052480008,22.88492608
1837,10.35235875,10.939434204545455,88.0,88.0,867.5977083333333,48.0,2017-10-06 12:01:55.292160008,21.840310026666668
1838,10.365242584269662,10.889982921348315,89.0,89.0,878.6264583333333,48.0,2017-10-07 12:41:30.531840008,20.795693973333336
1839,10.405987586206896,10.982184252873562,87.0,87.0,871.2843750000001,48.0,2017-10-08 13:21:05.771520008,19.75107792
1840,10.405705795454544,10.957649204545454,88.0,88.0,873.1972916666667,48.0,2017-10-09 14:00:41.011200008,18.706461866666668
1841,10.54845625,11.138197840909092,88.0,88.0,866.2577083333334,48.0,2017-10-10 14:40:16.250880008,17.661845813333333
1842,10.579652954545454,11.063397727272728,88.0,88.0,868.6427083333333,48.0,2017-10-11 15:19:51.490560008,16.61722976
1843,10.400550227272728,11.00044465909091,88.0,88.0,873.96,48.0,2017-10-12 15:59:26.730240000,15.572613706666669
1844,10.478934431818182,10.956872159090908,88.0,88.0,866.8370833333333,48.0,2017-10-13 16:39:01.969920000,14.527997653333333
1845,10.453553977272726,10.933606022727274,88.0,88.0,876.2129166666667,48.0,2017-10-14 17:18:37.209600000,13.483381600000001
1846,10.341827045454545,10.884245,88.0,88.0,866.8764583333333,48.0,2017-10-15 17:58:12.449279999,13.018849548387097
1847,10.481612298850575,11.047059310344828,87.0,87.0,864.3391666666666,48.0,2017-10-16 18:37:47.688960000,12.770262967741935
1848,10.627599213483146,11.115147303370787,89.0,89.0,863.2420833333334,48.0,2017-10-17 19:17:22.928640017,12.521676387096774
1849,10.637585454545455,11.209105227272728,88.0,88.0,863.4356250000001,48.0,2017-10-18 19:56:58.168320017,12.273089806451612
1850,10.448913181818183,11.068516477272727,88.0,88.0,866.874375,48.0,2017-10-19 20:36:33.408000017,12.024503225806452
1851,10.499267191011237,10.999741235955055,89.0,89.0,864.71125,48.0,2017-10-20 21:16:08.647680017,11.77591664516129
1852,10.482562613636363,11.123955454545454,88.0,88.0,864.4104166666666,48.0,2017-10-21 21:55:43.887360008,11.527330064516129
1853,10.630416022727273,11.202613068181817,88.0,88.0,865.8739583333332,48.0,2017-10-22 22:35:19.127040008,11.278743483870967
1854,10.682713258426967,11.234907528089888,89.0,89.0,860.2577083333334,48.0,2017-10-23 23:14:54.366720008,11.030156903225805
1855,10.677222500000001,11.34359659090909,88.0,88.0,873.1164583333333,48.0,2017-10-24 23:54:29.606400008,10.781570322580645
1856,10.622375681818182,11.20558659090909,88.0,88.0,847.7912500000001,48.0,2017-10-26 00:34:04.846080008,10.532983741935483
1857,10.71546735632184,11.254469310344827,87.0,87.0,862.1633333333333,48.0,2017-10-27 01:13:40.085760008,10.284397161290322
1858,10.530200561797754,11.129844719101124,89.0,89.0,853.3220833333334,48.0,2017-10-28 01:53:15.325440008,10.035810580645162
1859,10.49682629213483,11.147067303370786,89.0,89.0,855.7233333333334,48.0,2017-10-29 02:32:50.565120000,9.787224
1860,10.812905227272728,11.374677613636363,88.0,88.0,854.7545833333334,48.0,2017-10-30 03:12:25.804800000,9.538637419354838
1861,10.829222045454545,11.465568522727272,88.0,88.0,849.4512500000001,48.0,2017-10-31 03:52:01.044480000,9.290050838709677
1862,10.922196931818181,11.541419772727274,88.0,88.0,854.0897916666667,48.0,2017-11-01 04:31:36.284159999,9.041464258064515
1863,10.835975113636364,11.442281477272727,88.0,88.0,857.1354166666666,48.0,2017-11-02 05:11:11.523840000,8.792877677419355
1864,10.71562415730337,11.322098426966292,89.0,89.0,850.4989583333332,48.0,2017-11-03 05:50:46.763520000,8.544291096774193
1865,10.521560000000001,11.238599213483146,89.0,89.0,851.6733333333333,48.0,2017-11-04 06:30:22.003200017,8.295704516129032
1866,10.80245816091954,11.434228850574712,87.0,87.0,839.6750000000001,48.0,2017-11-05 07:09:57.242880017,8.047117935483872
1867,10.75945965909091,11.411143636363636,88.0,88.0,840.3020833333334,48.0,2017-11-06 07:49:32.482560017,7.79853135483871
1868,10.78553382022472,11.366858202247192,89.0,89.0,847.4560416666667,48.0,2017-11-07 08:29:07.722240008,7.549944774193548
1869,10.828100454545455,11.503594886363636,88.0,88.0,850.9227083333334,48.0,2017-11-08 09:08:42.961920008,7.3013581935483876
1870,10.800489772727273,11.566218295454545,88.0,88.0,851.2202083333333,48.0,2017-11-09 09:48:18.201600008,7.052771612903226
1871,10.976587303370787,11.641239101123595,89.0,89.0,849.3158333333334,48.0,2017-11-10 10:27:53.441280008,6.804185032258065
1872,10.961170568181819,11.644160795454546,88.0,88.0,842.2920833333333,48.0,2017-11-11 11:07:28.680960008,6.555598451612903
1873,11.006201264367816,11.706065977011495,87.0,87.0,845.1577083333333,48.0,2017-11-12 11:47:03.920640008,6.3070118709677425
1874,10.998888988764044,11.648324831460675,89.0,89.0,839.364375,48.0,2017-11-13 12:26:39.160320008,6.058425290322581
1875,10.92583818181818,11.622181136363636,88.0,88.0,842.444375,48.0,2017-11-14 13:06:14.400000000,5.80983870967742
1876,10.707641136363636,11.41454784090909,88.0,88.0,844.7695833333333,48.0,2017-11-15 13:45:49.639680000,5.7477909333333335
1877,10.816245287356322,11.509101379310346,87.0,87.0,843.8166666666666,48.0,2017-11-16 14:25:24.879360000,5.8334152
1878,10.864457191011235,11.50070382022472,89.0,89.0,835.5758333333333,48.0,2017-11-17 15:05:00.119040000,5.919039466666667
1879,10.780952727272727,11.482546818181818,88.0,88.0,840.1239583333332,48.0,2017-11-18 15:44:35.358720000,6.0046637333333335
1880,10.820395454545455,11.47613875,88.0,88.0,833.8572916666667,48.0,2017-11-19 16:24:10.598400017,6.090288
1881,10.692503595505618,11.42953382022472,89.0,89.0,835.1370833333334,48.0,2017-11-20 17:03:45.838080017,6.175912266666667
1882,10.93194375,11.5872375,88.0,88.0,834.6835416666667,48.0,2017-11-21 17:43:21.077760017,6.2615365333333335
1883,10.94934590909091,11.575985113636364,88.0,88.0,826.96375,48.0,2017-11-22 18:22:56.317440017,6.3471608
1884,10.88629426966292,11.573930337078652,89.0,89.0,827.1877083333334,48.0,2017-11-23 19:02:31.557120008,6.432785066666667
1885,10.977306704545454,11.652394090909091,88.0,88.0,824.2716666666666,48.0,2017-11-24 19:42:06.796800008,6.5184093333333335
1886,10.998529425287357,11.798013103448277,87.0,87.0,827.7895833333333,48.0,2017-11-25 20:21:42.036480008,6.6040336
1887,10.983979772727274,11.754775,88.0,88.0,828.6641666666666,48.0,2017-11-26 21:01:17.276160008,6.689657866666667
1888,11.036481011235955,11.782999438202248,89.0,89.0,819.9808333333334,48.0,2017-11-27 21:40:52.515840008,6.7752821333333335
1889,10.99459090909091,11.76173215909091,88.0,88.0,822.08625,48.0,2017-11-28 22:20:27.755520008,6.860906399999999
1890,11.069925795454544,11.923915,88.0,88.0,817.0141666666667,48.0,2017-11-29 23:00:02.995200008,6.946530666666666
1891,10.963947666666666,11.821424888888888,90.0,90.0,814.9358333333333,48.0,2017-11-30 23:39:38.234880000,7.032154933333333
1892,11.00311318181818,11.899379090909092,88.0,88.0,821.7933333333334,48.0,2017-12-02 00:19:13.474560000,7.117779199999999
1893,11.08346,11.945355227272728,88.0,88.0,815.4404166666667,48.0,2017-12-03 00:58:48.714240000,7.203403466666666
1894,11.094049,11.958297777777776,90.0,90.0,817.5997916666666,48.0,2017-12-04 01:38:23.953920000,7.289027733333333
1895,11.24389590909091,12.025996590909092,88.0,88.0,815.9427083333334,48.0,2017-12-05 02:17:59.193600000,7.374651999999999
1896,11.297856781609196,12.094873908045978,87.0,87.0,814.8864583333334,48.0,2017-12-06 02:57:34.433280000,7.460276266666666
1897,11.133034606741573,11.888342584269664,89.0,89.0,821.34375,48.0,2017-12-07 03:37:09.672960017,7.545900533333333
1898,11.227081910112359,12.044218876404495,89.0,89.0,811.0816666666666,48.0,2017-12-08 04:16:44.912640017,7.631524799999999
1899,11.261206551724138,12.158398160919539,87.0,87.0,810.5177083333333,48.0,2017-12-09 04:56:20.152320017,7.717149066666666
1900,11.436043522727273,12.248605681818184,88.0,88.0,812.291875,48.0,2017-12-10 05:35:55.392000008,7.802773333333333
1901,11.131864943820226,11.85704033707865,89.0,89.0,807.0854166666667,48.0,2017-12-11 06:15:30.631680008,7.888397599999999
1902,10.977845454545454,11.618770795454544,88.0,88.0,801.4041666666667,48.0,2017-12-12 06:55:05.871360008,7.974021866666666
1903,11.010238275862068,11.724372413793104,87.0,87.0,808.073125,48.0,2017-12-13 07:34:41.111040008,8.059646133333333
1904,11.065217303370787,11.725168202247191,89.0,89.0,803.9177083333334,48.0,2017-12-14 08:14:16.350720008,8.1452704
1905,11.031134431818181,11.869474318181819,88.0,88.0,800.013125,48.0,2017-12-15 08:53:51.590400008,8.183257083870966
1906,10.990282386363637,11.819317840909092,88.0,88.0,802.13125,48.0,2017-12-16 09:33:26.830080008,8.13685425548387
1907,11.031862159090908,11.799636363636363,88.0,88.0,795.2345833333334,48.0,2017-12-17 10:13:02.069760008,8.090451427096774
1908,11.120193370786517,11.788361011235956,89.0,89.0,794.7239583333334,48.0,2017-12-18 10:52:37.309440000,8.044048598709677
1909,11.144103068181819,11.942512954545453,88.0,88.0,786.1383333333333,48.0,2017-12-19 11:32:12.549120000,7.99764577032258
1910,11.219359431818182,11.96470659090909,88.0,88.0,792.2533333333334,48.0,2017-12-20 12:11:47.788800000,7.951242941935483
1911,11.119790224719102,11.924355955056178,89.0,89.0,790.0635416666668,48.0,2017-12-21 12:51:23.028480000,7.904840113548387
1912,11.071871123595505,11.805216741573034,89.0,89.0,782.4587499999999,48.0,2017-12-22 13:30:58.268160017,7.85843728516129
1913,11.17277715909091,11.861008295454546,88.0,88.0,793.3158333333334,48.0,2017-12-23 14:10:33.507840017,7.812034456774193
1914,11.269997613636363,12.034482386363637,88.0,88.0,789.6833333333334,48.0,2017-12-24 14:50:08.747520017,7.765631628387096
1915,11.173600568181818,11.890715681818183,88.0,88.0,781.9775,48.0,2017-12-25 15:29:43.987200017,7.7192288
1916,11.273222159090908,11.995475454545454,88.0,88.0,788.1999999999999,48.0,2017-12-26 16:09:19.226880017,7.672825971612903
1917,11.141011123595506,11.922621460674156,89.0,89.0,788.0097916666667,48.0,2017-12-27 16:48:54.466560008,7.626423143225806
1918,11.00225617977528,11.796742584269664,89.0,89.0,782.5914583333333,48.0,2017-12-28 17:28:29.706240008,7.580020314838709
1919,11.080866516853932,11.824186629213482,89.0,89.0,787.8258333333333,48.0,2017-12-29 18:08:04.945920008,7.533617486451613
1920,11.362130568181819,12.04992875,88.0,88.0,779.2010416666667,48.0,2017-12-30 18:47:40.185600008,7.487214658064516
1921,11.35464191011236,12.128040337078653,89.0,89.0,780.3939583333334,48.0,2017-12-31 19:27:15.425280008,7.440811829677419
1922,11.293375340909092,12.005427500000001,88.0,88.0,785.3895833333332,48.0,2018-01-01 20:06:50.664960008,7.394409001290322
1923,10.980363977272727,11.733566136363637,88.0,88.0,777.1566666666666,48.0,2018-01-02 20:46:25.904640008,7.348006172903226
1924,10.99057573033708,11.664887528089887,89.0,89.0,779.5941666666666,48.0,2018-01-03 21:26:01.144320000,7.301603344516129
1925,11.114769655172413,11.805006436781609,87.0,87.0,779.6102083333334,48.0,2018-01-04 22:05:36.384000000,7.255200516129032
1926,11.030836363636364,11.729094090909092,88.0,88.0,776.2127083333334,48.0,2018-01-05 22:45:11.623680000,7.208797687741935
1927,10.916252696629213,11.552093370786517,89.0,89.0,777.3366666666666,48.0,2018-01-06 23:24:46.863360000,7.162394859354839
1928,10.967525454545454,11.680433522727272,88.0,88.0,774.4420833333334,48.0,2018-01-08 00:04:22.103040000,7.115992030967742
1929,11.024629886363636,11.777121477272727,88.0,88.0,771.2075,48.0,2018-01-09 00:43:57.342720017,7.069589202580644
1930,11.0191075,11.8549375,88.0,88.0,768.6491666666667,48.0,2018-01-10 01:23:32.582400017,7.023186374193548
1931,10.974624318181817,11.748149999999999,88.0,88.0,765.9829166666667,48.0,2018-01-11 02:03:07.822080017,6.976783545806452
1932,10.788181704545455,11.631366363636364,88.0,88.0,765.3649999999999,48.0,2018-01-12 02:42:43.061760017,6.930380717419355
1933,10.80638831460674,11.622131348314607,89.0,89.0,759.708125,48.0,2018-01-13 03:22:18.301440008,6.883977889032257
1934,10.960934382022472,11.734971123595507,89.0,89.0,764.6022916666667,48.0,2018-01-14 04:01:53.541120008,6.837575060645161
1935,10.976233522727272,11.776979886363636,88.0,88.0,761.539375,48.0,2018-01-15 04:41:28.780800008,6.824591638709677
1936,11.14272375,11.960388636363637,88.0,88.0,770.5647916666667,48.0,2018-01-16 05:21:04.020480008,6.953856660645161
1937,11.201234719101123,12.054656966292134,89.0,89.0,762.7766666666666,48.0,2018-01-17 06:00:39.260160008,7.083121682580645
1938,11.20697568181818,11.967817954545454,88.0,88.0,761.5575,48.0,2018-01-18 06:40:14.499840008,7.2123867045161285
1939,11.251933793103447,12.01741632183908,87.0,87.0,755.9414583333333,48.0,2018-01-19 07:19:49.739520008,7.341651726451612
1940,11.077150449438202,11.87916157303371,89.0,89.0,763.3147916666667,48.0,2018-01-20 07:59:24.979200000,7.470916748387096
1941,11.272272413793102,12.065733793103448,87.0,87.0,757.3945833333333,48.0,2018-01-21 08:39:00.218880000,7.60018177032258
1942,11.1396097752809,11.976301235955058,89.0,89.0,759.3847916666667,48.0,2018-01-22 09:18:35.458560000,7.729446792258064
1943,11.40306965909091,12.196623863636363,88.0,88.0,762.5416666666666,48.0,2018-01-23 09:58:10.698240000,7.858711814193548
1944,11.424816404494383,12.231561348314607,89.0,89.0,753.0208333333334,48.0,2018-01-24 10:37:45.937920017,7.987976836129032
1945,11.29689375,12.213364318181817,88.0,88.0,755.5133333333333,48.0,2018-01-25 11:17:21.177600017,8.117241858064515
1946,11.448445057471265,12.380690344827586,87.0,87.0,755.69375,48.0,2018-01-26 11:56:56.417280017,8.24650688
1947,11.660861235955055,12.41561033707865,89.0,89.0,751.8047916666666,48.0,2018-01-27 12:36:31.656960017,8.375771901935483
1948,11.661647954545456,12.506634545454546,88.0,88.0,752.8966666666666,48.0,2018-01-28 13:16:06.896640017,8.505036923870968
1949,11.468819318181817,12.436319772727273,88.0,88.0,757.6704166666667,48.0,2018-01-29 13:55:42.136320008,8.63430194580645
1950,11.256608764044943,12.18358595505618,89.0,89.0,749.4318750000001,48.0,2018-01-30 14:35:17.376000008,8.763566967741935
1951,11.305164712643677,12.259306666666667,87.0,87.0,750.9743749999999,48.0,2018-01-31 15:14:52.615680008,8.892831989677418
1952,,,,,758.5241666666667,48.0,2018-02-01 15:54:27.855360008,9.022097011612903
1953,11.438629662921349,12.342781573033708,89.0,89.0,746.6727083333334,48.0,2018-02-02 16:34:03.095040008,9.151362033548386
1954,,,,,731.9639583333333,48.0,2018-02-03 17:13:38.334720008,9.28062705548387
1955,,,,,743.9933333333333,48.0,2018-02-04 17:53:13.574400008,9.409892077419354
1956,,,,,747.1258333333334,48.0,2018-02-05 18:32:48.814080000,9.539157099354838
1957,,,,,736.921875,48.0,2018-02-06 19:12:24.053759999,9.668422121290321
1958,,,,,740.6554166666666,48.0,2018-02-07 19:51:59.293440000,9.797687143225806
1959,11.166074098360657,11.96585081967213,61.0,61.0,740.3850000000001,48.0,2018-02-08 20:31:34.533120000,9.926952165161289
1960,11.212111123595506,12.085604044943821,89.0,89.0,733.6497916666667,48.0,2018-02-09 21:11:09.772800000,10.056217187096774
1961,11.265900113636365,12.041841818181819,88.0,88.0,737.9885416666666,48.0,2018-02-10 21:50:45.012480017,10.185482209032257
1962,11.341409659090909,12.226557045454546,88.0,88.0,737.5252083333334,48.0,2018-02-11 22:30:20.252160017,10.314747230967741
1963,11.234763258426966,12.014292584269663,89.0,89.0,732.9810416666666,48.0,2018-02-12 23:09:55.491840017,10.444012252903224
1964,11.25122908045977,12.075523333333333,87.0,87.0,740.6952083333334,48.0,2018-02-13 23:49:30.731520017,10.57327727483871
1965,11.167440568181819,12.02674590909091,88.0,88.0,736.708125,48.0,2018-02-15 00:29:05.971200008,10.694081942857142
1966,11.292264318181818,11.970322500000002,88.0,88.0,736.7754166666667,48.0,2018-02-16 01:08:41.210880008,10.393173805714286
1967,11.303997011494252,12.113926781609196,87.0,87.0,735.335,48.0,2018-02-17 01:48:16.450560008,10.092265668571429
1968,11.37817804597701,12.112133333333333,87.0,87.0,734.1485416666666,48.0,2018-02-18 02:27:51.690240008,9.79135753142857
1969,11.307275977011495,12.191912183908045,87.0,87.0,734.2520833333333,48.0,2018-02-19 03:07:26.929920008,9.490449394285713
1970,11.370451477272727,12.169564886363638,88.0,88.0,735.9804166666667,48.0,2018-02-20 03:47:02.169600008,9.189541257142857
1971,11.372891477272727,12.210073295454547,88.0,88.0,729.7391666666667,48.0,2018-02-21 04:26:37.409280008,8.88863312
1972,11.497053218390805,12.384359310344829,87.0,87.0,732.7579166666666,48.0,2018-02-22 05:06:12.648960000,8.587724982857143
1973,11.556405057471265,12.532747931034482,87.0,87.0,733.8729166666667,48.0,2018-02-23 05:45:47.888640000,8.286816845714284
1974,11.535494659090908,12.30774806818182,88.0,88.0,725.8647916666667,48.0,2018-02-24 06:25:23.128320000,7.985908708571428
1975,11.369346321839082,12.212244597701147,87.0,87.0,739.2491666666666,48.0,2018-02-25 07:04:58.368000000,7.685000571428571
1976,11.391239655172415,12.187482068965519,87.0,87.0,727.1225,48.0,2018-02-26 07:44:33.607680017,7.384092434285714
1977,11.493490898876406,12.227155056179775,89.0,89.0,728.7104166666667,48.0,2018-02-27 08:24:08.847360017,7.083184297142857
1978,11.58150356321839,12.342054367816091,87.0,87.0,727.4914583333333,48.0,2018-02-28 09:03:44.087040017,6.78227616
1979,11.572184090909092,12.363405,88.0,88.0,721.8602083333334,48.0,2018-03-01 09:43:19.326720017,6.481368022857143
1980,11.49345,12.287841860465116,86.0,86.0,721.2091666666666,48.0,2018-03-02 10:22:54.566400017,6.180459885714286
1981,11.380628850574713,12.120586091954022,87.0,87.0,716.6772916666667,48.0,2018-03-03 11:02:29.806080008,5.879551748571428
1982,11.509588390804598,12.127578505747126,87.0,87.0,722.7312499999999,48.0,2018-03-04 11:42:05.045760008,5.578643611428571
1983,11.284381704545455,12.128750681818182,88.0,88.0,722.1272916666667,48.0,2018-03-05 12:21:40.285440008,5.2777354742857145
1984,11.152342954545453,11.93973125,88.0,88.0,727.625,48.0,2018-03-06 13:01:15.525120008,4.976827337142857
1985,11.209105000000001,12.003687045454546,88.0,88.0,722.6029166666667,48.0,2018-03-07 13:40:50.764800008,4.6759192
1986,11.372341011235955,12.15274820224719,89.0,89.0,724.4566666666666,48.0,2018-03-08 14:20:26.004480008,4.375011062857143
1987,11.378997011494253,12.274833793103449,87.0,87.0,719.2441666666667,48.0,2018-03-09 15:00:01.244160008,4.074102925714286
1988,11.455212873563218,12.205170459770116,87.0,87.0,724.4760416666667,48.0,2018-03-10 15:39:36.483840000,3.7731947885714288
1989,11.347214090909091,12.187226136363636,88.0,88.0,724.666875,48.0,2018-03-11 16:19:11.723520000,3.472286651428572
1990,11.152008314606741,12.064279550561798,89.0,89.0,724.5554166666667,48.0,2018-03-12 16:58:46.963200000,3.1713785142857143
1991,11.218776136363637,12.062368181818181,88.0,88.0,727.186875,48.0,2018-03-13 17:38:22.202880000,2.8704703771428575
1992,11.39908,12.17412409090909,88.0,88.0,719.169375,48.0,2018-03-14 18:17:57.442560000,2.5695622399999998
1993,11.320172413793104,12.240498850574712,87.0,87.0,721.1583333333333,48.0,2018-03-15 18:57:32.682240017,2.663088846451613
1994,11.353010574712643,12.193867586206895,87.0,87.0,725.9489583333334,48.0,2018-03-16 19:37:07.921920000,2.875216061935484
1995,11.147890888888888,12.058190666666665,90.0,90.0,721.9027083333334,48.0,2018-03-17 20:16:43.161599991,3.0873432774193548
1996,11.401611477272727,12.28141465909091,88.0,88.0,723.2535416666666,48.0,2018-03-18 20:56:18.401279991,3.2994704929032257
1997,11.398466477272727,12.189493977272726,88.0,88.0,721.7808333333334,48.0,2018-03-19 21:35:53.640959991,3.5115977083870966
1998,11.108703181818182,11.981777613636364,88.0,88.0,718.551875,48.0,2018-03-20 22:15:28.880639991,3.723724923870968
1999,11.306928409090908,12.121200340909091,88.0,88.0,717.7470833333333,48.0,2018-03-21 22:55:04.120319991,3.9358521393548385
2000,11.221844252873563,12.069860919540229,87.0,87.0,719.6845833333333,48.0,2018-03-22 23:34:39.359999991,4.14797935483871
2001,11.204366931818182,11.99042715909091,88.0,88.0,718.9035416666667,48.0,2018-03-24 00:14:14.599680025,4.36010657032258
2002,11.362784382022472,12.147194269662922,89.0,89.0,715.5095833333334,48.0,2018-03-25 00:53:49.839360025,4.572233785806452
2003,11.571982988505747,12.378221264367816,87.0,87.0,716.2475,48.0,2018-03-26 01:33:25.079040025,4.784361001290323
2004,11.633824942528737,12.516338160919538,87.0,87.0,709.8714583333334,48.0,2018-03-27 02:13:00.318720025,4.9964882167741935
2005,11.539549431818182,12.385766136363635,88.0,88.0,711.5497916666667,48.0,2018-03-28 02:52:35.558400025,5.208615432258064
2006,11.47607202247191,12.503771573033708,89.0,89.0,714.8291666666668,48.0,2018-03-29 03:32:10.798080017,5.420742647741935
2007,11.31314875,12.20358,88.0,88.0,726.031875,48.0,2018-03-30 04:11:46.037760017,5.632869863225807
2008,11.309914772727273,12.133700113636364,88.0,88.0,717.47375,48.0,2018-03-31 04:51:21.277440017,5.844997078709678
2009,11.346717241379311,12.118852758620688,87.0,87.0,716.5056249999999,48.0,2018-04-01 05:30:56.517120017,6.057124294193549
2010,11.232264252873563,11.980336321839081,87.0,87.0,714.3893750000001,48.0,2018-04-02 06:10:31.756800017,6.269251509677419
2011,11.157328636363637,11.863535227272727,88.0,88.0,709.594375,48.0,2018-04-03 06:50:06.996480017,6.48137872516129
2012,11.138386516853933,11.935198651685393,89.0,89.0,714.9339583333334,48.0,2018-04-04 07:29:42.236160017,6.693505940645162
2013,11.117427613636364,11.985696136363636,88.0,88.0,720.1852083333333,48.0,2018-04-05 08:09:17.475840008,6.905633156129032
2014,11.331585747126438,12.172019425287356,87.0,87.0,715.8797916666667,48.0,2018-04-06 08:48:52.715520008,7.117760371612904
2015,11.351430113636363,12.158317045454545,88.0,88.0,719.0822916666666,48.0,2018-04-07 09:28:27.955200008,7.329887587096774
2016,11.46709724137931,12.227208850574714,87.0,87.0,718.616875,48.0,2018-04-08 10:08:03.194880008,7.5420148025806455
2017,11.343820568181819,12.212826818181817,88.0,88.0,717.5464583333334,48.0,2018-04-09 10:47:38.434560008,7.754142018064516
2018,11.499415795454546,12.294241931818181,88.0,88.0,721.7497916666666,48.0,2018-04-10 11:27:13.674240008,7.966269233548387
2019,11.337821379310345,12.246192988505747,87.0,87.0,722.6729166666668,48.0,2018-04-11 12:06:48.913920008,8.178396449032258
2020,11.413622413793103,12.353441609195404,87.0,87.0,713.7175000000001,48.0,2018-04-12 12:46:24.153600000,8.39052366451613
2021,11.56444409090909,12.322585454545454,88.0,88.0,725.6285416666666,48.0,2018-04-13 13:25:59.393280000,8.60265088
2022,11.479519550561797,12.322861348314607,89.0,89.0,721.584375,48.0,2018-04-14 14:05:34.632960000,8.81477809548387
2023,11.457929204545454,12.312480227272728,88.0,88.0,721.6454166666667,48.0,2018-04-15 14:45:09.872640000,8.986057664
2024,11.424815862068966,12.281725747126439,87.0,87.0,724.2466666666666,48.0,2018-04-16 15:24:45.112320000,9.129906432
2025,11.293481022727272,12.156946590909092,88.0,88.0,713.8002083333332,48.0,2018-04-17 16:04:20.352000000,9.2737552
2026,11.381125862068966,12.230440689655174,87.0,87.0,717.7789583333333,48.0,2018-04-18 16:43:55.591680000,9.417603968
2027,11.342330111111112,12.186273,90.0,90.0,718.2716666666666,48.0,2018-04-19 17:23:30.831359991,9.561452736
2028,11.516308977272727,12.403622613636365,88.0,88.0,723.4064583333334,48.0,2018-04-20 18:03:06.071039991,9.705301504
2029,11.555906896551726,12.511941264367817,87.0,87.0,714.961875,48.0,2018-04-21 18:42:41.310719991,9.849150272
2030,11.653389090909089,12.61720784090909,88.0,88.0,714.2635416666667,48.0,2018-04-22 19:22:16.550399991,9.99299904
2031,11.721089886363636,12.608270568181819,88.0,88.0,723.5170833333333,48.0,2018-04-23 20:01:51.790079991,10.136847808
2032,11.357539204545454,12.219456818181818,88.0,88.0,714.50875,48.0,2018-04-24 20:41:27.029760025,10.280696576
2033,11.222819431818182,11.94775715909091,88.0,88.0,720.985,48.0,2018-04-25 21:21:02.269440025,10.424545344
2034,10.99740426966292,11.766903258426966,89.0,89.0,728.506875,48.0,2018-04-26 22:00:37.509120025,10.568394112
2035,10.997342068965517,11.652632758620689,87.0,87.0,716.4797916666666,48.0,2018-04-27 22:40:12.748800025,10.71224288
2036,11.106828863636364,11.7639675,88.0,88.0,727.375,48.0,2018-04-28 23:19:47.988480025,10.856091648
2037,11.239051931818182,11.975938750000001,88.0,88.0,724.4718750000001,48.0,2018-04-29 23:59:23.228160025,10.999940416
2038,11.103566590909091,11.825587159090908,88.0,88.0,738.5014583333333,48.0,2018-05-01 00:38:58.467840017,11.143789184
2039,11.145644252873563,12.046947011494252,87.0,87.0,723.7541666666666,48.0,2018-05-02 01:18:33.707520017,11.287637952
2040,11.258019885057472,12.094385977011493,87.0,87.0,730.34,48.0,2018-05-03 01:58:08.947200017,11.43148672
2041,11.393427272727273,12.2710875,88.0,88.0,728.178125,48.0,2018-05-04 02:37:44.186880017,11.575335488
2042,11.451744712643677,12.326678275862069,87.0,87.0,731.6402083333334,48.0,2018-05-05 03:17:19.426560017,11.719184256
2043,11.366666704545453,12.188199318181818,88.0,88.0,731.729375,48.0,2018-05-06 03:56:54.666240017,11.863033024
2044,11.255127415730337,12.16998404494382,89.0,89.0,739.5447916666667,48.0,2018-05-07 04:36:29.905920017,12.006881792
2045,11.382307011494254,12.176830114942527,87.0,87.0,738.4610416666666,48.0,2018-05-08 05:16:05.145600008,12.15073056
2046,11.270354367816093,12.056235402298851,87.0,87.0,735.3268750000001,48.0,2018-05-09 05:55:40.385280008,12.294579328
2047,11.267325681818182,11.98313965909091,88.0,88.0,734.2629166666667,48.0,2018-05-10 06:35:15.624960008,12.438428095999999
2048,11.015412045454546,11.665444545454545,88.0,88.0,739.2275,48.0,2018-05-11 07:14:50.864640008,12.582276864
2049,11.047569540229885,11.780437471264367,87.0,87.0,738.8093749999999,48.0,2018-05-12 07:54:26.104320008,12.726125631999999
2050,11.056538409090908,11.773135454545455,88.0,88.0,745.7362499999999,48.0,2018-05-13 08:34:01.344000008,12.8699744
2051,10.985850227272728,11.724278522727273,88.0,88.0,740.8441666666666,48.0,2018-05-14 09:13:36.583680008,13.013823167999998
2052,11.100423181818181,11.817228295454544,88.0,88.0,736.9139583333334,48.0,2018-05-15 09:53:11.823360000,13.133221161290322
2053,11.193870337078652,11.992304606741573,89.0,89.0,737.063125,48.0,2018-05-16 10:32:47.063040000,13.216083354838709
2054,11.197535454545454,11.992283636363636,88.0,88.0,735.61375,48.0,2018-05-17 11:12:22.302720000,13.298945548387097
2055,11.28584875,12.095604659090908,88.0,88.0,747.7218750000001,48.0,2018-05-18 11:51:57.542400000,13.381807741935484
2056,11.409374022988505,12.262537126436781,87.0,87.0,732.6533333333333,48.0,2018-05-19 12:31:32.782080000,13.46466993548387
2057,11.409761011235956,12.259143820224718,89.0,89.0,742.4260416666666,48.0,2018-05-20 13:11:08.021759999,13.547532129032257
2058,11.385791724137931,12.191032873563218,87.0,87.0,748.0777083333334,48.0,2018-05-21 13:50:43.261440000,13.630394322580646
2059,11.076611460674158,11.858583258426966,89.0,89.0,739.4572916666666,48.0,2018-05-22 14:30:18.501119991,13.713256516129032
2060,11.125640561797752,11.88366584269663,89.0,89.0,739.444375,48.0,2018-05-23 15:09:53.740799991,13.796118709677419
2061,11.283113333333333,12.005895632183908,87.0,87.0,749.1341666666667,48.0,2018-05-24 15:49:28.980479991,13.878980903225806
2062,11.187366781609196,11.906277701149426,87.0,87.0,745.2658333333334,48.0,2018-05-25 16:29:04.220159991,13.961843096774194
2063,11.039237386363636,11.793573522727273,88.0,88.0,752.6104166666668,48.0,2018-05-26 17:08:39.459839991,14.04470529032258
2064,10.88939617977528,11.550970337078653,89.0,89.0,753.9968749999999,48.0,2018-05-27 17:48:14.699519991,14.127567483870967
2065,10.98943159090909,11.681749204545456,88.0,88.0,750.1725,48.0,2018-05-28 18:27:49.939200025,14.210429677419354
2066,11.129682696629214,11.882016179775281,89.0,89.0,756.0152083333334,48.0,2018-05-29 19:07:25.178880025,14.293291870967742
2067,11.270063139534884,12.082538372093024,86.0,86.0,752.3762499999999,48.0,2018-05-30 19:47:00.418560025,14.376154064516129
2068,11.100625955056179,11.776070449438201,89.0,89.0,750.2966666666666,48.0,2018-05-31 20:26:35.658240025,14.459016258064516
2069,11.254331573033708,11.974717303370786,89.0,89.0,759.2566666666667,48.0,2018-06-01 21:06:10.897920025,14.541878451612902
2070,11.249229999999999,12.084133295454546,88.0,88.0,761.4077083333333,48.0,2018-06-02 21:45:46.137600017,14.62474064516129
2071,11.307750568181818,12.044094204545456,88.0,88.0,758.0533333333333,48.0,2018-06-03 22:25:21.377280017,14.707602838709677
2072,11.268135681818181,11.992240795454546,88.0,88.0,754.6191666666667,48.0,2018-06-04 23:04:56.616960017,14.790465032258064
2073,11.276144772727273,11.985729318181818,88.0,88.0,753.44125,48.0,2018-06-05 23:44:31.856640017,14.873327225806452
2074,11.219307126436782,11.996138965517241,87.0,87.0,765.2045833333333,48.0,2018-06-07 00:24:07.096320017,14.956189419354839
2075,11.083466555555555,11.834735555555556,90.0,90.0,762.5704166666666,48.0,2018-06-08 01:03:42.336000017,15.039051612903226
2076,11.224289325842697,12.083591573033708,89.0,89.0,765.5129166666667,48.0,2018-06-09 01:43:17.575680017,15.121913806451612
2077,11.439859425287358,12.272530229885056,87.0,87.0,767.2560416666666,48.0,2018-06-10 02:22:52.815360008,15.204775999999999
2078,11.484762068965518,12.346997241379311,87.0,87.0,758.4660416666667,48.0,2018-06-11 03:02:28.055040008,15.287638193548387
2079,11.460681685393258,12.351875730337078,89.0,89.0,771.6510416666666,48.0,2018-06-12 03:42:03.294720008,15.370500387096774
2080,11.385959545454545,12.229369090909092,22.0,22.0,761.8602083333334,48.0,2018-06-13 04:21:38.534400008,15.45336258064516
2081,,,,,765.2512499999999,48.0,2018-06-14 05:01:13.774080008,15.536224774193549
2082,,,,,774.729375,48.0,2018-06-15 05:40:49.013760008,15.489550079999999
2083,,,,,769.206875,48.0,2018-06-16 06:20:24.253440008,15.010054186666666
2084,11.490374137931035,12.439723678160918,87.0,87.0,771.405625,48.0,2018-06-17 06:59:59.493120000,14.530558293333334
2085,11.24354965909091,12.172085113636363,88.0,88.0,771.9079166666667,48.0,2018-06-18 07:39:34.732800000,14.0510624
2086,11.400084943820225,12.237395168539326,89.0,89.0,782.1618749999999,48.0,2018-06-19 08:19:09.972480000,13.571566506666667
2087,11.437416666666667,12.339890459770116,87.0,87.0,773.8337499999999,48.0,2018-06-20 08:58:45.212160000,13.092070613333334
2088,11.19736193181818,11.931112840909092,88.0,88.0,774.5097916666667,48.0,2018-06-21 09:38:20.451840000,12.61257472
2089,10.79377590909091,11.52744909090909,22.0,22.0,779.5593749999999,48.0,2018-06-22 10:17:55.691520000,12.133078826666667
2090,11.129638620689654,11.939699770114942,87.0,87.0,777.465,48.0,2018-06-23 10:57:30.931200000,11.653582933333333
2091,11.090992272727274,11.982144204545454,88.0,88.0,777.5977083333333,48.0,2018-06-24 11:37:06.170879991,11.17408704
2092,10.93138388888889,11.710555666666666,90.0,90.0,789.3504166666667,48.0,2018-06-25 12:16:41.410559991,10.694591146666667
2093,10.921733409090908,11.692660795454545,88.0,88.0,771.4343749999999,48.0,2018-06-26 12:56:16.650239991,10.215095253333333
2094,11.282893103448277,12.060563908045978,87.0,87.0,775.8014583333334,48.0,2018-06-27 13:35:51.889919991,9.73559936
2095,11.223793068181818,12.069893522727273,88.0,88.0,790.9654166666666,48.0,2018-06-28 14:15:27.129599991,9.256103466666666
2096,11.294436206896552,11.961303333333333,87.0,87.0,786.80625,48.0,2018-06-29 14:55:02.369280025,8.776607573333333
2097,11.135591363636363,11.903893409090909,88.0,88.0,787.5620833333334,48.0,2018-06-30 15:34:37.608960025,8.29711168
2098,11.129200449438201,12.036819325842696,89.0,89.0,791.948125,48.0,2018-07-01 16:14:12.848640025,7.817615786666667
2099,11.213885333333334,12.138048111111111,90.0,90.0,784.5768750000001,48.0,2018-07-02 16:53:48.088320025,7.338119893333333
2100,11.26562159090909,12.192431818181818,88.0,88.0,796.4872916666667,48.0,2018-07-03 17:33:23.328000025,6.858624000000001
2101,11.458648620689655,12.417982988505749,87.0,87.0,792.8970833333333,48.0,2018-07-04 18:12:58.567680025,6.379128106666666
2102,11.582122808988764,12.424528539325843,89.0,89.0,791.6508333333333,48.0,2018-07-05 18:52:33.807360017,5.899632213333334
2103,11.533033068181819,12.460550568181818,88.0,88.0,786.91125,48.0,2018-07-06 19:32:09.047040017,5.420136319999999
2104,11.691054022988506,12.62533,87.0,87.0,786.4758333333333,48.0,2018-07-07 20:11:44.286720017,4.940640426666667
2105,11.383185393258428,12.401027303370787,89.0,89.0,793.1020833333333,48.0,2018-07-08 20:51:19.526400017,4.461144533333334
2106,11.462362584269663,12.404913707865168,89.0,89.0,801.749375,48.0,2018-07-09 21:30:54.766080017,3.9816486399999995
2107,11.557552613636362,12.545949318181817,88.0,88.0,804.6254166666666,48.0,2018-07-10 22:10:30.005760017,3.502152746666667
2108,11.667878539325843,12.534703370786517,89.0,89.0,812.9552083333333,48.0,2018-07-11 22:50:05.245440017,3.0226568533333342
2109,11.53877,12.425783636363635,88.0,88.0,813.1235416666667,48.0,2018-07-12 23:29:40.485120008,2.54316096
2110,11.437037840909092,12.376954886363636,88.0,88.0,813.2914583333333,48.0,2018-07-14 00:09:15.724800008,2.063665066666667
2111,11.404254494382023,12.282502134831459,89.0,89.0,808.5472916666666,48.0,2018-07-15 00:48:50.964480008,1.6077695070967744
2112,11.496712045454546,12.427166022727272,88.0,88.0,815.5677083333334,48.0,2018-07-16 01:28:26.204160008,1.8430981367741937
2113,11.451318863636363,12.43001875,88.0,88.0,819.019375,48.0,2018-07-17 02:08:01.443840008,2.078426766451613
2114,11.380282471910112,12.395360786516855,89.0,89.0,815.6502083333334,48.0,2018-07-18 02:47:36.683520008,2.3137553961290322
2115,11.458749318181818,12.389323409090908,88.0,88.0,816.1033333333334,48.0,2018-07-19 03:27:11.923200008,2.5490840258064518
2116,11.286701022727273,12.161363181818182,88.0,88.0,813.5762500000001,48.0,2018-07-20 04:06:47.162880000,2.7844126554838713
2117,11.221286477272727,12.196037613636365,88.0,88.0,828.1683333333334,48.0,2018-07-21 04:46:22.402560000,3.0197412851612904
2118,11.332869659090909,12.246496477272728,88.0,88.0,827.8608333333333,48.0,2018-07-22 05:25:57.642240000,3.2550699148387094
2119,11.108836363636364,12.124595,88.0,88.0,830.7685416666667,48.0,2018-07-23 06:05:32.881920000,3.490398544516129
2120,11.228347528089888,12.145734606741573,89.0,89.0,822.0527083333333,48.0,2018-07-24 06:45:08.121600000,3.7257271741935485
2121,11.377179886363637,12.240902386363636,88.0,88.0,831.4852083333334,48.0,2018-07-25 07:24:43.361279999,3.961055803870968
2122,11.316253522727273,12.180533295454545,88.0,88.0,829.526875,48.0,2018-07-26 08:04:18.600960000,4.196384433548387
2123,11.390367586206898,12.301577126436781,87.0,87.0,831.0437499999999,48.0,2018-07-27 08:43:53.840639991,4.431713063225807
2124,11.249775444444444,12.301953555555555,90.0,90.0,831.7575,48.0,2018-07-28 09:23:29.080319991,4.667041692903226
2125,11.343896022727272,12.437681704545456,88.0,88.0,836.243125,48.0,2018-07-29 10:03:04.319999991,4.902370322580645
2126,11.437740344827585,12.550634252873563,87.0,87.0,830.106875,48.0,2018-07-30 10:42:39.559679991,5.137698952258065
2127,11.467079438202248,12.586523258426967,89.0,89.0,827.151875,48.0,2018-07-31 11:22:14.799359991,5.373027581935483
2128,11.192253181818181,12.295908522727274,88.0,88.0,842.6445833333333,48.0,2018-08-01 12:01:50.039039991,5.608356211612904
2129,11.193008295454545,12.266007045454545,88.0,88.0,846.7320833333333,48.0,2018-08-02 12:41:25.278720025,5.843684841290322
2130,11.354582272727272,12.339449772727273,88.0,88.0,842.160625,48.0,2018-08-03 13:21:00.518400025,6.079013470967743
2131,11.26423,12.202693977272729,88.0,88.0,846.24375,48.0,2018-08-04 14:00:35.758080025,6.314342100645161
2132,11.283329662921348,12.232440786516854,89.0,89.0,849.2487500000001,48.0,2018-08-05 14:40:10.997760025,6.54967073032258
2133,11.33696840909091,12.329371704545453,88.0,88.0,853.1675,48.0,2018-08-06 15:19:46.237440025,6.7849993600000005
2134,11.281599195402299,12.256639425287357,87.0,87.0,859.394375,48.0,2018-08-07 15:59:21.477120017,7.020327989677419
2135,11.316305862068965,12.291253908045976,87.0,87.0,857.2466666666666,48.0,2018-08-08 16:38:56.716800017,7.2556566193548395
2136,11.294288636363635,12.184552159090911,88.0,88.0,850.484375,48.0,2018-08-09 17:18:31.956480017,7.490985249032258
2137,11.349156022727273,12.273601931818183,88.0,88.0,861.8177083333334,48.0,2018-08-10 17:58:07.196160017,7.726313878709677
2138,11.212610909090909,12.226420000000001,88.0,88.0,859.6935416666666,48.0,2018-08-11 18:37:42.435840017,7.961642508387097
2139,11.33804091954023,12.20252540229885,87.0,87.0,855.1720833333334,48.0,2018-08-12 19:17:17.675520017,8.196971138064516
2140,11.428045568181817,12.257513181818183,88.0,88.0,859.1458333333334,48.0,2018-08-13 19:56:52.915200017,8.432299767741936
2141,11.505086666666667,12.355550459770116,87.0,87.0,862.3670833333334,48.0,2018-08-14 20:36:28.154880008,8.667628397419355
2142,11.459551954022988,12.376799770114943,87.0,87.0,869.4431249999999,48.0,2018-08-15 21:16:03.394560008,8.545638317419353
2143,11.274916704545454,12.177435454545453,88.0,88.0,883.4266666666667,48.0,2018-08-16 21:55:38.634240008,8.366655979354839
2144,11.232276363636364,12.095035000000001,88.0,88.0,867.8222916666667,48.0,2018-08-17 22:35:13.873920008,8.187673641290322
2145,11.253542840909091,12.07397034090909,88.0,88.0,860.37875,48.0,2018-08-18 23:14:49.113600008,8.008691303225806
2146,11.161840337078651,12.137577415730338,89.0,89.0,873.3795833333334,48.0,2018-08-19 23:54:24.353280008,7.82970896516129
2147,11.204463793103448,12.13880183908046,87.0,87.0,861.5137500000001,48.0,2018-08-21 00:33:59.592960008,7.650726627096773
2148,11.146105227272727,12.106034886363636,88.0,88.0,867.7797916666667,48.0,2018-08-22 01:13:34.832640000,7.471744289032257
2149,10.87886,11.849783888888888,90.0,90.0,871.1422916666667,48.0,2018-08-23 01:53:10.072320000,7.2927619509677415
2150,11.007487954545455,11.977025113636364,88.0,88.0,877.1195833333333,48.0,2018-08-24 02:32:45.312000000,7.113779612903225
2151,11.146412159090909,12.123058863636363,88.0,88.0,874.6275,48.0,2018-08-25 03:12:20.551680000,6.93479727483871
2152,11.115117078651686,12.094202247191012,89.0,89.0,869.9579166666667,48.0,2018-08-26 03:51:55.791360000,6.755814936774193
2153,11.220034090909092,12.26139215909091,88.0,88.0,874.2089583333333,48.0,2018-08-27 04:31:31.031039999,6.576832598709677
2154,10.99606,12.00875,88.0,88.0,878.0524999999999,48.0,2018-08-28 05:11:06.270720000,6.397850260645161
2155,10.977762696629213,11.850941235955057,89.0,89.0,881.9945833333333,48.0,2018-08-29 05:50:41.510399991,6.218867922580644
2156,11.213961011235956,12.17079382022472,89.0,89.0,877.1116666666667,48.0,2018-08-30 06:30:16.750079991,6.039885584516129
2157,11.238379550561797,12.282958764044945,89.0,89.0,874.6064583333333,48.0,2018-08-31 07:09:51.989759991,5.860903246451612
2158,11.50073908045977,12.506764367816093,87.0,87.0,886.129375,48.0,2018-09-01 07:49:27.229439991,5.681920908387097
2159,11.374099772727273,12.48254875,88.0,88.0,887.0277083333334,48.0,2018-09-02 08:29:02.469119991,5.502938570322581
2160,11.481364318181818,12.521718750000002,88.0,88.0,882.5841666666666,48.0,2018-09-03 09:08:37.708800025,5.323956232258064
2161,11.470941379310345,12.603448735632183,87.0,87.0,883.9002083333334,48.0,2018-09-04 09:48:12.948480025,5.144973894193548
2162,11.285416516853932,12.437307865168538,89.0,89.0,888.021875,48.0,2018-09-05 10:27:48.188160025,4.9659915561290315
2163,11.354507528089886,12.35004640449438,89.0,89.0,893.0077083333334,48.0,2018-09-06 11:07:23.427840025,4.787009218064515
2164,11.390787865168539,12.418446853932585,89.0,89.0,892.0629166666666,48.0,2018-09-07 11:46:58.667520025,4.60802688
2165,11.302606966292135,12.29784606741573,89.0,89.0,891.4760416666667,48.0,2018-09-08 12:26:33.907200025,4.429044541935483
2166,11.37562125,12.335935681818182,88.0,88.0,888.6983333333333,48.0,2018-09-09 13:06:09.146880017,4.250062203870968
2167,11.366602613636363,12.491706022727271,88.0,88.0,888.54,48.0,2018-09-10 13:45:44.386560017,4.0710798658064515
2168,11.307000454545454,12.34922034090909,88.0,88.0,881.6025,48.0,2018-09-11 14:25:19.626240017,3.892097527741935
2169,11.22062,12.147278222222223,90.0,90.0,889.4070833333334,48.0,2018-09-12 15:04:54.865920017,3.713115189677419
2170,11.456891477272727,12.339083977272729,88.0,88.0,893.9835416666666,48.0,2018-09-13 15:44:30.105600017,3.5341328516129034
2171,11.359446179775281,12.360852584269663,89.0,89.0,862.8897916666666,48.0,2018-09-14 16:24:05.345280017,3.355150513548387
2172,11.326371320754717,12.311616603773585,53.0,53.0,884.8008333333333,48.0,2018-09-15 17:03:40.584960017,3.337913941333333
2173,11.446037415730336,12.530705842696628,89.0,89.0,912.1916666666666,48.0,2018-09-16 17:43:15.824640008,3.392713472
2174,11.52249786516854,12.601855617977527,89.0,89.0,896.8693750000001,48.0,2018-09-17 18:22:51.064320008,3.4475130026666667
2175,11.42036911111111,12.426391555555556,45.0,45.0,914.3054166666667,48.0,2018-09-18 19:02:26.304000008,3.5023125333333334
2176,,,,,,,2018-09-19 19:42:01.543680008,3.557112064
2177,,,,,,,2018-09-20 20:21:36.783360008,3.6119115946666667
2178,,,,,,,2018-09-21 21:01:12.023040008,3.6667111253333333
2179,,,,,,,2018-09-22 21:40:47.262720008,3.721510656
2180,,,,,,,2018-09-23 22:20:22.502400000,3.7763101866666666
2181,,,,,,,2018-09-24 22:59:57.742080000,3.8311097173333333
2182,,,,,,,2018-09-25 23:39:32.981760000,3.885909248
2183,,,,,,,2018-09-27 00:19:08.221440000,3.9407087786666666
2184,,,,,,,2018-09-28 00:58:43.461120000,3.9955083093333332
2185,,,,,,,2018-09-29 01:38:18.700800000,4.05030784
2186,,,,,,,2018-09-30 02:17:53.940480000,4.1051073706666665
2187,,,,,,,2018-10-01 02:57:29.180160000,4.159906901333334
2188,,,,,,,2018-10-02 03:37:04.419839991,4.214706432
2189,,,,,,,2018-10-03 04:16:39.659519991,4.269505962666667
2190,,,,,,,2018-10-04 04:56:14.899199991,4.324305493333334
2191,,,,,,,2018-10-05 05:35:50.138879991,4.379105024
2192,,,,,,,2018-10-06 06:15:25.378559991,4.433904554666666
2193,,,,,,,2018-10-07 06:55:00.618240025,4.4887040853333335
2194,,,,,,,2018-10-08 07:34:35.857920025,4.543503616000001
2195,,,,,,,2018-10-09 08:14:11.097600025,4.598303146666667
2196,,,,,,,2018-10-10 08:53:46.337280025,4.653102677333334
2197,,,,,,,2018-10-11 09:33:21.576960025,4.707902208
2198,,,,,,,2018-10-12 10:12:56.816640017,4.762701738666667
2199,,,,,,,2018-10-13 10:52:32.056320017,4.8175012693333334
2200,,,,,,,2018-10-14 11:32:07.296000017,4.8723008000000005
2201,,,,,,,2018-10-15 12:11:42.535680017,4.9
2202,,,,,,,2018-10-16 12:51:17.775360017,4.9
2203,,,,,,,2018-10-17 13:30:53.015040017,4.9
2204,11.297340666666667,12.461284222222222,45.0,45.0,860.3995833333333,48.0,2018-10-18 14:10:28.254720017,4.9
2205,11.338967415730338,12.309567078651687,89.0,89.0,885.4222916666666,48.0,2018-10-19 14:50:03.494400017,4.9
2206,11.415742386363636,12.372269772727272,88.0,88.0,884.2629166666667,48.0,2018-10-20 15:29:38.734080008,4.9
2207,11.340516704545454,12.42844465909091,88.0,88.0,885.4929166666667,48.0,2018-10-21 16:09:13.973760008,4.9
2208,11.37217584269663,12.405670561797752,89.0,89.0,882.3060416666667,48.0,2018-10-22 16:48:49.213440008,4.9
2209,11.419910909090909,12.486312045454547,88.0,88.0,884.0012499999999,48.0,2018-10-23 17:28:24.453120008,4.9
2210,11.396115113636363,12.498672272727275,88.0,88.0,882.9899999999999,48.0,2018-10-24 18:07:59.692800008,4.9
2211,11.502780449438204,12.516414831460674,89.0,89.0,879.0725000000001,48.0,2018-10-25 18:47:34.932480008,4.9
2212,11.579101363636363,12.564397386363636,88.0,88.0,880.08625,48.0,2018-10-26 19:27:10.172160008,4.9
2213,11.381807078651685,12.494449999999999,89.0,89.0,881.7372916666667,48.0,2018-10-27 20:06:45.411840000,4.9
2214,11.58079159090909,12.680988636363635,88.0,88.0,874.2829166666667,48.0,2018-10-28 20:46:20.651520000,4.9
2215,11.485272808988764,12.615927977528091,89.0,89.0,875.5179166666667,48.0,2018-10-29 21:25:55.891200000,4.9
2216,11.353791011235955,12.51330202247191,89.0,89.0,869.7010416666667,48.0,2018-10-30 22:05:31.130880000,4.9
2217,11.613113820224719,12.693675056179776,89.0,89.0,871.0029166666667,48.0,2018-10-31 22:45:06.370560000,4.9
2218,11.558611910112361,12.61554,89.0,89.0,867.175625,48.0,2018-11-01 23:24:41.610240000,4.9
2219,11.620594318181817,12.72042965909091,88.0,88.0,863.5410416666667,48.0,2018-11-03 00:04:16.849920000,4.9
2220,11.429368651685392,12.430823595505618,89.0,89.0,861.2635416666667,48.0,2018-11-04 00:43:52.089599991,4.9
2221,11.339404831460675,12.364829325842697,89.0,89.0,862.4495833333334,48.0,2018-11-05 01:23:27.329279991,4.9
2222,11.42958179775281,12.453689438202247,89.0,89.0,860.268125,48.0,2018-11-06 02:03:02.568959991,4.9
2223,11.180661818181818,12.25460215909091,88.0,88.0,869.1133333333333,48.0,2018-11-07 02:42:37.808639991,4.9
2224,11.210925730337078,12.247685280898875,89.0,89.0,856.2160416666667,48.0,2018-11-08 03:22:13.048320025,4.9
2225,11.273311477272728,12.35095193181818,88.0,88.0,867.3829166666666,48.0,2018-11-09 04:01:48.288000025,4.9
2226,11.158719101123594,12.058767078651686,89.0,89.0,868.3289583333334,48.0,2018-11-10 04:41:23.527680025,4.9
2227,11.161007303370786,12.156659101123594,89.0,89.0,860.6791666666667,48.0,2018-11-11 05:20:58.767360025,4.9
2228,11.207442045454545,12.113574545454547,88.0,88.0,866.490625,48.0,2018-11-12 06:00:34.007040025,4.9
2229,11.385438023255814,12.35454511627907,86.0,86.0,866.27,48.0,2018-11-13 06:40:09.246720025,4.9
2230,11.336512359550563,12.248616404494383,89.0,89.0,865.6295833333334,48.0,2018-11-14 07:19:44.486400025,4.9
2231,11.353854942528736,12.380854252873565,87.0,87.0,863.535,48.0,2018-11-15 07:59:19.726080017,4.880027968
2232,11.271001685393259,12.28582415730337,89.0,89.0,862.75375,48.0,2018-11-16 08:38:54.965760017,4.818378496
2233,11.44689784090909,12.429884772727274,88.0,88.0,861.5789583333334,48.0,2018-11-17 09:18:30.205440017,4.756729024
2234,11.466757727272727,12.556146363636365,88.0,88.0,861.395,48.0,2018-11-18 09:58:05.445120017,4.695079552
2235,11.492267045454545,12.556806931818182,88.0,88.0,857.6197916666666,48.0,2018-11-19 10:37:40.684800017,4.63343008
2236,11.612215862068966,12.607495402298852,87.0,87.0,859.0258333333333,48.0,2018-11-20 11:17:15.924480017,4.571780608
2237,11.468546046511626,12.621871395348837,86.0,86.0,858.1202083333333,48.0,2018-11-21 11:56:51.164160017,4.510131136
2238,11.430880340909091,12.544297272727272,88.0,88.0,856.6852083333333,48.0,2018-11-22 12:36:26.403840008,4.448481664
2239,11.662713103448276,12.730767586206898,87.0,87.0,852.5833333333334,48.0,2018-11-23 13:16:01.643520008,4.386832192
2240,11.74011275862069,12.762315287356321,87.0,87.0,854.2795833333333,48.0,2018-11-24 13:55:36.883200008,4.32518272
2241,11.477478636363635,12.62804875,88.0,88.0,843.7885416666667,48.0,2018-11-25 14:35:12.122880008,4.263533248
2242,11.586969655172414,12.728749540229884,87.0,87.0,835.1593750000001,48.0,2018-11-26 15:14:47.362560008,4.201883776000001
2243,11.628383333333334,12.825074827586207,87.0,87.0,839.9310416666667,48.0,2018-11-27 15:54:22.602240008,4.140234304
2244,11.723988620689656,12.766099655172413,87.0,87.0,844.6814583333334,48.0,2018-11-28 16:33:57.841920008,4.078584832000001
2245,11.71849459770115,12.93857068965517,87.0,87.0,830.979375,48.0,2018-11-29 17:13:33.081600000,4.016935360000001
2246,11.550542613636365,12.59609159090909,88.0,88.0,849.9549999999999,48.0,2018-11-30 17:53:08.321280000,3.955285888
2247,11.617352499999999,12.682170454545455,88.0,88.0,840.0925000000001,48.0,2018-12-01 18:32:43.560960000,3.8936364160000005
2248,11.616794204545455,12.730913522727274,88.0,88.0,839.415625,48.0,2018-12-02 19:12:18.800640000,3.8319869440000005
2249,11.570085632183908,12.626199080459768,87.0,87.0,847.6091666666666,48.0,2018-12-03 19:51:54.040320000,3.7703374720000005
2250,11.405351931818181,12.504287954545454,88.0,88.0,843.8381250000001,48.0,2018-12-04 20:31:29.280000000,3.7086880000000004
2251,11.571294886363637,12.449957386363637,88.0,88.0,846.0716666666667,48.0,2018-12-05 21:11:04.519680000,3.6470385280000004
2252,11.439452873563217,12.51554712643678,87.0,87.0,845.4002083333334,48.0,2018-12-06 21:50:39.759359991,3.5853890560000004
2253,11.385475057471265,12.375631609195402,87.0,87.0,847.935,48.0,2018-12-07 22:30:14.999039991,3.5237395840000003
2254,,,,,850.94875,48.0,2018-12-08 23:09:50.238719991,3.4620901120000003
2255,11.406034318181817,12.48141306818182,88.0,88.0,834.1027083333333,48.0,2018-12-09 23:49:25.478399991,3.4004406400000002
2256,11.433717045454545,12.531679772727273,88.0,88.0,839.5762500000001,48.0,2018-12-11 00:29:00.718079991,3.338791168
2257,11.47271367816092,12.535764942528736,87.0,87.0,841.7049999999999,48.0,2018-12-12 01:08:35.957760025,3.277141696
2258,11.434580454545454,12.523226136363634,88.0,88.0,850.8806249999999,48.0,2018-12-13 01:48:11.197440025,3.215492224
2259,11.422717701149425,12.608080919540228,87.0,87.0,838.8772916666667,48.0,2018-12-14 02:27:46.437120025,3.153842752
2260,11.514987840909091,12.590263977272729,88.0,88.0,837.3227083333333,48.0,2018-12-15 03:07:21.676800025,3.1193069419354837
2261,11.538466818181819,12.593534886363637,88.0,88.0,843.2789583333333,48.0,2018-12-16 03:46:56.916480025,3.271773378064516
2262,11.495354659090909,12.598963863636364,88.0,88.0,840.8445833333334,48.0,2018-12-17 04:26:32.156160025,3.4242398141935486
2263,11.613246704545455,12.6251775,88.0,88.0,840.3922916666667,48.0,2018-12-18 05:06:07.395840017,3.5767062503225806
2264,11.765252528735632,12.816596666666667,87.0,87.0,835.6089583333334,48.0,2018-12-19 05:45:42.635520017,3.729172686451613
2265,11.473910227272727,12.539819772727272,88.0,88.0,837.6945833333333,48.0,2018-12-20 06:25:17.875200017,3.881639122580645
2266,11.54209191011236,12.640152921348315,89.0,89.0,829.5627083333334,48.0,2018-12-21 07:04:53.114880017,4.034105558709678
2267,11.666097586206895,12.755978390804597,87.0,87.0,830.6370833333334,48.0,2018-12-22 07:44:28.354560017,4.18657199483871
2268,11.600006704545454,12.755641363636363,88.0,88.0,850.8779166666667,48.0,2018-12-23 08:24:03.594240017,4.339038430967742
2269,11.750096931818183,12.903635113636364,88.0,88.0,832.2160416666667,48.0,2018-12-24 09:03:38.833920017,4.491504867096774
2270,11.664289655172412,12.894931954022988,87.0,87.0,837.6052083333334,48.0,2018-12-25 09:43:14.073600008,4.643971303225807
2271,11.871905568181818,13.026265454545454,88.0,88.0,837.7827083333333,48.0,2018-12-26 10:22:49.313280008,4.796437739354839
2272,11.831782954545453,13.002128522727274,88.0,88.0,839.6704166666667,48.0,2018-12-27 11:02:24.552960008,4.948904175483871
2273,11.716557126436781,12.823707126436783,87.0,87.0,844.2129166666667,48.0,2018-12-28 11:41:59.792640008,5.101370611612904
2274,11.555547500000001,12.647955113636364,88.0,88.0,834.5881250000001,48.0,2018-12-29 12:21:35.032320008,5.253837047741936
2275,11.459533595505619,12.597696741573033,89.0,89.0,845.5991666666667,48.0,2018-12-30 13:01:10.272000008,5.406303483870968
2276,11.471747386363637,12.606446590909089,88.0,88.0,837.0860416666666,48.0,2018-12-31 13:40:45.511680008,5.55876992
2277,11.738989318181819,12.808567499999999,88.0,88.0,837.0979166666666,48.0,2019-01-01 14:20:20.751359999,5.7112363561290325
2278,11.635185842696629,12.754492134831459,89.0,89.0,834.7020833333332,48.0,2019-01-02 14:59:55.991040000,5.8637027922580645
2279,11.52306590909091,12.593726704545453,88.0,88.0,828.1627083333333,48.0,2019-01-03 15:39:31.230720000,6.016169228387097
2280,11.494840795454545,12.549461477272727,88.0,88.0,840.8908333333334,48.0,2019-01-04 16:19:06.470400000,6.168635664516129
2281,11.392908045977011,12.413023218390803,87.0,87.0,834.0252083333334,48.0,2019-01-05 16:58:41.710080000,6.321102100645161
2282,11.22647,12.304543483146068,89.0,89.0,832.834375,48.0,2019-01-06 17:38:16.949760000,6.473568536774193
2283,11.44700090909091,12.573892386363637,88.0,88.0,832.8295833333333,48.0,2019-01-07 18:17:52.189440000,6.626034972903225
2284,11.521948735632185,12.613400919540231,87.0,87.0,830.383125,48.0,2019-01-08 18:57:27.429119991,6.778501409032258
2285,11.395461460674158,12.552603595505618,89.0,89.0,819.250625,48.0,2019-01-09 19:37:02.668799991,6.93096784516129
2286,11.576763908045976,12.696758275862068,87.0,87.0,820.3404166666666,48.0,2019-01-10 20:16:37.908479991,7.083434281290323
2287,11.536141590909091,12.583381022727274,88.0,88.0,821.4477083333333,48.0,2019-01-11 20:56:13.148159991,7.235900717419355
2288,11.459715617977528,12.677126516853932,89.0,89.0,824.2014583333333,48.0,2019-01-12 21:35:48.387840025,7.388367153548387
2289,11.60639125,12.77869284090909,88.0,88.0,822.609375,48.0,2019-01-13 22:15:23.627520025,7.540833589677419
2290,11.584903295454545,12.786727159090908,88.0,88.0,817.765625,48.0,2019-01-14 22:54:58.867200025,7.693300025806451
2291,11.495594431818182,12.68662215909091,88.0,88.0,809.043125,48.0,2019-01-15 23:34:34.106880025,7.481350307096775
2292,11.585282359550563,12.849595505617978,89.0,89.0,817.6260416666668,48.0,2019-01-17 00:14:09.346560025,7.252650652903226
2293,11.61910448275862,12.891138850574713,87.0,87.0,809.38,48.0,2019-01-18 00:53:44.586240025,7.023950998709678
2294,11.596207528089888,12.949382808988764,89.0,89.0,816.8202083333334,48.0,2019-01-19 01:33:19.825920025,6.795251344516129
2295,11.508282134831461,12.69660550561798,89.0,89.0,819.709375,48.0,2019-01-20 02:12:55.065600017,6.566551690322581
2296,11.604009310344827,12.740275172413792,87.0,87.0,815.0404166666667,48.0,2019-01-21 02:52:30.305280017,6.337852036129032
2297,11.603168181818182,12.692959431818183,88.0,88.0,820.9860416666667,48.0,2019-01-22 03:32:05.544960017,6.109152381935484
2298,11.570016477272727,12.769984204545455,88.0,88.0,815.6866666666666,48.0,2019-01-23 04:11:40.784640017,5.880452727741936
2299,11.540903977272727,12.691694318181819,88.0,88.0,817.5447916666667,48.0,2019-01-24 04:51:16.024320017,5.651753073548387
2300,11.421240681818182,12.561017159090909,88.0,88.0,821.3804166666667,48.0,2019-01-25 05:30:51.264000017,5.423053419354838
2301,11.509005340909091,12.74730306818182,88.0,88.0,823.4879166666666,48.0,2019-01-26 06:10:26.503680017,5.19435376516129
2302,11.612638651685394,12.774595168539324,89.0,89.0,814.0275,48.0,2019-01-27 06:50:01.743360008,4.965654110967742
2303,11.55459988505747,12.839689885057473,87.0,87.0,817.3068750000001,48.0,2019-01-28 07:29:36.983040008,4.7369544567741935
2304,11.649631609195403,12.810948505747126,87.0,87.0,811.6147916666667,48.0,2019-01-29 08:09:12.222720008,4.508254802580645
2305,11.423845113636363,12.667783409090909,88.0,88.0,816.8583333333332,48.0,2019-01-30 08:48:47.462400008,4.279555148387097
2306,11.360846931818182,12.641289659090909,88.0,88.0,812.4114583333334,48.0,2019-01-31 09:28:22.702080008,4.050855494193549
2307,11.32132409090909,12.430136590909092,88.0,88.0,816.0877083333334,48.0,2019-02-01 10:07:57.941760008,3.8221558399999997
2308,11.341638295454546,12.544571363636363,88.0,88.0,813.3152083333333,48.0,2019-02-02 10:47:33.181440008,3.5934561858064518
2309,11.239349213483147,12.350630786516854,89.0,89.0,813.5183333333333,48.0,2019-02-03 11:27:08.421120000,3.364756531612903
2310,11.391370795454547,12.43104340909091,88.0,88.0,823.4952083333333,48.0,2019-02-04 12:06:43.660800000,3.136056877419355
2311,11.279057386363636,12.34369727272727,88.0,88.0,812.2808333333334,48.0,2019-02-05 12:46:18.900479999,2.907357223225806
2312,11.398684204545454,12.404118181818182,88.0,88.0,815.0520833333334,48.0,2019-02-06 13:25:54.140160000,2.678657569032258
2313,11.369945113636364,12.542110227272728,88.0,88.0,815.4318750000001,48.0,2019-02-07 14:05:29.379840000,2.449957914838709
2314,11.483629204545453,12.58916215909091,88.0,88.0,811.4879166666666,48.0,2019-02-08 14:45:04.619520000,2.221258260645161
2315,11.699989770114941,12.776031609195403,87.0,87.0,802.3408333333333,48.0,2019-02-09 15:24:39.859200000,1.9925586064516123
2316,11.594723636363637,12.738889659090908,88.0,88.0,804.2108333333334,48.0,2019-02-10 16:04:15.098879991,1.7638589522580643
2317,11.512172954545456,12.71502159090909,88.0,88.0,800.1379166666667,48.0,2019-02-11 16:43:50.338559991,1.5351592980645155
2318,11.694708390804598,12.915281034482758,87.0,87.0,815.6460416666667,48.0,2019-02-12 17:23:25.578239991,1.3064596438709675
2319,11.709161704545455,12.878882727272726,88.0,88.0,818.035,48.0,2019-02-13 18:03:00.817919991,1.0777599896774186
2320,11.853008181818183,12.94092159090909,88.0,88.0,807.0189583333332,48.0,2019-02-14 18:42:36.057599991,0.8490603354838706
2321,11.802217441860465,12.980341744186045,86.0,86.0,,,2019-02-15 19:22:11.297280025,1.047887382857143
2322,11.814361264367816,13.003667011494255,87.0,87.0,,,2019-02-16 20:01:46.536960025,1.3634739657142858
2323,11.925604651162791,13.046381744186046,86.0,86.0,,,2019-02-17 20:41:21.776640025,1.6790605485714285
2324,11.794473563218391,12.948288505747126,87.0,87.0,,,2019-02-18 21:20:57.016320025,1.9946471314285714
2325,11.53203975609756,12.732768780487804,82.0,82.0,,,2019-02-19 22:00:32.256000025,2.3102337142857143
2326,11.684615795454546,12.819773636363635,88.0,88.0,,,2019-02-20 22:40:07.495680025,2.625820297142857
2327,11.283650337078651,12.334630674157303,89.0,89.0,,,2019-02-21 23:19:42.735360017,2.9414068799999997
2328,11.440167126436782,12.61291551724138,87.0,87.0,,,2019-02-22 23:59:17.975040017,3.2569934628571424
2329,11.501866818181817,12.611366704545453,88.0,88.0,,,2019-02-24 00:38:53.214720017,3.572580045714285
2330,11.566736666666667,12.644106206896552,87.0,87.0,,,2019-02-25 01:18:28.454400017,3.8881666285714287
2331,11.451913409090908,12.629578522727273,88.0,88.0,,,2019-02-26 01:58:03.694080017,4.203753211428571
2332,11.511824482758621,12.724286896551725,87.0,87.0,,,2019-02-27 02:37:38.933760017,4.519339794285714
2333,11.578173295454546,12.70148625,88.0,88.0,778.5697916666667,48.0,2019-02-28 03:17:14.173440017,4.834926377142857
2334,11.525027613636365,12.7484875,88.0,88.0,827.5989583333334,48.0,2019-03-01 03:56:49.413120008,5.1505129599999995
2335,11.512753636363637,12.67217,88.0,88.0,815.1885416666668,48.0,2019-03-02 04:36:24.652800008,5.466099542857142
2336,11.527389886363636,12.706614772727272,88.0,88.0,814.4375,48.0,2019-03-03 05:15:59.892480008,5.781686125714285
2337,11.513324431818182,12.670519318181817,88.0,88.0,816.863125,48.0,2019-03-04 05:55:35.132160008,6.097272708571428
2338,11.528614942528735,12.682108505747127,87.0,87.0,803.0364583333334,48.0,2019-03-05 06:35:10.371840008,6.41285929142857
2339,11.493250784313727,12.605723921568629,51.0,51.0,820.5114583333334,48.0,2019-03-06 07:14:45.611520008,6.728445874285714
2340,,,,,,,2019-03-07 07:54:20.851200008,7.0440324571428565
2341,11.534362711864405,12.766892711864406,59.0,59.0,,,2019-03-08 08:33:56.090880000,7.359619039999999
2342,11.589179433962263,12.6776620754717,53.0,53.0,,,2019-03-09 09:13:31.330560000,7.675205622857142
2343,,,,,,,2019-03-10 09:53:06.570240000,7.990792205714285
2344,11.58859816091954,12.837094022988506,87.0,87.0,,,2019-03-11 10:32:41.809920000,8.306378788571427
2345,11.602718139534884,12.789376395348837,86.0,86.0,,,2019-03-12 11:12:17.049600000,8.621965371428571
2346,11.48943090909091,12.676348977272728,88.0,88.0,,,2019-03-13 11:51:52.289280000,8.937551954285714
2347,11.660782954545454,12.856292045454545,88.0,88.0,801.2781249999999,48.0,2019-03-14 12:31:27.528960000,9.253138537142856
2348,11.593728539325843,12.74275393258427,89.0,89.0,819.9708333333333,48.0,2019-03-15 13:11:02.768639991,9.394683829677419
2349,11.632766022727273,12.814087727272726,88.0,88.0,820.6091666666666,48.0,2019-03-16 13:50:38.008319991,9.384740366451613
2350,11.66227284090909,12.84838965909091,88.0,88.0,823.8804166666667,48.0,2019-03-17 14:30:13.247999991,9.374796903225807
2351,11.733550227272728,12.912249090909091,88.0,88.0,823.5975,48.0,2019-03-18 15:09:48.487679991,9.364853440000001
2352,11.629515909090909,12.948608636363637,88.0,88.0,817.8516666666666,48.0,2019-03-19 15:49:23.727360025,9.354909976774193
2353,11.616422134831462,12.782410898876403,89.0,89.0,821.089375,48.0,2019-03-20 16:28:58.967040025,9.344966513548387
2354,11.810562413793104,12.937682413793103,87.0,87.0,821.9172916666666,48.0,2019-03-21 17:08:34.206720025,9.335023050322581
2355,11.707514772727272,12.876672272727273,88.0,88.0,821.5077083333334,48.0,2019-03-22 17:48:09.446400025,9.325079587096774
2356,11.519436136363636,12.69103875,88.0,88.0,823.0883333333333,48.0,2019-03-23 18:27:44.686080025,9.315136123870968
2357,11.654736704545455,12.817658181818182,88.0,88.0,821.54625,48.0,2019-03-24 19:07:19.925760025,9.305192660645162
2358,11.67833827586207,12.776815172413794,87.0,87.0,821.79,48.0,2019-03-25 19:46:55.165440025,9.295249197419356
2359,11.673404318181817,12.790827272727272,88.0,88.0,820.75875,48.0,2019-03-26 20:26:30.405120017,9.285305734193548
2360,11.546231363636364,12.731357045454546,88.0,88.0,820.5031250000001,48.0,2019-03-27 21:06:05.644800017,9.275362270967742
2361,11.693246551724139,12.802476321839082,87.0,87.0,830.7777083333334,48.0,2019-03-28 21:45:40.884480017,9.265418807741936
2362,11.679465517241379,12.80388896551724,87.0,87.0,827.143125,48.0,2019-03-29 22:25:16.124160017,9.255475344516128
2363,11.670135113636364,12.89151875,88.0,88.0,825.31,48.0,2019-03-30 23:04:51.363840017,9.245531881290322
2364,11.63938465909091,12.769926818181819,88.0,88.0,817.2258333333333,48.0,2019-03-31 23:44:26.603520017,9.235588418064516
2365,11.589449545454546,12.739442727272728,88.0,88.0,817.3804166666667,48.0,2019-04-02 00:24:01.843200017,9.22564495483871
2366,11.509946704545454,12.685850227272727,88.0,88.0,815.655625,48.0,2019-04-03 01:03:37.082880008,9.215701491612903
2367,11.560041704545455,12.809757159090909,88.0,88.0,827.8333333333334,48.0,2019-04-04 01:43:12.322560008,9.205758028387097
2368,11.407048181818181,12.550818750000001,88.0,88.0,830.7637500000001,48.0,2019-04-05 02:22:47.562240008,9.19581456516129
2369,11.55385908045977,12.65249172413793,87.0,87.0,821.67625,48.0,2019-04-06 03:02:22.801920008,9.185871101935483
2370,11.561241022727273,12.701355681818182,88.0,88.0,828.8154166666667,48.0,2019-04-07 03:41:58.041600008,9.175927638709677
2371,11.650709550561798,12.697266629213484,89.0,89.0,825.1639583333334,48.0,2019-04-08 04:21:33.281280008,9.165984175483871
2372,11.477007191011236,12.561161685393257,89.0,89.0,826.36875,48.0,2019-04-09 05:01:08.520960008,9.156040712258065
2373,11.46531213483146,12.500926966292134,89.0,89.0,831.4589583333333,48.0,2019-04-10 05:40:43.760640000,9.146097249032257
2374,11.425718977272727,12.505946590909092,88.0,88.0,835.7827083333333,48.0,2019-04-11 06:20:19.000319999,9.136153785806451
2375,11.432211477272729,12.522294545454544,88.0,88.0,831.7991666666667,48.0,2019-04-12 06:59:54.240000000,9.126210322580645
2376,11.460568850574713,12.663006896551723,87.0,87.0,827.4975,48.0,2019-04-13 07:39:29.479680000,9.116266859354837
2377,11.402149999999999,12.520880674157302,89.0,89.0,830.5472916666666,48.0,2019-04-14 08:19:04.719360000,9.106323396129032
2378,11.406360574712645,12.522459655172414,87.0,87.0,831.9877083333334,48.0,2019-04-15 08:58:39.959040000,9.109975296
2379,11.523556966292134,12.658227640449438,89.0,89.0,838.1906250000001,48.0,2019-04-16 09:38:15.198720000,9.137375061333334
2380,11.46427908045977,12.671693333333334,87.0,87.0,828.9114583333334,48.0,2019-04-17 10:17:50.438399991,9.164774826666667
2381,11.614312386363636,12.812925113636362,88.0,88.0,833.4097916666666,48.0,2019-04-18 10:57:25.678079991,9.192174591999999
2382,11.582013522727273,12.71656534090909,88.0,88.0,834.2558333333333,48.0,2019-04-19 11:37:00.917759991,9.219574357333332
2383,11.582075402298852,12.80175103448276,87.0,87.0,830.30125,48.0,2019-04-20 12:16:36.157439991,9.246974122666666
2384,11.645728505747128,12.884477126436781,87.0,87.0,831.506875,48.0,2019-04-21 12:56:11.397119991,9.274373888
2385,11.693659655172414,12.919554942528736,87.0,87.0,833.12,48.0,2019-04-22 13:35:46.636800025,9.301773653333333
2386,11.73396125,12.89754840909091,88.0,88.0,831.785,48.0,2019-04-23 14:15:21.876480025,9.329173418666667
2387,11.80975888888889,13.004701555555554,45.0,45.0,839.8675,48.0,2019-04-24 14:54:57.116160025,9.356573184
2388,11.608218390804597,12.761205632183907,87.0,87.0,830.0483333333333,48.0,2019-04-25 15:34:32.355840025,9.383972949333334
2389,11.531515681818181,12.702011590909091,88.0,88.0,829.2708333333334,48.0,2019-04-26 16:14:07.595520025,9.411372714666667
2390,11.50668091954023,12.677782413793102,87.0,87.0,826.8816666666667,48.0,2019-04-27 16:53:42.835200025,9.43877248
2391,11.489407471264368,12.668083908045977,87.0,87.0,839.9729166666666,48.0,2019-04-28 17:33:18.074880017,9.466172245333333
2392,11.409730898876404,12.510911235955056,89.0,89.0,838.3874999999999,48.0,2019-04-29 18:12:53.314560017,9.493572010666666
2393,11.614586363636365,12.671115795454545,88.0,88.0,844.4389583333333,48.0,2019-04-30 18:52:28.554240017,9.520971776
2394,11.646909080459771,12.738596321839081,87.0,87.0,841.7489583333332,48.0,2019-05-01 19:32:03.793920017,9.548371541333333
2395,11.547933977272727,12.629485909090908,88.0,88.0,841.3010416666666,48.0,2019-05-02 20:11:39.033600017,9.575771306666667
2396,11.595662954545453,12.651510340909091,88.0,88.0,841.7160416666667,48.0,2019-05-03 20:51:14.273280017,9.603171072
2397,11.50947183908046,12.652418505747127,87.0,87.0,834.2533333333334,48.0,2019-05-04 21:30:49.512960017,9.630570837333334
2398,11.572435287356322,12.67349172413793,87.0,87.0,850.0922916666667,48.0,2019-05-05 22:10:24.752640008,9.657970602666667
2399,11.642082988505747,12.68296091954023,87.0,87.0,849.711875,48.0,2019-05-06 22:49:59.992320008,9.685370368000001
2400,11.463623793103448,12.575959195402298,87.0,87.0,847.0914583333333,48.0,2019-05-07 23:29:35.232000008,9.712770133333333
2401,11.440517272727273,12.621324090909091,88.0,88.0,848.540625,48.0,2019-05-09 00:09:10.471680008,9.740169898666666
2402,11.304484204545455,12.46165284090909,88.0,88.0,850.8060416666667,48.0,2019-05-10 00:48:45.711360008,9.767569664
2403,11.207035909090909,12.232785909090909,88.0,88.0,848.5535416666667,48.0,2019-05-11 01:28:20.951040008,9.794969429333333
2404,11.276899431818181,12.276552386363637,88.0,88.0,853.0922916666667,48.0,2019-05-12 02:07:56.190720008,9.822369194666667
2405,11.30141264367816,12.392201494252872,87.0,87.0,851.6641666666666,48.0,2019-05-13 02:47:31.430400000,9.84976896
2406,11.37101090909091,12.49469875,88.0,88.0,849.4393749999999,48.0,2019-05-14 03:27:06.670079999,9.877168725333334
2407,11.518061363636363,12.565859204545454,88.0,88.0,849.7289583333333,48.0,2019-05-15 04:06:41.909760000,9.85192032
2408,11.40659287356322,12.567439655172414,87.0,87.0,855.6316666666667,48.0,2019-05-16 04:46:17.149440000,9.563559886451614
2409,11.48800367816092,12.617860574712644,87.0,87.0,844.065,48.0,2019-05-17 05:25:52.389120000,9.275199452903227
2410,11.507931954022988,12.600838390804599,87.0,87.0,855.1225,48.0,2019-05-18 06:05:27.628800000,8.98683901935484
2411,11.32936393258427,12.457647303370788,89.0,89.0,854.3522916666666,48.0,2019-05-19 06:45:02.868480000,8.698478585806452
2412,11.532320227272727,12.61523090909091,88.0,88.0,848.7470833333333,48.0,2019-05-20 07:24:38.108159991,8.410118152258065
2413,11.41643091954023,12.55626356321839,87.0,87.0,845.6635416666667,48.0,2019-05-21 08:04:13.347839991,8.121757718709677
2414,11.265770909090909,12.337793750000001,88.0,88.0,843.4227083333334,48.0,2019-05-22 08:43:48.587519991,7.83339728516129
2415,11.274516363636364,12.353598977272727,88.0,88.0,857.6883333333334,48.0,2019-05-23 09:23:23.827199991,7.545036851612903
2416,11.410918977272727,12.400633977272726,88.0,88.0,855.5918750000001,48.0,2019-05-24 10:02:59.066880025,7.256676418064516
2417,11.410253793103449,12.446902988505748,87.0,87.0,850.0710416666667,48.0,2019-05-25 10:42:34.306560025,6.9683159845161295
2418,11.43077382022472,12.420551235955056,89.0,89.0,848.7335416666666,48.0,2019-05-26 11:22:09.546240025,6.679955550967742
2419,11.480553522727273,12.596366590909092,88.0,88.0,843.0864583333333,48.0,2019-05-27 12:01:44.785920025,6.391595117419355
2420,11.518788636363636,12.739385681818181,88.0,88.0,849.1947916666667,48.0,2019-05-28 12:41:20.025600025,6.1032346838709675
2421,11.510396022727273,12.636478181818182,88.0,88.0,863.7843750000001,48.0,2019-05-29 13:20:55.265280025,5.81487425032258
2422,11.601401477272727,12.720583295454544,88.0,88.0,859.605625,48.0,2019-05-30 14:00:30.504960025,5.526513816774194
2423,11.680601609195403,12.762681954022987,87.0,87.0,863.183125,48.0,2019-05-31 14:40:05.744640017,5.238153383225806
2424,11.602918068181818,12.8293,88.0,88.0,862.03875,48.0,2019-06-01 15:19:40.984320017,4.949792949677419
2425,11.709818636363638,12.804396363636364,88.0,88.0,861.401875,48.0,2019-06-02 15:59:16.224000017,4.6614325161290315
2426,11.617207471264368,12.800207701149425,87.0,87.0,861.794375,48.0,2019-06-03 16:38:51.463680017,4.373072082580645
2427,11.648655681818182,12.870821704545454,88.0,88.0,866.485,48.0,2019-06-04 17:18:26.703360017,4.084711649032258
2428,11.538607727272726,12.761224659090908,88.0,88.0,865.9016666666666,48.0,2019-06-05 17:58:01.943040017,3.7963512154838703
2429,11.633684252873563,12.720446896551723,87.0,87.0,861.8970833333333,48.0,2019-06-06 18:37:37.182720017,3.507990781935483
2430,11.399985730337079,12.416801011235954,89.0,89.0,863.816875,48.0,2019-06-07 19:17:12.422400008,3.2196303483870965
2431,11.438848863636364,12.592785113636364,88.0,88.0,863.8685416666667,48.0,2019-06-08 19:56:47.662080008,2.931269914838709
2432,11.517059772727272,12.630326250000001,88.0,88.0,862.913125,48.0,2019-06-09 20:36:22.901760008,2.6429094812903218
2433,11.529423636363637,12.692156136363637,88.0,88.0,867.9060416666666,48.0,2019-06-10 21:15:58.141440008,2.3545490477419344
2434,11.556728181818182,12.65750818181818,88.0,88.0,867.9933333333333,48.0,2019-06-11 21:55:33.381120008,2.066188614193547
2435,11.43834632183908,12.512279655172415,87.0,87.0,861.0452083333333,48.0,2019-06-12 22:35:08.620800008,1.7778281806451606
2436,11.347501363636363,12.546997727272727,88.0,88.0,856.9675000000001,48.0,2019-06-13 23:14:43.860480008,1.4894677470967732
2437,11.629286436781609,12.718929195402298,87.0,87.0,867.9502083333333,48.0,2019-06-14 23:54:19.100160000,1.2011073135483858
2438,11.553698977272727,12.743378636363637,88.0,88.0,862.4766666666666,48.0,2019-06-16 00:33:54.339840000,1.189764544
2439,11.695716363636365,12.836513636363636,88.0,88.0,867.9187499999999,48.0,2019-06-17 01:13:29.579520000,1.179489632
2440,11.53447284090909,12.672202045454547,88.0,88.0,865.9022916666667,48.0,2019-06-18 01:53:04.819200000,1.16921472
2441,11.51189091954023,12.546002068965517,87.0,87.0,868.7245833333333,48.0,2019-06-19 02:32:40.058880000,1.158939808
2442,11.401502643678162,12.614099310344827,87.0,87.0,871.1225,48.0,2019-06-20 03:12:15.298560000,1.1486648959999999
2443,11.466859318181818,12.569003863636363,88.0,88.0,867.426875,48.0,2019-06-21 03:51:50.538240000,1.138389984
2444,11.552545977011494,12.722393103448274,87.0,87.0,866.8672916666666,48.0,2019-06-22 04:31:25.777919991,1.128115072
2445,11.50042375,12.698191022727274,88.0,88.0,869.8283333333334,48.0,2019-06-23 05:11:01.017599991,1.11784016
2446,11.523224886363636,12.711300113636362,88.0,88.0,871.073125,48.0,2019-06-24 05:50:36.257279991,1.107565248
2447,11.526441379310345,12.719258965517243,87.0,87.0,874.1310416666666,48.0,2019-06-25 06:30:11.496959991,1.097290336
2448,11.528033258426966,12.649265393258426,89.0,89.0,866.5066666666667,48.0,2019-06-26 07:09:46.736639991,1.087015424
2449,11.700595340909091,12.851248636363636,88.0,88.0,870.8954166666667,48.0,2019-06-27 07:49:21.976320025,1.076740512
2450,11.54171159090909,12.676766590909091,88.0,88.0,871.5975,48.0,2019-06-28 08:28:57.216000025,1.0664656
2451,11.436257045454546,12.719368977272728,88.0,88.0,871.9043750000001,48.0,2019-06-29 09:08:32.455680025,1.056190688
2452,11.645359318181818,12.797767499999999,88.0,88.0,869.8693750000001,48.0,2019-06-30 09:48:07.695360025,1.045915776
2453,11.769636091954023,12.8784816091954,87.0,87.0,872.3220833333334,48.0,2019-07-01 10:27:42.935040025,1.0356408639999999
2454,11.564197727272727,12.723263181818181,88.0,88.0,871.4914583333333,48.0,2019-07-02 11:07:18.174720025,1.025365952
2455,11.352470340909091,12.483904204545455,88.0,88.0,871.2445833333333,48.0,2019-07-03 11:46:53.414400017,1.01509104
2456,,,,,870.9472916666667,48.0,2019-07-04 12:26:28.654080017,1.004816128
2457,11.432103977272728,12.627966022727271,88.0,88.0,873.4514583333333,48.0,2019-07-05 13:06:03.893760017,0.994541216
2458,11.584058620689655,12.752554252873564,87.0,87.0,873.2645833333332,48.0,2019-07-06 13:45:39.133440017,0.984266304
2459,11.477535909090909,12.61090875,88.0,88.0,871.1354166666666,48.0,2019-07-07 14:25:14.373120017,0.9739913920000001
2460,11.42466125,12.583742613636362,88.0,88.0,866.5129166666667,48.0,2019-07-08 15:04:49.612800017,0.96371648
2461,11.424850224719101,12.563164382022473,89.0,89.0,867.6335416666666,48.0,2019-07-09 15:44:24.852480017,0.953441568
2462,11.632421477272727,12.718647613636364,88.0,88.0,862.7929166666667,48.0,2019-07-10 16:24:00.092160008,0.943166656
2463,11.637030909090909,12.794707954545453,88.0,88.0,870.758125,48.0,2019-07-11 17:03:35.331840008,0.932891744
2464,11.603473604651162,12.846734069767443,86.0,86.0,871.5647916666667,48.0,2019-07-12 17:43:10.571520008,0.9226168320000001
2465,11.760565172413793,12.837142413793105,87.0,87.0,873.1710416666666,48.0,2019-07-13 18:22:45.811200008,0.91234192
2466,11.627782183908046,12.868998275862069,87.0,87.0,875.6570833333334,48.0,2019-07-14 19:02:21.050880008,0.9020670080000001
2467,11.61611590909091,12.679584545454544,88.0,88.0,872.2285416666667,48.0,2019-07-15 19:41:56.290560008,0.8894091561290323
2468,11.562388850574711,12.701315057471264,87.0,87.0,869.4395833333333,48.0,2019-07-16 20:21:31.530240008,0.8761512051612903
2469,11.51736183908046,12.580410229885057,87.0,87.0,875.4916666666667,48.0,2019-07-17 21:01:06.769920000,0.8628932541935485
2470,11.375498295454546,12.532477613636365,88.0,88.0,873.13375,48.0,2019-07-18 21:40:42.009600000,0.8496353032258065
2471,11.369256896551724,12.525216666666667,87.0,87.0,878.265625,48.0,2019-07-19 22:20:17.249280000,0.8363773522580645
2472,11.464382528735632,12.620093793103447,87.0,87.0,879.5247916666667,48.0,2019-07-20 22:59:52.488960000,0.8231194012903226
2473,11.566550804597702,12.593429655172415,87.0,87.0,865.1977083333333,48.0,2019-07-21 23:39:27.728640000,0.8098614503225807
2474,11.365469655172413,12.341131839080461,87.0,87.0,867.5245833333333,48.0,2019-07-23 00:19:02.968320000,0.7966034993548388
2475,11.291599431818183,12.351484545454547,88.0,88.0,876.0577083333333,48.0,2019-07-24 00:58:38.208000000,0.7833455483870968
2476,11.44068183908046,12.518688505747127,87.0,87.0,876.64875,48.0,2019-07-25 01:38:13.447680000,0.7700875974193548
2477,11.510380786516855,12.729083707865168,89.0,89.0,870.4066666666666,48.0,2019-07-26 02:17:48.687359991,0.7568296464516129
2478,11.615049325842696,12.907922247191012,89.0,89.0,877.98375,48.0,2019-07-27 02:57:23.927039991,0.7435716954838709
2479,11.363374943820224,12.577318426966292,89.0,89.0,879.3737500000001,48.0,2019-07-28 03:36:59.166719991,0.7303137445161291
2480,11.262262613636365,12.412167386363636,88.0,88.0,873.36875,48.0,2019-07-29 04:16:34.406400025,0.7170557935483871
2481,11.567647954545455,12.661140795454545,88.0,88.0,877.0695833333333,48.0,2019-07-30 04:56:09.646080025,0.7037978425806451
2482,11.41829715909091,12.608999545454544,88.0,88.0,874.9691666666666,48.0,2019-07-31 05:35:44.885760025,0.6905398916129033
2483,11.531434886363636,12.574205000000001,88.0,88.0,872.2468749999999,48.0,2019-08-01 06:15:20.125440025,0.6772819406451613
2484,11.375009775280898,12.54001382022472,89.0,89.0,868.8839583333333,48.0,2019-08-02 06:54:55.365120025,0.6640239896774194
2485,11.44506058139535,12.682682325581395,86.0,86.0,873.2366666666667,48.0,2019-08-03 07:34:30.604800025,0.6507660387096774
2486,11.572468295454545,12.752973068181818,88.0,88.0,868.6935416666666,48.0,2019-08-04 08:14:05.844480025,0.6375080877419355
2487,11.470106363636363,12.641225909090908,88.0,88.0,870.678125,48.0,2019-08-05 08:53:41.084160017,0.6242501367741935
2488,11.393580568181818,12.548041818181817,88.0,88.0,872.7870833333333,48.0,2019-08-06 09:33:16.323840017,0.6109921858064516
2489,11.554097126436782,12.765871839080459,87.0,87.0,863.3697916666666,48.0,2019-08-07 10:12:51.563520017,0.5977342348387097
2490,11.385704494382024,12.554136516853934,89.0,89.0,872.7241666666667,48.0,2019-08-08 10:52:26.803200017,0.5844762838709678
2491,11.482226818181818,12.659872159090908,88.0,88.0,873.3435416666666,48.0,2019-08-09 11:32:02.042880017,0.5712183329032259
2492,11.631878636363636,12.810012386363637,88.0,88.0,880.5427083333334,48.0,2019-08-10 12:11:37.282560017,0.5579603819354839
2493,11.50937159090909,12.769589999999999,88.0,88.0,872.5285416666667,48.0,2019-08-11 12:51:12.522240017,0.544702430967742
2494,11.63542375,12.841407386363636,88.0,88.0,872.68375,48.0,2019-08-12 13:30:47.761920017,0.53144448
2495,11.730383218390804,12.970789655172412,87.0,87.0,871.765,48.0,2019-08-13 14:10:23.001600008,0.518186529032258
2496,11.658912500000001,12.857788977272726,88.0,88.0,872.1852083333333,48.0,2019-08-14 14:49:58.241280008,0.5049285780645161
2497,11.723458850574712,12.960522298850575,87.0,87.0,874.2049999999999,48.0,2019-08-15 15:29:33.480960008,0.5124940593548387
2498,11.692231724137931,12.952629425287357,87.0,87.0,868.7620833333334,48.0,2019-08-16 16:09:08.720640008,0.5323809858064517
2499,11.48325215909091,12.600588863636364,88.0,88.0,872.895625,48.0,2019-08-17 16:48:43.960320008,0.5522679122580645
2500,11.553314827586206,12.679431034482759,87.0,87.0,870.0625,48.0,2019-08-18 17:28:19.200000008,0.5721548387096774
2501,11.432775056179775,12.592977640449439,89.0,89.0,871.0908333333333,48.0,2019-08-19 18:07:54.439680008,0.5920417651612904
2502,11.592906896551725,12.826531724137931,87.0,87.0,871.2397916666667,48.0,2019-08-20 18:47:29.679360000,0.6119286916129032
2503,11.429601704545455,12.593266363636362,88.0,88.0,873.5837499999999,48.0,2019-08-21 19:27:04.919040000,0.6318156180645161
2504,11.435046860465116,12.540656860465116,86.0,86.0,869.46,48.0,2019-08-22 20:06:40.158720000,0.6517025445161291
2505,11.194686966292135,12.271736853932586,89.0,89.0,872.1747916666667,48.0,2019-08-23 20:46:15.398400000,0.6715894709677419
2506,11.482189310344827,12.580386781609194,87.0,87.0,872.0322916666668,48.0,2019-08-24 21:25:50.638080000,0.6914763974193548
2507,11.366797241379311,12.50736379310345,87.0,87.0,871.5139583333333,48.0,2019-08-25 22:05:25.877760000,0.7113633238709678
2508,11.378612298850575,12.48958172413793,87.0,87.0,862.88375,48.0,2019-08-26 22:45:01.117440000,0.7312502503225807
2509,11.506143181818182,12.539248295454547,88.0,88.0,862.5608333333333,48.0,2019-08-27 23:24:36.357119991,0.7511371767741937
2510,11.351363678160919,12.43374356321839,87.0,87.0,858.5414583333333,48.0,2019-08-29 00:04:11.596799991,0.7710241032258065
2511,11.450223023255814,12.602765581395348,86.0,86.0,862.0741666666667,48.0,2019-08-30 00:43:46.836479991,0.7909110296774193
2512,11.424742727272728,12.613165454545454,88.0,88.0,862.5639583333333,48.0,2019-08-31 01:23:22.076159991,0.8107979561290324
2513,11.465299655172414,12.695382988505747,87.0,87.0,858.4625,48.0,2019-09-01 02:02:57.315840025,0.8306848825806452
2514,11.525780459770115,12.59712908045977,87.0,87.0,865.5735416666666,48.0,2019-09-02 02:42:32.555520025,0.8505718090322582
2515,11.604488505747126,12.781093908045976,87.0,87.0,863.4925,48.0,2019-09-03 03:22:07.795200025,0.8704587354838711
2516,11.507394772727274,12.667214772727272,88.0,88.0,857.7304166666667,48.0,2019-09-04 04:01:43.034880025,0.8903456619354839
2517,11.324641264367816,12.546298965517241,87.0,87.0,865.4475000000001,48.0,2019-09-05 04:41:18.274560025,0.9102325883870969
2518,11.376376363636364,12.523821818181819,88.0,88.0,863.9987500000001,48.0,2019-09-06 05:20:53.514240025,0.9301195148387098
2519,11.559896395348837,12.736919418604652,86.0,86.0,863.1545833333333,48.0,2019-09-07 06:00:28.753920025,0.9500064412903226
2520,11.610896206896552,12.694129310344827,87.0,87.0,862.800625,48.0,2019-09-08 06:40:03.993600017,0.9698933677419356
2521,11.605335454545454,12.76145409090909,88.0,88.0,862.5945833333334,48.0,2019-09-09 07:19:39.233280017,0.9897802941935485
2522,11.811122528735632,12.876121954022988,87.0,87.0,859.9172916666666,48.0,2019-09-10 07:59:14.472960017,1.0096672206451613
2523,11.639639195402298,12.843267126436784,87.0,87.0,863.8708333333334,48.0,2019-09-11 08:38:49.712640017,1.0295541470967744
2524,11.495831264367817,12.675947816091954,87.0,87.0,852.695,48.0,2019-09-12 09:18:24.952320017,1.0494410735483872
2525,11.593084886363636,12.706595568181818,88.0,88.0,861.6904166666667,48.0,2019-09-13 09:58:00.192000017,1.069328
2526,11.70368275862069,12.936549310344828,87.0,87.0,858.015625,48.0,2019-09-14 10:37:35.431680017,1.0892149264516129
2527,11.761178620689655,12.910098160919539,87.0,87.0,857.2291666666666,48.0,2019-09-15 11:17:10.671360008,1.0890272106666667
2528,11.823053750000001,12.986459545454546,88.0,88.0,847.4066666666666,48.0,2019-09-16 11:56:45.911040008,1.0650524160000001
2529,11.692608160919539,12.869423103448275,87.0,87.0,851.8733333333333,48.0,2019-09-17 12:36:21.150720008,1.0410776213333335
2530,11.634848850574713,12.79220540229885,87.0,87.0,852.948125,48.0,2019-09-18 13:15:56.390400008,1.0171028266666666
2531,11.679340344827587,12.741783908045978,87.0,87.0,846.0033333333334,48.0,2019-09-19 13:55:31.630080008,0.9931280320000001
2532,11.543206404494383,12.660146741573033,89.0,89.0,846.4397916666667,48.0,2019-09-20 14:35:06.869760008,0.9691532373333334
2533,11.56671632183908,12.720839195402299,87.0,87.0,842.9856249999999,48.0,2019-09-21 15:14:42.109440008,0.9451784426666667
2534,11.60406393258427,12.765189438202247,89.0,89.0,838.03875,48.0,2019-09-22 15:54:17.349120000,0.9212036480000001
2535,11.529978295454546,12.66466,88.0,88.0,844.76125,48.0,2019-09-23 16:33:52.588800000,0.8972288533333334
2536,11.552006666666667,12.736378620689655,87.0,87.0,840.0841666666666,48.0,2019-09-24 17:13:27.828480000,0.8732540586666667
2537,11.543458977272728,12.598120909090909,88.0,88.0,845.468125,48.0,2019-09-25 17:53:03.068160000,0.849279264
2538,11.633508295454545,12.723481249999999,88.0,88.0,841.0354166666666,48.0,2019-09-26 18:32:38.307839999,0.8253044693333333
2539,,,,,845.5637499999999,48.0,2019-09-27 19:12:13.547520000,0.8013296746666667
2540,,,,,838.383125,48.0,2019-09-28 19:51:48.787200000,0.7773548800000001
2541,,,,,841.2997916666667,48.0,2019-09-29 20:31:24.026879991,0.7533800853333333
2542,,,,,840.1629166666667,48.0,2019-09-30 21:10:59.266559991,0.7294052906666667
2543,,,,,838.5089583333333,48.0,2019-10-01 21:50:34.506239991,0.705430496
2544,,,,,838.8466666666667,48.0,2019-10-02 22:30:09.745920034,0.6814557013333333
2545,,,,,843.3777083333333,48.0,2019-10-03 23:09:44.985600025,0.6574809066666667
2546,,,,,833.166875,48.0,2019-10-04 23:49:20.225280025,0.6335061120000001
2547,,,,,820.1635416666667,48.0,2019-10-06 00:28:55.464960025,0.6095313173333333
2548,,,,,837.5725000000001,48.0,2019-10-07 01:08:30.704640025,0.5855565226666667
2549,,,,,833.758125,48.0,2019-10-08 01:48:05.944320025,0.561581728
2550,,,,,829.3910416666666,48.0,2019-10-09 02:27:41.184000025,0.5376069333333333
2551,,,,,829.1364583333334,48.0,2019-10-10 03:07:16.423680025,0.5136321386666667
2552,,,,,826.7595833333334,48.0,2019-10-11 03:46:51.663360017,0.48965734399999994
2553,,,,,825.1610416666667,48.0,2019-10-12 04:26:26.903040017,0.4656825493333333
2554,,,,,824.9231249999999,48.0,2019-10-13 05:06:02.142720017,0.4417077546666667
2555,,,,,821.2310416666666,48.0,2019-10-14 05:45:37.382400017,0.41773295999999993
2556,,,,,816.0464583333334,48.0,2019-10-15 06:25:12.622080017,0.4008629264516129
2557,,,,,819.4627083333334,48.0,2019-10-16 07:04:47.861760017,0.4041774141935484
2558,,,,,813.4327083333333,48.0,2019-10-17 07:44:23.101440017,0.4074919019354839
2559,,,,,815.8341666666666,48.0,2019-10-18 08:23:58.341120008,0.4108063896774194
2560,,,,,811.3595833333334,48.0,2019-10-19 09:03:33.580800008,0.4141208774193549
2561,,,,,815.4283333333333,48.0,2019-10-20 09:43:08.820480008,0.4174353651612903
2562,,,,,811.8024999999999,48.0,2019-10-21 10:22:44.060160008,0.4207498529032258
2563,,,,,811.4566666666666,48.0,2019-10-22 11:02:19.299840008,0.4240643406451613
2564,,,,,808.21875,48.0,2019-10-23 11:41:54.539520008,0.4273788283870968
2565,,,,,810.6495833333333,48.0,2019-10-24 12:21:29.779200008,0.4306933161290323
2566,,,,,807.549375,48.0,2019-10-25 13:01:05.018880000,0.43400780387096777
2567,,,,,814.8739583333332,48.0,2019-10-26 13:40:40.258560000,0.43732229161290326
2568,,,,,807.8718749999999,48.0,2019-10-27 14:20:15.498240000,0.4406367793548387
2569,,,,,806.1195833333333,48.0,2019-10-28 14:59:50.737920000,0.4439512670967742
2570,,,,,803.7410416666667,48.0,2019-10-29 15:39:25.977600000,0.4472657548387097
2571,,,,,798.6370833333334,48.0,2019-10-30 16:19:01.217280000,0.45058024258064516
2572,,,,,802.9958333333334,48.0,2019-10-31 16:58:36.456959999,0.45389473032258065
2573,,,,,802.5964583333333,48.0,2019-11-01 17:38:11.696639991,0.45720921806451614
2574,,,,,797.0035416666666,48.0,2019-11-02 18:17:46.936319991,0.46052370580645163
2575,,,,,792.0031250000001,48.0,2019-11-03 18:57:22.175999991,0.46383819354838707
2576,,,,,792.38625,48.0,2019-11-04 19:36:57.415679991,0.4671526812903226
2577,,,,,788.5958333333333,48.0,2019-11-05 20:16:32.655360025,0.47046716903225805
2578,,,,,793.539375,48.0,2019-11-06 20:56:07.895040025,0.47378165677419354
2579,,,,,791.8293749999999,48.0,2019-11-07 21:35:43.134720025,0.47709614451612903
2580,11.350636477272728,12.554026363636364,88.0,88.0,782.0102083333333,48.0,2019-11-08 22:15:18.374400025,0.4804106322580645
2581,11.460624659090909,12.611368977272726,88.0,88.0,783.2733333333334,48.0,2019-11-09 22:54:53.614080025,0.48372512
2582,11.508715977011494,12.60203827586207,87.0,87.0,781.368125,48.0,2019-11-10 23:34:28.853760025,0.4870396077419355
2583,11.318410224719102,12.453114157303371,89.0,89.0,780.84625,48.0,2019-11-12 00:14:04.093440025,0.490354095483871
2584,11.4444275,12.539659204545455,88.0,88.0,781.42,48.0,2019-11-13 00:53:39.333120017,0.4936685832258064
2585,11.30551786516854,12.380676853932584,89.0,89.0,782.8522916666667,48.0,2019-11-14 01:33:14.572800017,0.4969830709677419
2586,11.450883604651162,12.598975465116279,86.0,86.0,781.0466666666666,48.0,2019-11-15 02:12:49.812480017,0.5030747733333333
2587,11.543506136363636,12.720376363636364,88.0,88.0,779.6127083333334,48.0,2019-11-16 02:52:25.052160017,0.53732448
2588,11.596149310344828,12.724927701149426,87.0,87.0,782.0485416666667,48.0,2019-11-17 03:32:00.291840017,0.5715741866666667
2589,11.53601875,12.614107386363635,88.0,88.0,779.62125,48.0,2019-11-18 04:11:35.531520017,0.6058238933333333
2590,11.734410689655173,12.870120229885059,87.0,87.0,774.3964583333333,48.0,2019-11-19 04:51:10.771200017,0.6400736
2591,11.377237,12.56218811111111,90.0,90.0,780.8516666666666,48.0,2019-11-20 05:30:46.010880008,0.6743233066666666
2592,11.672296206896553,12.78653103448276,87.0,87.0,779.166875,48.0,2019-11-21 06:10:21.250560008,0.7085730133333333
2593,11.630407727272727,12.797770454545455,88.0,88.0,773.3314583333334,48.0,2019-11-22 06:49:56.490240008,0.7428227199999999
2594,11.762811136363636,12.955295,88.0,88.0,774.0172916666667,48.0,2019-11-23 07:29:31.729920008,0.7770724266666666
2595,11.617916477272727,12.846143181818183,88.0,88.0,767.3260416666667,48.0,2019-11-24 08:09:06.969600008,0.8113221333333334
2596,11.518073908045977,12.67668816091954,87.0,87.0,773.485,48.0,2019-11-25 08:48:42.209280008,0.8455718400000001
2597,11.630107701149425,12.729207471264367,87.0,87.0,772.2131250000001,48.0,2019-11-26 09:28:17.448960008,0.8798215466666667
2598,11.475509887640449,12.647026292134832,89.0,89.0,765.1139583333334,48.0,2019-11-27 10:07:52.688640000,0.9140712533333333
2599,11.510000574712643,12.816832298850574,87.0,87.0,771.006875,48.0,2019-11-28 10:47:27.928320000,0.94832096
2600,11.455046966292135,12.747128764044943,89.0,89.0,765.195625,48.0,2019-11-29 11:27:03.168000000,0.9825706666666667
2601,11.701580114942528,12.849402183908046,87.0,87.0,760.5858333333334,48.0,2019-11-30 12:06:38.407680000,1.0168203733333332
2602,11.499179772727272,12.74018318181818,88.0,88.0,764.2454166666666,48.0,2019-12-01 12:46:13.647360000,1.0510700800000001
2603,11.63474943181818,12.766366477272728,88.0,88.0,764.1960416666666,48.0,2019-12-02 13:25:48.887040000,1.0853197866666666
2604,11.639290113636365,12.84505318181818,88.0,88.0,755.3347916666667,48.0,2019-12-03 14:05:24.126720000,1.1195694933333333
2605,11.586695227272727,12.782665340909091,88.0,88.0,755.6545833333333,48.0,2019-12-04 14:44:59.366399991,1.1538192
2606,11.544071363636364,12.749857159090908,88.0,88.0,753.5952083333333,48.0,2019-12-05 15:24:34.606079991,1.1880689066666665
2607,11.495441590909092,12.661745454545455,88.0,88.0,751.815,48.0,2019-12-06 16:04:09.845759991,1.2223186133333335
2608,11.722733793103448,12.898161609195402,87.0,87.0,761.1579166666667,48.0,2019-12-07 16:43:45.085440034,1.25656832
2609,11.62738382022472,12.740235842696631,89.0,89.0,754.539375,48.0,2019-12-08 17:23:20.325120025,1.2908180266666667
2610,11.720971249999998,12.916486704545456,88.0,88.0,755.385625,48.0,2019-12-09 18:02:55.564800025,1.3250677333333334
2611,11.66921629213483,12.846380561797753,89.0,89.0,756.3029166666666,48.0,2019-12-10 18:42:30.804480025,1.3593174399999999
2612,11.641848636363637,12.950571250000001,88.0,88.0,755.289375,48.0,2019-12-11 19:22:06.044160025,1.3935671466666668
2613,11.659419425287357,12.898696896551723,87.0,87.0,747.8860416666666,48.0,2019-12-12 20:01:41.283840025,1.4278168533333333
2614,11.675769886363637,12.925293522727271,88.0,88.0,748.0079166666666,48.0,2019-12-13 20:41:16.523520025,1.46206656
2615,11.544399325842697,12.768766629213482,89.0,89.0,752.6141666666667,48.0,2019-12-14 21:20:51.763200025,1.4963162666666667
2616,11.745403977272728,12.855959204545455,88.0,88.0,749.5045833333334,48.0,2019-12-15 22:00:27.002880017,1.6390258787096774
2617,11.833913068181818,13.043706250000001,88.0,88.0,746.4047916666667,48.0,2019-12-16 22:40:02.242560017,1.7948068025806452
2618,11.673271704545455,12.856481590909091,88.0,88.0,747.2704166666667,48.0,2019-12-17 23:19:37.482240017,1.950587726451613
2619,11.635148988764046,12.823112584269664,89.0,89.0,744.4522916666666,48.0,2019-12-18 23:59:12.721920017,2.1063686503225805
2620,11.58205875,12.921504204545455,88.0,88.0,745.28375,48.0,2019-12-20 00:38:47.961600017,2.2621495741935487
2621,11.582406931818182,12.789824772727274,88.0,88.0,738.7416666666667,48.0,2019-12-21 01:18:23.201280017,2.417930498064516
2622,11.456227727272728,12.623812272727271,88.0,88.0,741.5222916666667,48.0,2019-12-22 01:57:58.440960017,2.573711421935484
2623,11.66516875,12.848844545454545,88.0,88.0,744.0749999999999,48.0,2019-12-23 02:37:33.680640008,2.7294923458064515
2624,11.494875568181818,12.752030227272728,88.0,88.0,743.65125,48.0,2019-12-24 03:17:08.920320008,2.8852732696774197
2625,11.667558522727273,12.942324659090907,88.0,88.0,736.0820833333333,48.0,2019-12-25 03:56:44.160000008,3.041054193548387
2626,11.637220795454546,12.94603090909091,88.0,88.0,738.7197916666668,48.0,2019-12-26 04:36:19.399680008,3.1968351174193548
2627,11.710272045454547,12.95641125,88.0,88.0,744.7468749999999,48.0,2019-12-27 05:15:54.639360008,3.3526160412903225
2628,11.835450000000002,13.074027613636362,88.0,88.0,732.65125,48.0,2019-12-28 05:55:29.879040008,3.5083969651612903
2629,11.770319662921349,13.060392134831462,89.0,89.0,732.7433333333333,48.0,2019-12-29 06:35:05.118720008,3.664177889032258
2630,11.80334471264368,13.111449195402297,87.0,87.0,734.3977083333333,48.0,2019-12-30 07:14:40.358400000,3.819958812903226
2631,11.827822183908046,13.169291149425286,87.0,87.0,727.0097916666667,48.0,2019-12-31 07:54:15.598080000,3.9757397367741936
2632,11.804028965517242,13.092163908045977,87.0,87.0,730.6531249999999,48.0,2020-01-01 08:33:50.837760000,4.131520660645162
2633,11.406263146067415,12.609577303370786,89.0,89.0,730.6464583333333,48.0,2020-01-02 09:13:26.077440000,4.287301584516129
2634,11.60024125,12.803105454545454,88.0,88.0,734.551875,48.0,2020-01-03 09:53:01.317120000,4.443082508387096
2635,11.746643255813954,13.008274534883721,86.0,86.0,726.4206250000001,48.0,2020-01-04 10:32:36.556800000,4.598863432258065
2636,11.635222954545455,12.902136363636362,88.0,88.0,732.4054166666666,48.0,2020-01-05 11:12:11.796480000,4.754644356129033
2637,11.497777415730337,12.656281573033707,89.0,89.0,725.815,48.0,2020-01-06 11:51:47.036159991,4.91042528
2638,11.515306704545454,12.681395113636365,88.0,88.0,729.7314583333333,48.0,2020-01-07 12:31:22.275839991,5.066206203870967
2639,11.658961609195401,12.790352988505747,87.0,87.0,727.8962499999999,48.0,2020-01-08 13:10:57.515519991,5.221987127741936
2640,11.543315795454545,12.73511125,88.0,88.0,730.825625,48.0,2020-01-09 13:50:32.755199991,5.377768051612904
2641,11.608839310344827,12.84482068965517,87.0,87.0,723.4587499999999,48.0,2020-01-10 14:30:07.994880025,5.533548975483871
2642,11.630823863636364,12.745628295454544,88.0,88.0,729.3933333333333,48.0,2020-01-11 15:09:43.234560025,5.6893298993548385
2643,11.680144712643678,13.033669425287355,87.0,87.0,723.9989583333332,48.0,2020-01-12 15:49:18.474240025,5.845110823225807
2644,11.901003863636364,13.207169659090908,88.0,88.0,726.1,48.0,2020-01-13 16:28:53.713920025,6.000891747096774
2645,11.715306966292134,13.000023595505617,89.0,89.0,728.7883333333333,48.0,2020-01-14 17:08:28.953600025,6.156672670967742
2646,11.752665454545456,12.958027159090909,88.0,88.0,724.9039583333333,48.0,2020-01-15 17:48:04.193280025,6.056442219354839
2647,11.539875568181818,12.862639545454545,88.0,88.0,721.2252083333333,48.0,2020-01-16 18:27:39.432960025,5.85757295483871
2648,11.706153863636365,12.860556704545456,88.0,88.0,724.5170833333333,48.0,2020-01-17 19:07:14.672640017,5.6587036903225805
2649,11.708553522727273,12.878034886363638,88.0,88.0,716.0583333333334,48.0,2020-01-18 19:46:49.912320017,5.459834425806452
2650,11.76010195402299,12.886752988505748,87.0,87.0,727.0174999999999,48.0,2020-01-19 20:26:25.152000017,5.260965161290323
2651,11.744703068181819,12.949679545454545,88.0,88.0,718.4139583333334,48.0,2020-01-20 21:06:00.391680017,5.062095896774194
2652,11.787845681818181,13.032090113636364,88.0,88.0,717.3177083333334,48.0,2020-01-21 21:45:35.631360017,4.863226632258065
2653,11.717261573033708,12.954048764044943,89.0,89.0,706.6872916666666,48.0,2020-01-22 22:25:10.871040017,4.664357367741935
2654,11.90186,13.070860909090909,88.0,88.0,718.8885416666667,48.0,2020-01-23 23:04:46.110720017,4.465488103225807
2655,11.779006781609196,13.046101954022989,87.0,87.0,720.1081250000001,48.0,2020-01-24 23:44:21.350400008,4.266618838709677
2656,11.784111704545454,13.052800454545455,88.0,88.0,706.5620833333334,48.0,2020-01-26 00:23:56.590080008,4.067749574193549
2657,11.704176931818182,12.918346931818183,88.0,88.0,713.7658333333334,48.0,2020-01-27 01:03:31.829760008,3.8688803096774196
2658,11.39549988764045,12.444693820224717,89.0,89.0,708.8522916666667,48.0,2020-01-28 01:43:07.069440008,3.6700110451612904
2659,11.277130795454546,12.397580340909089,88.0,88.0,702.9047916666667,48.0,2020-01-29 02:22:42.309120008,3.471141780645161
2660,11.274643068181819,12.302089431818182,88.0,88.0,711.8402083333334,48.0,2020-01-30 03:02:17.548800008,3.2722725161290325
2661,11.293456179775282,12.427137078651686,89.0,89.0,716.1862500000001,48.0,2020-01-31 03:41:52.788480008,3.0734032516129033
2662,11.597403488372093,12.641173953488371,86.0,86.0,714.5914583333333,48.0,2020-02-01 04:21:28.028160000,2.874533987096774
2663,11.430090340909091,12.500652386363635,88.0,88.0,706.5702083333334,48.0,2020-02-02 05:01:03.267840000,2.6756647225806454
2664,11.166395842696629,12.264412921348315,89.0,89.0,704.8935416666667,48.0,2020-02-03 05:40:38.507520000,2.476795458064516
2665,11.19739,12.322511136363635,88.0,88.0,704.6210416666667,48.0,2020-02-04 06:20:13.747200000,2.2779261935483874
2666,11.3495925,12.440871818181819,88.0,88.0,711.7981249999999,48.0,2020-02-05 06:59:48.986880000,2.079056929032258
2667,11.272235730337078,12.368418764044943,89.0,89.0,715.7297916666666,48.0,2020-02-06 07:39:24.226560000,1.8801876645161295
2668,11.36624367816092,12.429097931034482,87.0,87.0,716.1039583333333,48.0,2020-02-07 08:18:59.466240000,1.6813184000000003
2669,11.410535227272728,12.418950454545454,88.0,88.0,711.0052083333334,48.0,2020-02-08 08:58:34.705919991,1.4824491354838711
2670,11.38756284090909,12.473685454545455,88.0,88.0,713.7720833333333,48.0,2020-02-09 09:38:09.945599991,1.283579870967742
2671,11.339798977272727,12.38297159090909,88.0,88.0,711.2518749999999,48.0,2020-02-10 10:17:45.185279991,1.0847106064516128
2672,11.41618213483146,12.359558764044943,89.0,89.0,715.5966666666667,48.0,2020-02-11 10:57:20.424960034,0.8858413419354836
2673,11.112694772727274,12.21934840909091,88.0,88.0,713.9416666666666,48.0,2020-02-12 11:36:55.664640025,0.6869720774193553
2674,11.375505681818181,12.438846818181817,88.0,88.0,709.3420833333333,48.0,2020-02-13 12:16:30.904320025,0.4881028129032261
2675,11.364586746987952,12.293707590361446,83.0,83.0,723.4789583333333,48.0,2020-02-14 12:56:06.144000025,0.2892335483870969
2676,11.391884659090909,12.449183068181817,88.0,88.0,713.916875,48.0,2020-02-15 13:35:41.383680025,0.22539264
2677,11.29740625,12.33358909090909,88.0,88.0,710.5070833333333,48.0,2020-02-16 14:15:16.623360025,0.2714525903448276
2678,11.178958965517241,12.244184712643678,87.0,87.0,710.9189583333333,48.0,2020-02-17 14:54:51.863040025,0.3175125406896552
2679,11.392035862068965,12.542237471264366,87.0,87.0,717.3802083333334,48.0,2020-02-18 15:34:27.102720025,0.36357249103448275
2680,11.329450454545453,12.489807954545455,88.0,88.0,708.2987499999999,48.0,2020-02-19 16:14:02.342400017,0.4096324413793103
2681,11.320335842696629,12.458120449438201,89.0,89.0,703.35,48.0,2020-02-20 16:53:37.582080017,0.45569239172413795
2682,11.392477159090909,12.42547659090909,88.0,88.0,704.7902083333333,48.0,2020-02-21 17:33:12.821760017,0.5017523420689656
2683,11.387704545454547,12.476280795454546,88.0,88.0,702.2947916666667,48.0,2020-02-22 18:12:48.061440017,0.5478122924137931
2684,11.560147011494253,12.604038850574714,87.0,87.0,709.6504166666667,48.0,2020-02-23 18:52:23.301120017,0.5938722427586207
2685,11.459514367816093,12.520411954022988,87.0,87.0,726.1366666666667,48.0,2020-02-24 19:31:58.540800017,0.6399321931034483
2686,11.380745909090908,12.497470454545454,88.0,88.0,710.3075,48.0,2020-02-25 20:11:33.780480017,0.6859921434482759
2687,11.379775795454545,12.555867045454546,88.0,88.0,709.3887500000001,48.0,2020-02-26 20:51:09.020160008,0.7320520937931034
2688,11.442099772727273,12.632176022727272,88.0,88.0,711.3327083333334,48.0,2020-02-27 21:30:44.259840008,0.778112044137931
2689,11.440582298850574,12.552957471264367,87.0,87.0,713.676875,48.0,2020-02-28 22:10:19.499520008,0.8241719944827586
2690,11.252711931818181,12.346081704545453,88.0,88.0,716.4710416666667,48.0,2020-02-29 22:49:54.739200008,0.8702319448275861
2691,11.259319545454545,12.353491477272728,88.0,88.0,715.7379166666666,48.0,2020-03-01 23:29:29.978880008,0.9162918951724137
2692,11.5365402247191,12.553328876404496,89.0,89.0,715.4347916666667,48.0,2020-03-03 00:09:05.218560008,0.9623518455172413
2693,11.756884252873563,12.891735287356322,87.0,87.0,716.301875,48.0,2020-03-04 00:48:40.458240008,1.008411795862069
2694,11.671025454545456,12.883997727272726,88.0,88.0,710.6218749999999,48.0,2020-03-05 01:28:15.697920000,1.0544717462068967
2695,11.750138295454546,12.960116136363636,88.0,88.0,712.041875,48.0,2020-03-06 02:07:50.937600000,1.1005316965517242
2696,11.934940229885058,13.233757241379312,87.0,87.0,708.5464583333334,48.0,2020-03-07 02:47:26.177280000,1.1465916468965518
2697,11.770841573033708,13.099039325842696,89.0,89.0,718.1825,48.0,2020-03-08 03:27:01.416959999,1.1926515972413794
2698,11.986301011235955,13.193143258426966,89.0,89.0,712.813125,48.0,2020-03-09 04:06:36.656640000,1.238711547586207
2699,12.092289540229885,13.340865287356321,87.0,87.0,716.9504166666667,48.0,2020-03-10 04:46:11.896320000,1.2847714979310345
2700,11.800408863636363,13.06735875,88.0,88.0,718.9668750000001,48.0,2020-03-11 05:25:47.136000000,1.330831448275862
2701,11.842483636363637,13.216818068181817,88.0,88.0,714.5456250000001,48.0,2020-03-12 06:05:22.375679991,1.3768913986206897
2702,11.7819225,13.139923181818181,88.0,88.0,718.1497916666667,48.0,2020-03-13 06:44:57.615359991,1.4229513489655172
2703,12.018981839080459,13.392525862068966,87.0,87.0,717.585625,48.0,2020-03-14 07:24:32.855039991,1.4690112993103448
2704,11.951075681818184,13.280738636363635,88.0,88.0,709.145,48.0,2020-03-15 08:04:08.094719991,1.5401276696774193
2705,12.007541264367816,13.370328735632183,87.0,87.0,712.4395833333333,48.0,2020-03-16 08:43:43.334400025,1.6627637161290323
2706,11.925198426966292,13.21907617977528,89.0,89.0,712.1845833333333,48.0,2020-03-17 09:23:18.574080025,1.7853997625806453
2707,11.933176704545453,13.203313295454546,88.0,88.0,723.8989583333333,48.0,2020-03-18 10:02:53.813760025,1.908035809032258
2708,11.85468909090909,13.216111818181817,88.0,88.0,719.80375,48.0,2020-03-19 10:42:29.053440025,2.030671855483871
2709,11.976995393258427,13.279111123595506,89.0,89.0,720.3024999999999,48.0,2020-03-20 11:22:04.293120025,2.153307901935484
2710,11.973002413793104,13.373677586206895,87.0,87.0,705.3441666666668,48.0,2020-03-21 12:01:39.532800025,2.2759439483870967
2711,12.047777272727274,13.374519545454545,88.0,88.0,718.3089583333334,48.0,2020-03-22 12:41:14.772480025,2.39857999483871
2712,12.089208045977012,13.483455977011495,87.0,87.0,719.9072916666668,48.0,2020-03-23 13:20:50.012160017,2.5212160412903226
2713,11.996222045454545,13.33011715909091,88.0,88.0,718.74125,48.0,2020-03-24 14:00:25.251840017,2.6438520877419354
2714,12.10693409090909,13.449117727272727,88.0,88.0,726.0535416666667,48.0,2020-03-25 14:40:00.491520017,2.7664881341935486
2715,12.11783224719101,13.397998651685395,89.0,89.0,728.198125,48.0,2020-03-26 15:19:35.731200017,2.8891241806451613
2716,12.087928636363637,13.403486136363636,88.0,88.0,731.176875,48.0,2020-03-27 15:59:10.970880017,3.011760227096774
2717,12.229620574712644,13.500623448275862,87.0,87.0,723.9625,48.0,2020-03-28 16:38:46.210560017,3.1343962735483872
2718,12.168049090909092,13.468805000000001,88.0,88.0,728.6266666666667,48.0,2020-03-29 17:18:21.450240017,3.25703232
2719,12.089637816091953,13.431803563218391,87.0,87.0,719.499375,48.0,2020-03-30 17:57:56.689920008,3.3796683664516127
2720,12.060012528735632,13.43334540229885,87.0,87.0,724.5185416666667,48.0,2020-03-31 18:37:31.929600008,3.502304412903226
2721,12.126433793103448,13.489621149425288,87.0,87.0,745.2937499999999,48.0,2020-04-01 19:17:07.169280008,3.6249404593548387
2722,12.178701149425288,13.527061034482758,87.0,87.0,736.75625,48.0,2020-04-02 19:56:42.408960008,3.7475765058064514
2723,12.131055454545454,13.434955,88.0,88.0,730.688125,48.0,2020-04-03 20:36:17.648640008,3.8702125522580646
2724,12.141595227272727,13.46475125,88.0,88.0,734.8945833333333,48.0,2020-04-04 21:15:52.888320008,3.9928485987096773
2725,12.191459540229884,13.526700344827587,87.0,87.0,730.13375,48.0,2020-04-05 21:55:28.128000008,4.11548464516129
2726,12.088330229885058,13.571146781609196,87.0,87.0,736.2485416666667,48.0,2020-04-06 22:35:03.367680000,4.238120691612903
2727,11.997856931818182,13.328973409090908,88.0,88.0,741.0135416666667,48.0,2020-04-07 23:14:38.607360000,4.3607567380645165
2728,11.86950568181818,13.154833181818184,88.0,88.0,729.5029166666667,48.0,2020-04-08 23:54:13.847040000,4.483392784516129
2729,11.982221724137931,13.25808896551724,87.0,87.0,732.3620833333333,48.0,2020-04-10 00:33:49.086720000,4.606028830967742
2730,11.995864367816093,13.25107103448276,87.0,87.0,735.1112499999999,48.0,2020-04-11 01:13:24.326400000,4.728664877419355
2731,11.747899666666667,13.060232222222224,90.0,90.0,732.6479166666667,48.0,2020-04-12 01:52:59.566080000,4.8513009238709675
2732,12.02836125,13.204839772727274,88.0,88.0,735.7764583333333,48.0,2020-04-13 02:32:34.805760000,4.973936970322581
2733,11.914231704545454,13.125043863636364,88.0,88.0,734.9104166666666,48.0,2020-04-14 03:12:10.045439991,5.096573016774194
2734,11.635649204545455,12.783909772727272,88.0,88.0,749.3822916666667,48.0,2020-04-15 03:51:45.285119991,5.173176533333334
2735,11.248165108695654,12.250665108695651,92.0,92.0,742.149375,48.0,2020-04-16 04:31:20.524799991,5.001928
2736,11.490504999999999,12.521361304347826,92.0,92.0,744.7733333333334,48.0,2020-04-17 05:10:55.764480034,4.830679466666667
2737,11.472052978723406,12.490264893617022,94.0,94.0,744.3872916666668,48.0,2020-04-18 05:50:31.004160025,4.659430933333334
2738,11.461428620689654,12.524933448275862,87.0,87.0,747.8354166666667,48.0,2020-04-19 06:30:06.243840025,4.4881824
2739,11.341776136363636,12.389969318181818,88.0,88.0,753.7595833333334,48.0,2020-04-20 07:09:41.483520025,4.316933866666667
2740,11.46309875,12.464755681818183,88.0,88.0,749.2010416666667,48.0,2020-04-21 07:49:16.723200025,4.145685333333334
2741,11.46435632183908,12.42194816091954,87.0,87.0,755.3864583333334,48.0,2020-04-22 08:28:51.962880025,3.9744368000000003
2742,11.445186989247311,12.625579677419356,93.0,93.0,756.0275,48.0,2020-04-23 09:08:27.202560025,3.803188266666667
2743,,,,,749.2354166666668,48.0,2020-04-24 09:48:02.442240025,3.6319397333333336
2744,11.546111460674158,12.815313932584269,89.0,89.0,753.738125,48.0,2020-04-25 10:27:37.681920017,3.4606912000000003
2745,11.580784494382023,12.765343146067416,89.0,89.0,765.765,48.0,2020-04-26 11:07:12.921600017,3.289442666666667
2746,11.712582555555556,12.89868688888889,90.0,90.0,761.3493749999999,48.0,2020-04-27 11:46:48.161280017,3.1181941333333336
2747,11.84496543478261,13.180828043478261,92.0,92.0,765.2489583333332,48.0,2020-04-28 12:26:23.400960017,2.9469456000000003
2748,11.747217777777779,12.965322555555556,90.0,90.0,764.491875,48.0,2020-04-29 13:05:58.640640017,2.775697066666667
2749,11.873667912087912,13.248176813186815,91.0,91.0,756.17875,48.0,2020-04-30 13:45:33.880320017,2.6044485333333336
2750,11.830448426966292,13.07305011235955,89.0,89.0,766.5174999999999,48.0,2020-05-01 14:25:09.120000017,2.4332000000000003
2751,12.029340574712643,13.214884252873565,87.0,87.0,765.5762500000001,48.0,2020-05-02 15:04:44.359680008,2.2619514666666674
2752,11.835110454545456,13.042185113636362,88.0,88.0,760.2935416666666,48.0,2020-05-03 15:44:19.599360008,2.090702933333334
2753,11.75264340909091,12.987183750000002,88.0,88.0,762.6383333333333,48.0,2020-05-04 16:23:54.839040008,1.9194544000000007
2754,11.963277526881722,13.122149462365591,93.0,93.0,764.0133333333333,48.0,2020-05-05 17:03:30.078720008,1.7482058666666673
2755,,,,,762.72375,48.0,2020-05-06 17:43:05.318400008,1.576957333333334
2756,11.901794719101124,13.055306292134832,89.0,89.0,768.4058333333334,48.0,2020-05-07 18:22:40.558080008,1.4057088000000006
2757,,,,,771.1779166666666,48.0,2020-05-08 19:02:15.797760008,1.2344602666666673
2758,11.730704315789472,12.923683263157894,95.0,95.0,777.066875,48.0,2020-05-09 19:41:51.037440000,1.0632117333333335
2759,11.902867528089887,12.996126404494383,89.0,89.0,776.1525,48.0,2020-05-10 20:21:26.277120000,0.8919632000000002
2760,11.97924340909091,13.104362727272727,88.0,88.0,778.1745833333333,48.0,2020-05-11 21:01:01.516800000,0.7207146666666677
2761,11.694394408602152,12.862763548387097,93.0,93.0,781.0785416666666,48.0,2020-05-12 21:40:36.756480000,0.5494661333333344
2762,11.826903295454544,13.03696375,88.0,88.0,784.9631250000001,48.0,2020-05-13 22:20:11.996160000,0.37821760000000104
2763,11.856994130434783,13.021472608695653,92.0,92.0,788.8958333333334,48.0,2020-05-14 22:59:47.235840000,0.2069690666666677
2764,11.922831136363635,13.091476477272726,88.0,88.0,792.5091666666667,48.0,2020-05-15 23:39:22.475520000,0.37805774451612906
2765,11.705746451612905,12.993182150537633,93.0,93.0,795.8185416666666,48.0,2020-05-17 00:18:57.715200000,0.5636690580645161
2766,11.66461415730337,12.88849404494382,89.0,89.0,784.649375,48.0,2020-05-18 00:58:32.954879991,0.7492803716129033
2767,11.844245054945054,13.032491428571428,91.0,91.0,792.4266666666667,48.0,2020-05-19 01:38:08.194559991,0.9348916851612903
2768,11.75350183908046,13.011574252873562,87.0,87.0,796.4327083333333,48.0,2020-05-20 02:17:43.434239991,1.1205029987096775
2769,11.76735347826087,13.026401413043478,92.0,92.0,797.9814583333333,48.0,2020-05-21 02:57:18.673920025,1.3061143122580645
2770,11.769179204545454,13.019403977272729,88.0,88.0,800.6516666666666,48.0,2020-05-22 03:36:53.913600025,1.4917256258064515
2771,11.60387404494382,12.956482134831461,89.0,89.0,801.94625,48.0,2020-05-23 04:16:29.153280025,1.6773369393548387
2772,11.745251195652175,13.023931739130434,92.0,92.0,801.6424999999999,48.0,2020-05-24 04:56:04.392960025,1.8629482529032257
2773,11.794044318181818,13.005755340909092,88.0,88.0,797.0989583333334,48.0,2020-05-25 05:35:39.632640025,2.048559566451613
2774,11.566951590909092,12.82512568181818,88.0,88.0,806.2077083333334,48.0,2020-05-26 06:15:14.872320025,2.23417088
2775,11.808589545454545,13.056259204545455,88.0,88.0,810.2062500000001,48.0,2020-05-27 06:54:50.112000025,2.419782193548387
2776,11.681028764044944,12.98126179775281,89.0,89.0,795.7416666666667,48.0,2020-05-28 07:34:25.351680017,2.605393507096774
2777,11.741622272727273,13.00506340909091,88.0,88.0,800.86625,48.0,2020-05-29 08:14:00.591360017,2.7910048206451616
2778,11.510246179775281,12.81530393258427,89.0,89.0,808.9033333333333,48.0,2020-05-30 08:53:35.831040017,2.9766161341935486
2779,11.686571818181818,12.990721931818182,88.0,88.0,802.4822916666667,48.0,2020-05-31 09:33:11.070720017,3.1622274477419356
2780,11.736575056179776,12.981832584269663,89.0,89.0,809.356875,48.0,2020-06-01 10:12:46.310400017,3.3478387612903227
2781,11.556641348314606,12.789293258426968,89.0,89.0,814.9089583333333,48.0,2020-06-02 10:52:21.550080017,3.5334500748387097
2782,11.566725795454545,12.754919090909091,88.0,88.0,817.540625,48.0,2020-06-03 11:31:56.789760017,3.719061388387097
2783,11.652647528089888,12.7717797752809,89.0,89.0,811.0529166666666,48.0,2020-06-04 12:11:32.029440017,3.904672701935484
2784,11.812169318181818,13.018561136363637,88.0,88.0,817.0395833333333,48.0,2020-06-05 12:51:07.269120008,4.090284015483871
2785,11.796268735632184,13.035025172413793,87.0,87.0,825.8614583333333,48.0,2020-06-06 13:30:42.508800008,4.2758953290322586
2786,11.740124044943821,12.993468426966292,89.0,89.0,828.7552083333334,48.0,2020-06-07 14:10:17.748480008,4.4615066425806456
2787,11.872188068181817,12.970338522727273,88.0,88.0,830.359375,48.0,2020-06-08 14:49:52.988160008,4.647117956129033
2788,11.594529318181818,12.8552375,88.0,88.0,835.03875,48.0,2020-06-09 15:29:28.227840008,4.83272926967742
2789,11.616253977272727,12.706587840909092,88.0,88.0,830.0075,48.0,2020-06-10 16:09:03.467520008,5.018340583225807
2790,11.741137727272728,12.869719772727272,88.0,88.0,837.5152083333334,48.0,2020-06-11 16:48:38.707200008,5.203951896774194
2791,11.845703863636363,13.03113534090909,88.0,88.0,832.0547916666666,48.0,2020-06-12 17:28:13.946880000,5.389563210322581
2792,11.832812758620689,13.1562591954023,87.0,87.0,833.0639583333333,48.0,2020-06-13 18:07:49.186559999,5.575174523870968
2793,12.019860217391306,13.362620760869566,92.0,92.0,830.85,48.0,2020-06-14 18:47:24.426240000,5.7607858374193555
2794,11.926082045454546,13.19283340909091,88.0,88.0,836.1752083333332,48.0,2020-06-15 19:26:59.665920000,5.808104128
2795,11.904565172413792,13.305632298850574,87.0,87.0,844.1977083333333,48.0,2020-06-16 20:06:34.905600000,5.81837904
2796,11.888587727272727,13.024912840909092,88.0,88.0,844.5745833333334,48.0,2020-06-17 20:46:10.145280000,5.828653952
2797,11.718723448275863,12.825168390804597,87.0,87.0,841.926875,48.0,2020-06-18 21:25:45.384960000,5.838928864
2798,11.421091264367817,12.388401954022989,87.0,87.0,846.4110416666667,48.0,2020-06-19 22:05:20.624639991,5.8492037759999995
2799,11.351073678160919,12.329185172413794,87.0,87.0,848.2558333333333,48.0,2020-06-20 22:44:55.864319991,5.859478687999999
2800,11.2332325,12.240653181818182,88.0,88.0,843.96125,48.0,2020-06-21 23:24:31.104000034,5.8697536
2801,11.239785747126437,12.323724137931034,87.0,87.0,843.6864583333332,48.0,2020-06-23 00:04:06.343680034,5.880028512
2802,11.485756781609195,12.482161149425288,87.0,87.0,848.8000000000001,48.0,2020-06-24 00:43:41.583360025,5.890303424
2803,11.67235715909091,12.953012386363637,88.0,88.0,843.1691666666667,48.0,2020-06-25 01:23:16.823040025,5.900578336
2804,11.690367931034483,12.931610804597701,87.0,87.0,856.5539583333333,48.0,2020-06-26 02:02:52.062720025,5.910853248
2805,11.745133048780488,12.997982195121953,82.0,82.0,856.453125,48.0,2020-06-27 02:42:27.302400025,5.921128159999999
2806,11.676568202247193,12.890479101123594,89.0,89.0,861.8425000000001,48.0,2020-06-28 03:22:02.542080025,5.931403072
2807,11.813646181818182,13.057093272727272,55.0,55.0,867.7816666666666,48.0,2020-06-29 04:01:37.781760025,5.941677984
2808,,,,,,,2020-06-30 04:41:13.021440025,5.951952896
2809,,,,,,,2020-07-01 05:20:48.261120017,5.962227808
2810,11.955864666666667,13.072886444444444,45.0,45.0,834.2600000000001,48.0,2020-07-02 06:00:23.500800017,5.97250272
2811,11.845223448275862,13.008046206896552,87.0,87.0,855.1227083333333,48.0,2020-07-03 06:39:58.740480017,5.9827776319999995
2812,11.765685057471265,13.013395287356321,87.0,87.0,864.2308333333334,48.0,2020-07-04 07:19:33.980160017,5.993052543999999
2813,11.970739540229886,13.050267816091953,87.0,87.0,854.1843749999999,48.0,2020-07-05 07:59:09.219840017,6.003327456
2814,11.725354583333333,12.814792500000001,24.0,24.0,895.273125,48.0,2020-07-06 08:38:44.459520017,6.013602368
2815,,,,,,,2020-07-07 09:18:19.699200017,6.02387728
2816,11.913532222222223,13.053559111111111,45.0,45.0,828.155625,48.0,2020-07-08 09:57:54.938880008,6.034152192
2817,11.614396022727274,12.789488863636365,88.0,88.0,863.5772916666666,48.0,2020-07-09 10:37:30.178560008,6.0444271039999995
2818,11.658669318181818,12.754898977272727,88.0,88.0,865.9529166666666,48.0,2020-07-10 11:17:05.418240008,6.054702015999999
2819,11.778200459770115,12.895318735632184,87.0,87.0,868.3781250000001,48.0,2020-07-11 11:56:40.657920008,6.064976928
2820,11.862632758620691,12.920392413793103,87.0,87.0,874.2429166666667,48.0,2020-07-12 12:36:15.897600008,6.07525184
2821,11.918554886363637,13.068141590909091,88.0,88.0,866.9079166666667,48.0,2020-07-13 13:15:51.137280008,6.085526752
2822,12.021297674418605,13.292587558139536,86.0,86.0,881.6804166666667,48.0,2020-07-14 13:55:26.376960008,6.095801664
2823,11.91723556818182,13.060955340909091,88.0,88.0,886.055625,48.0,2020-07-15 14:35:01.616640000,6.127442601290322
2824,11.90967632183908,13.086415862068966,87.0,87.0,865.8641666666667,48.0,2020-07-16 15:14:36.856320000,6.173845429677419
2825,11.631848409090908,12.695339318181817,88.0,88.0,872.1029166666667,48.0,2020-07-17 15:54:12.096000000,6.220248258064516
2826,11.724011022727273,12.862488522727272,88.0,88.0,875.0466666666666,48.0,2020-07-18 16:33:47.335679999,6.2666510864516125
2827,11.750672093023256,12.90055,86.0,86.0,874.0360416666666,48.0,2020-07-19 17:13:22.575360000,6.31305391483871
2828,11.612064659090908,12.73700443181818,88.0,88.0,884.385625,48.0,2020-07-20 17:52:57.815040000,6.359456743225806
2829,11.717479655172415,12.90544804597701,87.0,87.0,878.4654166666666,48.0,2020-07-21 18:32:33.054720000,6.405859571612903
2830,11.617822921348314,12.803748539325841,89.0,89.0,885.1866666666666,48.0,2020-07-22 19:12:08.294399991,6.4522623999999995
2831,11.78438195402299,12.976363678160919,87.0,87.0,883.9789583333333,48.0,2020-07-23 19:51:43.534079991,6.498665228387097
2832,11.900894022988506,13.104216551724138,87.0,87.0,888.664375,48.0,2020-07-24 20:31:18.773759991,6.545068056774193
2833,11.856711860465117,13.10764593023256,86.0,86.0,890.1733333333333,48.0,2020-07-25 21:10:54.013440034,6.59147088516129
2834,11.70684875,12.878484431818181,88.0,88.0,890.4656249999999,48.0,2020-07-26 21:50:29.253120025,6.6378737135483865
2835,11.717075227272726,13.007383522727274,88.0,88.0,904.4225,48.0,2020-07-27 22:30:04.492800025,6.684276541935484
2836,11.700522613636364,13.006506477272728,88.0,88.0,876.9929166666667,48.0,2020-07-28 23:09:39.732480025,6.73067937032258
2837,11.83159659090909,13.088231818181818,88.0,88.0,891.703125,48.0,2020-07-29 23:49:14.972160025,6.777082198709677
2838,11.818721149425288,13.069531034482758,87.0,87.0,894.569375,48.0,2020-07-31 00:28:50.211840025,6.823485027096774
2839,11.771855227272727,12.90968715909091,88.0,88.0,893.3214583333333,48.0,2020-08-01 01:08:25.451520025,6.869887855483871
2840,11.740488181818183,12.97520693181818,88.0,88.0,894.574375,48.0,2020-08-02 01:48:00.691200025,6.916290683870968
2841,11.75699632183908,13.059782298850577,87.0,87.0,892.6977083333333,48.0,2020-08-03 02:27:35.930880017,6.962693512258064
2842,11.849717586206896,13.13773287356322,87.0,87.0,893.9560416666667,48.0,2020-08-04 03:07:11.170560017,7.009096340645161
2843,11.799478522727272,12.978884772727271,88.0,88.0,893.4189583333333,48.0,2020-08-05 03:46:46.410240017,7.055499169032258
2844,11.634988651685392,12.804485617977528,89.0,89.0,891.024375,48.0,2020-08-06 04:26:21.649920017,7.101901997419355
2845,11.718263563218391,12.880985862068966,87.0,87.0,890.9333333333334,48.0,2020-08-07 05:05:56.889600017,7.148304825806451
2846,11.730287954545453,12.87075,88.0,88.0,902.464375,48.0,2020-08-08 05:45:32.129280017,7.194707654193548
2847,11.775965113636364,13.061757613636365,88.0,88.0,900.6085416666666,48.0,2020-08-09 06:25:07.368960017,7.241110482580645
2848,11.915495113636364,13.11669090909091,88.0,88.0,889.2266666666666,48.0,2020-08-10 07:04:42.608640008,7.287513310967742
2849,11.940081264367818,13.167561839080461,87.0,87.0,887.7687500000001,48.0,2020-08-11 07:44:17.848320008,7.333916139354839
2850,11.856261704545455,13.184368636363637,88.0,88.0,892.2241666666667,48.0,2020-08-12 08:23:53.088000008,7.380318967741935
2851,11.917019999999999,13.08265415730337,89.0,89.0,889.8172916666667,48.0,2020-08-13 09:03:28.327680008,7.426721796129032
2852,11.920127613636366,13.195208863636365,88.0,88.0,893.611875,48.0,2020-08-14 09:43:03.567360008,7.473124624516129
2853,11.928214772727273,13.181313181818183,88.0,88.0,890.8872916666666,48.0,2020-08-15 10:22:38.807040008,7.403757553548387
2854,11.789424886363635,12.943947954545456,88.0,88.0,893.9858333333333,48.0,2020-08-16 11:02:14.046720008,7.175057899354838
2855,11.85645816091954,12.981137011494251,87.0,87.0,890.018125,48.0,2020-08-17 11:41:49.286400000,6.94635824516129
2856,11.778031123595506,12.893726966292135,89.0,89.0,894.521875,48.0,2020-08-18 12:21:24.526080000,6.7176585909677415
2857,11.78701976744186,13.074126395348838,86.0,86.0,895.7489583333332,48.0,2020-08-19 13:00:59.765760000,6.4889589367741936
2858,11.542284318181817,12.868472045454546,88.0,88.0,894.3191666666667,48.0,2020-08-20 13:40:35.005440000,6.260259282580645
2859,11.750305568181819,13.006436477272727,88.0,88.0,893.9083333333333,48.0,2020-08-21 14:20:10.245120000,6.031559628387097
2860,11.805125340909091,12.947896818181817,88.0,88.0,887.0595833333333,48.0,2020-08-22 14:59:45.484800000,5.802859974193549
2861,11.829435681818183,13.010908977272727,88.0,88.0,892.5395833333333,48.0,2020-08-23 15:39:20.724480000,5.57416032
2862,11.773669318181819,13.01177715909091,88.0,88.0,883.0606250000001,48.0,2020-08-24 16:18:55.964159991,5.345460665806451
2863,11.857533068181818,13.06756431818182,88.0,88.0,885.7664583333334,48.0,2020-08-25 16:58:31.203839991,5.116761011612903
2864,11.73804264367816,12.973460574712645,87.0,87.0,891.1810416666667,48.0,2020-08-26 17:38:06.443520034,4.888061357419355
2865,11.855520681818183,13.020275227272727,88.0,88.0,893.379375,48.0,2020-08-27 18:17:41.683200034,4.659361703225806
2866,11.641135227272729,12.862812954545454,88.0,88.0,890.9266666666667,48.0,2020-08-28 18:57:16.922880025,4.430662049032257
2867,11.639814318181818,12.868355454545453,88.0,88.0,894.0977083333333,48.0,2020-08-29 19:36:52.162560025,4.201962394838709
2868,11.76857632183908,12.88247459770115,87.0,87.0,890.8652083333333,48.0,2020-08-30 20:16:27.402240025,3.973262740645161
2869,11.728430804597702,12.864770344827587,87.0,87.0,882.1283333333334,48.0,2020-08-31 20:56:02.641920025,3.7445630864516124
2870,11.621741744186046,12.869960348837209,86.0,86.0,891.5258333333333,48.0,2020-09-01 21:35:37.881600025,3.5158634322580644
2871,11.55958183908046,12.785752528735634,87.0,87.0,894.6191666666667,48.0,2020-09-02 22:15:13.121280025,3.2871637780645155
2872,11.552890113636364,12.675884772727272,88.0,88.0,875.7295833333333,48.0,2020-09-03 22:54:48.360960025,3.0584641238709676
2873,11.612139772727273,12.733503522727272,88.0,88.0,874.905625,48.0,2020-09-04 23:34:23.600640017,2.8297644696774187
2874,11.712356976744186,12.919305930232559,86.0,86.0,874.9316666666667,48.0,2020-09-06 00:13:58.840320017,2.6010648154838707
2875,11.607063932584271,12.829558651685392,89.0,89.0,874.5881250000001,48.0,2020-09-07 00:53:34.080000017,2.372365161290322
2876,11.799090459770115,12.980318620689655,87.0,87.0,881.316875,48.0,2020-09-08 01:33:09.319680017,2.143665507096774
2877,11.76270125,13.031882727272727,88.0,88.0,879.258125,48.0,2020-09-09 02:12:44.559360017,1.914965852903225
2878,11.855317159090909,13.161344659090908,88.0,88.0,878.544375,48.0,2020-09-10 02:52:19.799040017,1.686266198709677
2879,11.958276022727272,13.25413431818182,88.0,88.0,874.7266666666666,48.0,2020-09-11 03:31:55.038720017,1.457566544516129
2880,11.988095632183908,13.307213333333333,87.0,87.0,879.3079166666666,48.0,2020-09-12 04:11:30.278400008,1.2288668903225801
2881,11.94687724137931,13.163728850574714,87.0,87.0,881.2275,48.0,2020-09-13 04:51:05.518080008,1.0001672361290321
2882,11.927508636363637,13.175059659090909,88.0,88.0,875.3847916666667,48.0,2020-09-14 05:30:40.757760008,0.7714675819354833
2883,11.759364318181817,13.096549545454547,88.0,88.0,882.10875,48.0,2020-09-15 06:10:15.997440008,0.7199938133333333
2884,11.934589540229885,13.124971264367815,87.0,87.0,877.7216666666667,48.0,2020-09-16 06:49:51.237120008,1.1994897066666668
2885,11.984332528735631,13.18982091954023,87.0,87.0,877.863125,48.0,2020-09-17 07:29:26.476800008,1.6789855999999999
2886,11.78043,12.991578181818182,88.0,88.0,874.165,48.0,2020-09-18 08:09:01.716480008,2.1584814933333334
2887,11.794906704545456,13.01917590909091,88.0,88.0,872.6158333333333,48.0,2020-09-19 08:48:36.956160000,2.6379773866666665
2888,11.769363448275863,13.108016091954024,87.0,87.0,866.8870833333334,48.0,2020-09-20 09:28:12.195840000,3.11747328
2889,11.86361172413793,13.172979195402299,87.0,87.0,875.5595833333333,48.0,2020-09-21 10:07:47.435520000,3.596969173333333
2890,11.80963159090909,13.106144204545455,88.0,88.0,873.1008333333333,48.0,2020-09-22 10:47:22.675200000,4.076465066666667
2891,11.7705125,13.12124909090909,88.0,88.0,877.2439583333334,48.0,2020-09-23 11:26:57.914880000,4.555960959999999
2892,11.760463977272728,12.982178863636364,88.0,88.0,876.4997916666666,48.0,2020-09-24 12:06:33.154559999,5.035456853333333
2893,11.867357701149425,13.149931149425289,87.0,87.0,867.0889583333333,48.0,2020-09-25 12:46:08.394240000,5.514952746666666
2894,11.662839540229886,13.055435287356321,87.0,87.0,868.8279166666666,48.0,2020-09-26 13:25:43.633919991,5.994448639999999
2895,11.692656590909092,12.861729545454546,88.0,88.0,868.4804166666667,48.0,2020-09-27 14:05:18.873599991,6.4739445333333325
2896,11.593956818181818,12.786087045454547,88.0,88.0,860.1254166666666,48.0,2020-09-28 14:44:54.113279991,6.953440426666666
2897,11.525303636363637,12.677674431818183,88.0,88.0,857.8070833333333,48.0,2020-09-29 15:24:29.352960034,7.43293632
2898,11.432042873563217,12.534842758620691,87.0,87.0,863.1729166666668,48.0,2020-09-30 16:04:04.592640025,7.912432213333332
2899,11.677835795454547,12.732652386363638,88.0,88.0,864.930625,48.0,2020-10-01 16:43:39.832320025,8.391928106666667
2900,11.587760795454544,12.695472272727272,88.0,88.0,865.4647916666667,48.0,2020-10-02 17:23:15.072000025,8.871424
2901,11.579634831460675,12.779375617977529,89.0,89.0,855.5902083333334,48.0,2020-10-03 18:02:50.311680025,9.350919893333332
2902,11.659819204545455,12.88533409090909,88.0,88.0,858.0279166666666,48.0,2020-10-04 18:42:25.551360025,9.830415786666666
2903,11.750275,13.019782500000002,88.0,88.0,862.8275,48.0,2020-10-05 19:22:00.791040025,10.309911679999999
2904,11.874664137931036,13.185372413793104,87.0,87.0,857.77,48.0,2020-10-06 20:01:36.030720025,10.789407573333333
2905,11.87519459770115,13.108692298850574,87.0,87.0,859.53625,48.0,2020-10-07 20:41:11.270400017,11.268903466666666
2906,11.997732643678162,13.233313908045975,87.0,87.0,856.8458333333333,48.0,2020-10-08 21:20:46.510080017,11.748399359999999
2907,11.737942272727274,12.892277159090908,88.0,88.0,857.1339583333333,48.0,2020-10-09 22:00:21.749760017,12.227895253333333
2908,11.779628023255814,13.068497906976745,86.0,86.0,861.07125,48.0,2020-10-10 22:39:56.989440017,12.707391146666666
2909,11.849227752808988,13.085924606741571,89.0,89.0,856.3327083333334,48.0,2020-10-11 23:19:32.229120017,13.186887039999998
2910,11.945667558139537,13.138589534883721,86.0,86.0,858.4920833333334,48.0,2020-10-12 23:59:07.468800017,13.666382933333333
2911,11.875679886363635,13.155271136363638,88.0,88.0,850.1229166666667,48.0,2020-10-14 00:38:42.708480017,14.145878826666666
2912,11.921177954545454,13.09038034090909,88.0,88.0,857.7075,48.0,2020-10-15 01:18:17.948160008,14.634904856774194
2913,11.754472528735631,12.998516321839082,87.0,87.0,857.5877083333334,48.0,2020-10-16 01:57:53.187840008,15.294487917419355
2914,11.816781494252874,13.137448505747127,87.0,87.0,854.9039583333333,48.0,2020-10-17 02:37:28.427520008,15.954070978064516
2915,11.719632159090908,12.980301249999998,88.0,88.0,850.5202083333334,48.0,2020-10-18 03:17:03.667200008,16.613654038709676
2916,11.793275172413793,13.029106091954024,87.0,87.0,848.2552083333334,48.0,2020-10-19 03:56:38.906880008,17.273237099354837
2917,11.781661954022988,13.067604597701148,87.0,87.0,851.549375,48.0,2020-10-20 04:36:14.146560008,17.93282016
2918,11.689918295454545,12.96395715909091,88.0,88.0,853.328125,48.0,2020-10-21 05:15:49.386240008,18.59240322064516
2919,11.721803678160919,12.86350620689655,87.0,87.0,848.3389583333333,48.0,2020-10-22 05:55:24.625920000,19.25198628129032
2920,11.614927386363636,12.890873977272726,88.0,88.0,836.57125,48.0,2020-10-23 06:34:59.865600000,19.911569341935483
2921,11.685067701149427,12.955879310344827,87.0,87.0,840.9079166666667,48.0,2020-10-24 07:14:35.105280000,20.571152402580644
2922,11.571194022988506,12.806083448275862,87.0,87.0,841.4066666666666,48.0,2020-10-25 07:54:10.344960000,21.230735463225805
2923,11.219504545454546,12.379628068181818,88.0,88.0,846.313125,48.0,2020-10-26 08:33:45.584639999,21.890318523870967
2924,11.022662613636363,12.027781590909091,88.0,88.0,850.2072916666666,48.0,2020-10-27 09:13:20.824320000,22.549901584516128
2925,11.096181136363636,11.997622272727273,88.0,88.0,838.9291666666667,48.0,2020-10-28 09:52:56.064000000,23.20948464516129
2926,11.382717840909091,12.327711136363638,88.0,88.0,850.1275,48.0,2020-10-29 10:32:31.303679991,23.86906770580645
2927,11.5536775,12.674921136363638,88.0,88.0,842.91375,48.0,2020-10-30 11:12:06.543359991,24.528650766451612
2928,11.627030689655172,12.74739103448276,87.0,87.0,835.895625,48.0,2020-10-31 11:51:41.783040034,25.188233827096774
2929,11.510368764044944,12.624844494382021,89.0,89.0,840.073125,48.0,2020-11-01 12:31:17.022720034,25.847816887741935
2930,11.736788977272727,12.785797045454546,88.0,88.0,842.3272916666666,48.0,2020-11-02 13:10:52.262400025,26.507399948387096
2931,11.674724659090911,12.90832159090909,88.0,88.0,851.4497916666666,48.0,2020-11-03 13:50:27.502080025,27.166983009032258
2932,11.90607091954023,13.094301724137932,87.0,87.0,830.3189583333333,48.0,2020-11-04 14:30:02.741760025,27.82656606967742
2933,11.903512183908045,13.11297367816092,87.0,87.0,836.5404166666667,48.0,2020-11-05 15:09:37.981440025,28.48614913032258
2934,11.943643295454546,13.07055943181818,88.0,88.0,842.0870833333333,48.0,2020-11-06 15:49:13.221120025,29.145732190967742
2935,11.657325505617978,12.942780561797754,89.0,89.0,839.9539583333334,48.0,2020-11-07 16:28:48.460800025,29.805315251612903
2936,11.639554252873562,12.95210367816092,87.0,87.0,840.8770833333333,48.0,2020-11-08 17:08:23.700480025,30.464898312258065
2937,11.817861724137932,12.995858620689654,87.0,87.0,840.3522916666667,48.0,2020-11-09 17:47:58.940160017,31.124481372903226
2938,11.755825568181818,12.920518750000001,88.0,88.0,837.9272916666667,48.0,2020-11-10 18:27:34.179840017,31.784064433548387
2939,11.64042590909091,12.840820795454546,88.0,88.0,837.50375,48.0,2020-11-11 19:07:09.419520017,32.44364749419355
2940,11.817500804597701,12.97701551724138,87.0,87.0,836.03125,48.0,2020-11-12 19:46:44.659200017,33.10323055483871
2941,11.636377727272729,12.830298749999999,88.0,88.0,832.2843750000001,48.0,2020-11-13 20:26:19.898880017,33.76281361548387
2942,11.708908735632184,12.776797471264368,87.0,87.0,835.5485416666667,48.0,2020-11-14 21:05:55.138560017,34.42239667612903
2943,11.755282988505746,12.909260114942528,87.0,87.0,826.9979166666667,48.0,2020-11-15 21:45:30.378240017,34.155491392
2944,11.62557808988764,12.896867640449438,89.0,89.0,828.2660416666666,48.0,2020-11-16 22:25:05.617920008,33.765044736
2945,11.731419886363636,12.921896477272727,88.0,88.0,824.9866666666667,48.0,2020-11-17 23:04:40.857600008,33.37459808
2946,11.60153724137931,12.880863218390804,87.0,87.0,823.48375,48.0,2020-11-18 23:44:16.097280008,32.984151424000004
2947,11.597831363636363,12.847356363636363,88.0,88.0,829.1608333333334,48.0,2020-11-20 00:23:51.336960008,32.593704768
2948,11.57260875,12.678220681818182,88.0,88.0,826.6975000000001,48.0,2020-11-21 01:03:26.576640008,32.203258112
2949,11.488821136363637,12.628841136363635,88.0,88.0,815.3610416666667,48.0,2020-11-22 01:43:01.816320008,31.812811456
2950,11.384886818181819,12.575680454545454,88.0,88.0,815.3133333333334,48.0,2020-11-23 02:22:37.056000008,31.4223648
2951,11.442873068181818,12.642426931818182,88.0,88.0,830.4664583333333,48.0,2020-11-24 03:02:12.295680000,31.031918144000002
2952,11.477078045977011,12.700755057471264,87.0,87.0,815.0166666666668,48.0,2020-11-25 03:41:47.535360000,30.641471488
2953,,,,,825.8735416666667,48.0,2020-11-26 04:21:22.775040000,30.251024832
2954,11.76086551724138,12.93742724137931,87.0,87.0,829.4064583333334,48.0,2020-11-27 05:00:58.014720000,29.860578176
2955,11.674724772727274,12.866282613636365,88.0,88.0,828.86,48.0,2020-11-28 05:40:33.254400000,29.470131520000002
2956,11.887104431818182,13.081565113636362,88.0,88.0,815.513125,48.0,2020-11-29 06:20:08.494080000,29.079684864
2957,11.975550114942529,13.162774137931036,87.0,87.0,823.0139583333333,48.0,2020-11-30 06:59:43.733760000,28.689238208
2958,11.933823488372093,13.268582093023257,86.0,86.0,814.2585416666667,48.0,2020-12-01 07:39:18.973439991,28.298791552
2959,11.935684545454546,13.143257727272728,88.0,88.0,822.1391666666667,48.0,2020-12-02 08:18:54.213119991,27.908344896000003
2960,11.880354318181817,13.172892272727273,88.0,88.0,821.6272916666667,48.0,2020-12-03 08:58:29.452799991,27.51789824
2961,11.617110277777778,12.83249736111111,72.0,72.0,824.3922916666667,48.0,2020-12-04 09:38:04.692480034,27.127451584
2962,11.309557613636365,12.409332954545453,88.0,88.0,816.9675000000001,48.0,2020-12-05 10:17:39.932160025,26.737004928
2963,11.350581282051282,12.396105256410257,78.0,78.0,819.71,48.0,2020-12-06 10:57:15.171840025,26.346558272000003
2964,11.487489318181817,12.592952386363637,88.0,88.0,818.480625,48.0,2020-12-07 11:36:50.411520025,25.956111616
2965,11.447545287356322,12.59161643678161,87.0,87.0,841.0558333333333,48.0,2020-12-08 12:16:25.651200025,25.56566496
2966,11.387864318181819,12.612777272727273,88.0,88.0,,,2020-12-09 12:56:00.890880025,25.175218304
2967,11.415793068181818,12.715707613636363,88.0,88.0,793.0408333333334,48.0,2020-12-10 13:35:36.130560025,24.784771648000003
2968,11.644578505747127,12.831570344827586,87.0,87.0,805.6739583333333,48.0,2020-12-11 14:15:11.370240025,24.394324992
2969,11.554272045454546,12.758570909090908,88.0,88.0,810.7566666666667,48.0,2020-12-12 14:54:46.609920017,24.003878336
2970,11.677111724137932,12.870052988505748,87.0,87.0,801.6829166666666,48.0,2020-12-13 15:34:21.849600017,23.61343168
2971,11.753004886363636,12.855221022727273,88.0,88.0,816.0949999999999,48.0,2020-12-14 16:13:57.089280017,23.222985024000003
2972,11.456090114942528,12.577128390804598,87.0,87.0,815.6597916666666,48.0,2020-12-15 16:53:32.328960017,22.81165002322581
2973,11.425065568181818,12.561772159090909,88.0,88.0,815.0812500000001,48.0,2020-12-16 17:33:07.568640017,22.39071008
2974,11.41885625,12.610712045454546,88.0,88.0,820.7495833333334,48.0,2020-12-17 18:12:42.808320017,21.969770136774194
2975,11.499922727272727,12.660658863636364,88.0,88.0,814.9602083333334,48.0,2020-12-18 18:52:18.048000017,21.54883019354839
2976,11.434125172413793,12.59389540229885,87.0,87.0,818.366875,48.0,2020-12-19 19:31:53.287680008,21.127890250322583
2977,11.285554252873563,12.455597011494254,87.0,87.0,819.8891666666667,48.0,2020-12-20 20:11:28.527360008,20.706950307096776
2978,11.421883295454546,12.527292727272727,88.0,88.0,820.7016666666667,48.0,2020-12-21 20:51:03.767040008,20.286010363870968
2979,11.583680229885058,12.630653448275861,87.0,87.0,822.1268749999999,48.0,2020-12-22 21:30:39.006720008,19.86507042064516
2980,11.442124886363636,12.619371931818183,88.0,88.0,820.02,48.0,2020-12-23 22:10:14.246400008,19.444130477419357
2981,11.43924193181818,12.71712409090909,88.0,88.0,820.0033333333334,48.0,2020-12-24 22:49:49.486080008,19.02319053419355
2982,11.555666590909091,12.799011477272728,88.0,88.0,819.344375,48.0,2020-12-25 23:29:24.725760008,18.602250590967742
2983,11.681373448275862,12.952244712643678,87.0,87.0,814.3216666666667,48.0,2020-12-27 00:08:59.965440000,18.181310647741938
2984,11.783019425287355,13.065708390804597,87.0,87.0,816.4577083333334,48.0,2020-12-28 00:48:35.205120000,17.76037070451613
2985,11.730164772727273,12.859220681818181,88.0,88.0,819.1108333333333,48.0,2020-12-29 01:28:10.444800000,17.339430761290323
2986,11.714603295454545,12.887185227272727,88.0,88.0,820.1633333333333,48.0,2020-12-30 02:07:45.684480000,16.91849081806452
2987,11.575994772727272,12.726258068181819,88.0,88.0,815.2520833333333,48.0,2020-12-31 02:47:20.924160000,16.497550874838712
2988,11.748085000000001,12.91087159090909,88.0,88.0,813.5777083333334,48.0,2021-01-01 03:26:56.163840000,16.076610931612905
2989,11.643930344827586,12.839748505747126,87.0,87.0,811.8468750000001,48.0,2021-01-02 04:06:31.403520000,15.655670988387097
2990,11.628009431818182,12.824987727272726,88.0,88.0,812.0060416666666,48.0,2021-01-03 04:46:06.643199991,15.234731045161292
2991,11.50849415730337,12.775618876404494,89.0,89.0,813.2062500000001,48.0,2021-01-04 05:25:41.882879991,14.813791101935486
2992,11.639163522727273,12.765033522727272,88.0,88.0,816.2497916666666,48.0,2021-01-05 06:05:17.122560034,14.392851158709679
2993,11.51294735632184,12.763080574712642,87.0,87.0,808.7972916666666,48.0,2021-01-06 06:44:52.362240034,13.971911215483873
2994,11.546479540229885,12.617022873563219,87.0,87.0,813.6475,48.0,2021-01-07 07:24:27.601920025,13.550971272258066
2995,11.41053573033708,12.686629775280899,89.0,89.0,821.6710416666666,48.0,2021-01-08 08:04:02.841600025,13.13003132903226
2996,11.546123218390804,12.7521708045977,87.0,87.0,822.7049999999999,48.0,2021-01-09 08:43:38.081280025,12.709091385806452
2997,11.687488505747126,12.877928965517242,87.0,87.0,811.3302083333333,48.0,2021-01-10 09:23:13.320960025,12.288151442580647
2998,11.514508750000001,12.624405227272728,88.0,88.0,806.1635416666667,48.0,2021-01-11 10:02:48.560640025,11.86721149935484
2999,11.58892,12.715934942528737,87.0,87.0,810.8960416666667,48.0,2021-01-12 10:42:23.800320025,11.446271556129034
3000,11.538673103448275,12.670683333333333,87.0,87.0,807.2635416666667,48.0,2021-01-13 11:21:59.040000025,11.025331612903226
3001,11.481687471264367,12.686461609195403,87.0,87.0,818.2206249999999,48.0,2021-01-14 12:01:34.279680017,10.60439166967742
3002,11.519011149425287,12.605030689655173,87.0,87.0,821.9635416666666,48.0,2021-01-15 12:41:09.519360017,10.362487700645161
3003,11.466010449438201,12.621234269662923,89.0,89.0,820.4208333333332,48.0,2021-01-16 13:20:44.759040017,10.28956897032258
3004,11.520541494252873,12.644506436781608,87.0,87.0,814.335,48.0,2021-01-17 14:00:19.998720017,10.21665024
3005,11.48434275862069,12.648282873563218,87.0,87.0,813.5222916666667,48.0,2021-01-18 14:39:55.238400017,10.14373150967742
3006,11.442598651685394,12.569199999999999,89.0,89.0,816.4570833333333,48.0,2021-01-19 15:19:30.478080017,10.070812779354839
3007,11.570738620689655,12.717674137931036,87.0,87.0,818.3887500000001,48.0,2021-01-20 15:59:05.717760017,9.997894049032258
3008,11.625440344827586,12.798343333333333,87.0,87.0,816.5225,48.0,2021-01-21 16:38:40.957440008,9.924975318709677
3009,11.576283863636364,12.795131136363636,88.0,88.0,814.4954166666666,48.0,2021-01-22 17:18:16.197120008,9.852056588387097
3010,11.581481704545455,12.7692975,88.0,88.0,816.0429166666667,48.0,2021-01-23 17:57:51.436800008,9.779137858064516
3011,11.625876551724138,12.79268,87.0,87.0,817.3779166666667,48.0,2021-01-24 18:37:26.676480008,9.706219127741935
3012,11.537221609195402,12.728931724137931,87.0,87.0,814.4754166666667,48.0,2021-01-25 19:17:01.916160008,9.633300397419355
3013,11.702211494252873,12.929735977011495,87.0,87.0,814.8606249999999,48.0,2021-01-26 19:56:37.155840008,9.560381667096774
3014,11.736340681818183,12.858711363636365,88.0,88.0,819.5314583333334,48.0,2021-01-27 20:36:12.395520008,9.487462936774193
3015,11.778898735632184,12.934986896551724,87.0,87.0,810.1735416666667,48.0,2021-01-28 21:15:47.635200000,9.414544206451612
3016,11.581728764044945,12.76873820224719,89.0,89.0,804.8802083333334,48.0,2021-01-29 21:55:22.874880000,9.341625476129032
3017,11.636664022988505,12.860663678160918,87.0,87.0,808.1897916666667,48.0,2021-01-30 22:34:58.114560000,9.268706745806451
3018,11.580993636363637,12.748335454545456,88.0,88.0,807.0464583333334,48.0,2021-01-31 23:14:33.354240000,9.19578801548387
3019,11.490789204545454,12.699464659090909,88.0,88.0,816.1377083333333,48.0,2021-02-01 23:54:08.593920000,9.12286928516129
3020,11.744925862068966,12.87451264367816,87.0,87.0,816.986875,48.0,2021-02-03 00:33:43.833600000,9.04995055483871
3021,11.43541808988764,12.559918764044944,89.0,89.0,812.9943750000001,48.0,2021-02-04 01:13:19.073280000,8.977031824516128
3022,11.540972988505747,12.66627264367816,87.0,87.0,814.8102083333333,48.0,2021-02-05 01:52:54.312959991,8.904113094193548
3023,11.298173409090909,12.416294772727271,88.0,88.0,819.5658333333334,48.0,2021-02-06 02:32:29.552639991,8.831194363870967
3024,11.522841264367816,12.709669540229886,87.0,87.0,817.7864583333334,48.0,2021-02-07 03:12:04.792319991,8.758275633548386
3025,11.440922873563219,12.726513218390805,87.0,87.0,826.4614583333333,48.0,2021-02-08 03:51:40.032000034,8.685356903225806
3026,11.463886136363637,12.660474204545455,88.0,88.0,824.331875,48.0,2021-02-09 04:31:15.271680025,8.612438172903225
3027,11.453997272727273,12.646279545454545,88.0,88.0,821.0437499999999,48.0,2021-02-10 05:10:50.511360025,8.539519442580644
3028,11.491568522727272,12.55978409090909,88.0,88.0,817.66375,48.0,2021-02-11 05:50:25.751040025,8.466600712258064
3029,11.293508850574712,12.431484482758622,87.0,87.0,821.4479166666666,48.0,2021-02-12 06:30:00.990720025,8.393681981935483
3030,11.33704125,12.40016215909091,88.0,88.0,823.3635416666666,48.0,2021-02-13 07:09:36.230400025,8.320763251612902
3031,11.366486136363635,12.432253068181819,88.0,88.0,827.3477083333333,48.0,2021-02-14 07:49:11.470080025,8.247844521290322
3032,11.399009886363636,12.542035227272727,88.0,88.0,824.8827083333334,48.0,2021-02-15 08:28:46.709760025,8.313566628571428
3033,11.396641022727273,12.525918636363635,88.0,88.0,818.7674999999999,48.0,2021-02-16 09:08:21.949440017,8.643831657142856
3034,11.387591149425287,12.600011379310345,87.0,87.0,824.3985416666666,48.0,2021-02-17 09:47:57.189120017,8.974096685714285
3035,11.555690697674418,12.689729069767443,86.0,86.0,823.6822916666666,48.0,2021-02-18 10:27:32.428800017,9.304361714285713
3036,11.349777613636364,12.477278863636364,88.0,88.0,827.0708333333333,48.0,2021-02-19 11:07:07.668480017,9.634626742857142
3037,11.416577954545454,12.548126931818182,88.0,88.0,826.0927083333332,48.0,2021-02-20 11:46:42.908160017,9.96489177142857
3038,11.531394482758621,12.676456091954023,87.0,87.0,820.6641666666666,48.0,2021-02-21 12:26:18.147840017,10.295156799999999
3039,11.536522613636363,12.70677159090909,88.0,88.0,821.8985416666666,48.0,2021-02-22 13:05:53.387520017,10.625421828571428
3040,11.687313372093024,12.84110488372093,86.0,86.0,821.7552083333334,48.0,2021-02-23 13:45:28.627200008,10.955686857142856
3041,11.646623333333332,12.856050459770115,87.0,87.0,821.73,48.0,2021-02-24 14:25:03.866880008,11.285951885714285
3042,11.50866965909091,12.769772386363638,88.0,88.0,817.1097916666666,48.0,2021-02-25 15:04:39.106560008,11.616216914285713
3043,11.243905113636364,12.454666477272726,88.0,88.0,826.865625,48.0,2021-02-26 15:44:14.346240008,11.946481942857142
3044,11.50412459770115,12.602000344827585,87.0,87.0,826.4433333333333,48.0,2021-02-27 16:23:49.585920008,12.27674697142857
3045,11.279643636363637,12.3935475,88.0,88.0,821.9077083333333,48.0,2021-02-28 17:03:24.825600008,12.607012
3046,11.065597078651685,12.216390112359552,89.0,89.0,832.1027083333333,48.0,2021-03-01 17:43:00.065280008,12.937277028571428
3047,11.339180229885057,12.560129080459772,87.0,87.0,838.4635416666666,48.0,2021-03-02 18:22:35.304960000,13.267542057142856
3048,11.392449659090909,12.41152034090909,88.0,88.0,830.2297916666666,48.0,2021-03-03 19:02:10.544640000,13.597807085714285
3049,11.259847126436782,12.273308850574711,87.0,87.0,825.0929166666666,48.0,2021-03-04 19:41:45.784320000,13.928072114285714
3050,11.15856448275862,12.181958505747128,87.0,87.0,838.2752083333334,48.0,2021-03-05 20:21:21.024000000,14.258337142857142
3051,11.213384712643679,12.250040459770116,87.0,87.0,828.3291666666668,48.0,2021-03-06 21:00:56.263680000,14.58860217142857
3052,10.962379318181819,11.938394431818182,88.0,88.0,837.7049999999999,48.0,2021-03-07 21:40:31.503360000,14.918867199999998
3053,10.98602735632184,11.971131954022988,87.0,87.0,830.36875,48.0,2021-03-08 22:20:06.743040000,15.249132228571426
3054,10.963446136363636,11.891817045454546,88.0,88.0,835.604375,48.0,2021-03-09 22:59:41.982720000,15.579397257142855
3055,11.179328181818182,12.058791136363636,88.0,88.0,836.8312500000001,48.0,2021-03-10 23:39:17.222399991,15.909662285714283
3056,11.17078988505747,12.10327988505747,87.0,87.0,837.0272916666667,48.0,2021-03-12 00:18:52.462080034,16.239927314285715
3057,11.034851931818181,11.882007386363636,88.0,88.0,834.8004166666666,48.0,2021-03-13 00:58:27.701760034,16.57019234285714
3058,,,,,835.0822916666666,48.0,2021-03-14 01:38:02.941440025,16.900457371428573
3059,11.02317459770115,12.039073333333334,87.0,87.0,835.6060416666666,48.0,2021-03-15 02:17:38.181120025,17.222507736774194
3060,11.168017816091954,12.08074643678161,87.0,87.0,840.28375,48.0,2021-03-16 02:57:13.420800025,17.464465341935483
3061,11.042542988505748,11.890917241379311,87.0,87.0,835.0233333333334,48.0,2021-03-17 03:36:48.660480025,17.706422947096772
3062,11.038196091954024,11.80721459770115,87.0,87.0,840.4200000000001,48.0,2021-03-18 04:16:23.900160025,17.948380552258065
3063,11.064644883720929,11.907858372093024,86.0,86.0,838.4670833333333,48.0,2021-03-19 04:55:59.139840025,18.190338157419355
3064,10.995986477272726,11.868145909090911,88.0,88.0,832.3697916666666,48.0,2021-03-20 05:35:34.379520025,18.432295762580644
3065,11.055921704545455,11.979674886363636,88.0,88.0,836.52625,48.0,2021-03-21 06:15:09.619200017,18.674253367741933
3066,11.150774712643678,12.032993333333334,87.0,87.0,829.313125,48.0,2021-03-22 06:54:44.858880017,18.916210972903226
3067,11.191776477272727,12.163555113636363,88.0,88.0,835.620625,48.0,2021-03-23 07:34:20.098560017,19.158168578064515
3068,11.20021409090909,12.150934772727272,88.0,88.0,847.2674999999999,48.0,2021-03-24 08:13:55.338240017,19.400126183225805
3069,11.235549885057472,12.27138528735632,87.0,87.0,834.8641666666667,48.0,2021-03-25 08:53:30.577920017,19.642083788387097
3070,11.228141976744187,12.321663720930234,86.0,86.0,843.3129166666666,48.0,2021-03-26 09:33:05.817600017,19.884041393548387
3071,11.197863409090909,12.146668181818182,88.0,88.0,838.910625,48.0,2021-03-27 10:12:41.057280017,20.125998998709676
3072,10.965323908045976,11.920884252873563,87.0,87.0,841.7475,48.0,2021-03-28 10:52:16.296960017,20.36795660387097
3073,10.755063977272727,11.556342386363637,88.0,88.0,853.3639583333334,48.0,2021-03-29 11:31:51.536640008,20.609914209032258
3074,10.892773409090909,11.882177613636365,88.0,88.0,846.0420833333333,48.0,2021-03-30 12:11:26.776320008,20.851871814193547
3075,11.310691363636364,12.3561,88.0,88.0,846.3874999999999,48.0,2021-03-31 12:51:02.016000008,21.09382941935484
3076,11.117566206896552,12.150328390804596,87.0,87.0,844.8927083333333,48.0,2021-04-01 13:30:37.255680008,21.33578702451613
3077,10.832732386363636,11.72538693181818,88.0,88.0,847.7552083333334,48.0,2021-04-02 14:10:12.495360008,21.57774462967742
3078,10.777262528735632,11.773491494252873,87.0,87.0,847.2210416666667,48.0,2021-04-03 14:49:47.735040008,21.819702234838708
3079,11.025973522727272,11.936084772727272,88.0,88.0,849.026875,48.0,2021-04-04 15:29:22.974720008,22.06165984
3080,11.295726363636364,12.16800159090909,88.0,88.0,850.8885416666667,48.0,2021-04-05 16:08:58.214400000,22.30361744516129
3081,11.113538636363636,12.174040000000002,88.0,88.0,852.6231250000001,48.0,2021-04-06 16:48:33.454080000,22.54557505032258
3082,11.208078181818182,12.262370909090908,88.0,88.0,852.9356250000001,48.0,2021-04-07 17:28:08.693760000,22.787532655483872
3083,11.206415454545455,12.320157272727272,88.0,88.0,850.6914583333333,48.0,2021-04-08 18:07:43.933440000,23.02949026064516
3084,11.293619885057472,12.325045862068965,87.0,87.0,847.3870833333334,48.0,2021-04-09 18:47:19.173120000,23.27144786580645
3085,11.213294886363636,12.273591818181819,88.0,88.0,853.4081249999999,48.0,2021-04-10 19:26:54.412800000,23.51340547096774
3086,11.370687471264368,12.460831724137932,87.0,87.0,855.0375,48.0,2021-04-11 20:06:29.652480000,23.755363076129033
3087,11.20723,12.305357613636364,88.0,88.0,855.9325,48.0,2021-04-12 20:46:04.892159991,23.997320681290322
3088,11.176373636363637,12.11342534090909,88.0,88.0,845.3639583333334,48.0,2021-04-13 21:25:40.131839991,24.239278286451615
3089,10.988920681818183,12.037017272727274,88.0,88.0,849.1310416666666,48.0,2021-04-14 22:05:15.371520034,24.481235891612904
3090,11.013865747126436,12.053211724137931,87.0,87.0,846.4710416666667,48.0,2021-04-15 22:44:50.611200034,24.39574112
3091,10.988247078651685,12.07306775280899,89.0,89.0,852.5652083333333,48.0,2021-04-16 23:24:25.850880025,24.282717088
3092,11.289858850574712,12.332233793103448,87.0,87.0,860.8020833333334,48.0,2021-04-18 00:04:01.090560025,24.169693056
3093,11.38388551724138,12.431219195402297,87.0,87.0,852.2289583333333,48.0,2021-04-19 00:43:36.330240025,24.056669024
3094,11.425966206896552,12.380293333333334,87.0,87.0,857.5524999999999,48.0,2021-04-20 01:23:11.569920025,23.943644992
3095,11.292634712643677,12.369828390804598,87.0,87.0,856.910625,48.0,2021-04-21 02:02:46.809600025,23.83062096
3096,11.460961797752809,12.574250786516854,89.0,89.0,854.09875,48.0,2021-04-22 02:42:22.049280025,23.717596928
3097,11.335855681818181,12.395386363636364,88.0,88.0,859.6237500000001,48.0,2021-04-23 03:21:57.288960025,23.604572896
3098,11.238406818181817,12.320786136363637,88.0,88.0,859.4991666666666,48.0,2021-04-24 04:01:32.528640017,23.491548864
3099,11.279175681818181,12.369932386363637,88.0,88.0,864.2791666666667,48.0,2021-04-25 04:41:07.768320017,23.378524832
3100,11.326777272727272,12.353299545454545,88.0,88.0,863.3004166666666,48.0,2021-04-26 05:20:43.008000017,23.265500799999998
3101,11.33431284090909,12.459218522727271,88.0,88.0,858.760625,48.0,2021-04-27 06:00:18.247680017,23.152476768
3102,11.395377241379311,12.452290574712643,87.0,87.0,858.5804166666667,48.0,2021-04-28 06:39:53.487360017,23.039452736
3103,11.285656022727274,12.411995227272728,88.0,88.0,864.976875,48.0,2021-04-29 07:19:28.727040017,22.926428704
3104,11.367397816091954,12.433891264367817,87.0,87.0,862.054375,48.0,2021-04-30 07:59:03.966720017,22.813404672
3105,11.267595842696629,12.269883033707867,89.0,89.0,860.7595833333334,48.0,2021-05-01 08:38:39.206400008,22.70038064
3106,11.297220459770115,12.396958850574713,87.0,87.0,864.0643749999999,48.0,2021-05-02 09:18:14.446080008,22.587356608
3107,11.415167528089889,12.49429775280899,89.0,89.0,861.5172916666667,48.0,2021-05-03 09:57:49.685760008,22.474332576
3108,11.430630681818181,12.443482045454545,88.0,88.0,858.390625,48.0,2021-05-04 10:37:24.925440008,22.361308544
3109,11.311723793103448,12.446894827586208,87.0,87.0,868.64,48.0,2021-05-05 11:17:00.165120008,22.248284511999998
3110,11.353730459770114,12.41324356321839,87.0,87.0,863.459375,48.0,2021-05-06 11:56:35.404800008,22.13526048
3111,11.257546022727272,12.291708522727275,88.0,88.0,865.4043750000001,48.0,2021-05-07 12:36:10.644480008,22.022236448
3112,11.149399431818182,12.250559659090909,88.0,88.0,858.34,48.0,2021-05-08 13:15:45.884159999,21.909212416
3113,11.25950091954023,12.20847103448276,87.0,87.0,857.553125,48.0,2021-05-09 13:55:21.123840000,21.796188384
3114,11.231601954022988,12.253950459770113,87.0,87.0,863.9425,48.0,2021-05-10 14:34:56.363520000,21.683164352
3115,11.137491264367815,12.086146781609196,87.0,87.0,867.2835416666667,48.0,2021-05-11 15:14:31.603200000,21.57014032
3116,10.829597727272727,11.715945909090909,88.0,88.0,861.0245833333333,48.0,2021-05-12 15:54:06.842880000,21.457116287999998
3117,11.045875795454545,11.983589886363637,88.0,88.0,864.4585416666667,48.0,2021-05-13 16:33:42.082560000,21.344092256
3118,11.216987701149424,12.137645057471264,87.0,87.0,867.5964583333333,48.0,2021-05-14 17:13:17.322240000,21.231068223999998
3119,11.156572528735632,12.220664712643678,87.0,87.0,871.3008333333333,48.0,2021-05-15 17:52:52.561919991,21.291329052903226
3120,11.202111839080459,12.253001954022988,87.0,87.0,863.6152083333333,48.0,2021-05-16 18:32:27.801600034,21.417279587096772
3121,11.325039431818182,12.308791022727274,88.0,88.0,865.374375,48.0,2021-05-17 19:12:03.041280034,21.54323012129032
3122,11.426377727272728,12.370126590909091,88.0,88.0,871.2435416666667,48.0,2021-05-18 19:51:38.280960034,21.66918065548387
3123,11.390571609195403,12.556187931034483,87.0,87.0,871.6572916666668,48.0,2021-05-19 20:31:13.520640025,21.79513118967742
3124,11.522556704545455,12.712031363636363,88.0,88.0,875.8660416666667,48.0,2021-05-20 21:10:48.760320025,21.921081723870966
3125,11.652580568181817,12.690255568181819,88.0,88.0,870.7589583333333,48.0,2021-05-21 21:50:24.000000025,22.047032258064515
3126,11.586663863636364,12.724398977272728,88.0,88.0,872.611875,48.0,2021-05-22 22:29:59.239680025,22.172982792258065
3127,11.72264852272727,12.849585227272728,88.0,88.0,869.4727083333333,48.0,2021-05-23 23:09:34.479360025,22.29893332645161
3128,11.605008965517241,12.791104367816093,87.0,87.0,874.8033333333333,48.0,2021-05-24 23:49:09.719040025,22.42488386064516
3129,11.644850681818182,12.811529204545453,88.0,88.0,876.211875,48.0,2021-05-26 00:28:44.958720025,22.55083439483871
3130,11.724594545454545,12.858110795454547,88.0,88.0,873.8704166666666,48.0,2021-05-27 01:08:20.198400017,22.67678492903226
3131,11.68553091954023,12.83225459770115,87.0,87.0,874.8079166666666,48.0,2021-05-28 01:47:55.438080017,22.802735463225805
3132,11.642376477272727,12.796101136363637,88.0,88.0,872.18375,48.0,2021-05-29 02:27:30.677760017,22.928685997419354
3133,11.531215000000001,12.608330113636363,88.0,88.0,872.9564583333334,48.0,2021-05-30 03:07:05.917440017,23.054636531612903
3134,11.491343181818182,12.54574090909091,88.0,88.0,872.90875,48.0,2021-05-31 03:46:41.157120017,23.180587065806453
3135,11.515858977272726,12.608513863636365,88.0,88.0,867.7481250000001,48.0,2021-06-01 04:26:16.396800017,23.3065376
3136,11.322782413793105,12.375777816091952,87.0,87.0,869.491875,48.0,2021-06-02 05:05:51.636480017,23.432488134193548
3137,11.346039195402298,12.292159655172414,87.0,87.0,871.125625,48.0,2021-06-03 05:45:26.876160008,23.558438668387097
3138,11.197653522727272,12.157389886363637,88.0,88.0,864.5691666666667,48.0,2021-06-04 06:25:02.115840008,23.684389202580647
3139,11.009807865168538,11.989409550561797,89.0,89.0,874.478125,48.0,2021-06-05 07:04:37.355520008,23.810339736774193
3140,11.224376896551725,12.255586781609194,87.0,87.0,872.0027083333333,48.0,2021-06-06 07:44:12.595200008,23.936290270967742
3141,11.276455795454545,12.327754999999998,88.0,88.0,878.4025,48.0,2021-06-07 08:23:47.834880008,24.06224080516129
3142,11.435540689655172,12.42751183908046,87.0,87.0,875.991875,48.0,2021-06-08 09:03:23.074560008,24.188191339354837
3143,11.260437586206896,12.202598505747126,87.0,87.0,871.3395833333334,48.0,2021-06-09 09:42:58.314240008,24.314141873548387
3144,11.06963,12.092182045454546,88.0,88.0,867.3160416666666,48.0,2021-06-10 10:22:33.553920000,24.440092407741936
3145,11.033454204545455,12.078774318181816,88.0,88.0,881.1818750000001,48.0,2021-06-11 11:02:08.793600000,24.566042941935486
3146,11.066900459770114,12.05610528735632,87.0,87.0,870.9254166666666,48.0,2021-06-12 11:41:44.033280000,24.69199347612903
3147,11.169661954022988,12.244952528735633,87.0,87.0,876.93375,48.0,2021-06-13 12:21:19.272960000,24.81794401032258
3148,11.165492643678162,12.226824137931034,87.0,87.0,877.28875,48.0,2021-06-14 13:00:54.512640000,24.94389454451613
3149,11.226326704545455,12.239037386363636,88.0,88.0,873.2516666666667,48.0,2021-06-15 13:40:29.752320000,25.176634528
3150,11.143575795454545,12.17242659090909,88.0,88.0,879.521875,48.0,2021-06-16 14:20:04.992000000,25.4951568
3151,11.201924827586208,12.13152091954023,87.0,87.0,870.4191666666667,48.0,2021-06-17 14:59:40.231679991,25.813679072
3152,10.879400786516854,11.757062584269663,89.0,89.0,875.7360416666667,48.0,2021-06-18 15:39:15.471359991,26.132201344
3153,11.087444252873563,12.021449080459771,87.0,87.0,877.7139583333333,48.0,2021-06-19 16:18:50.711040034,26.450723615999998
3154,11.298120804597701,12.270238850574714,87.0,87.0,871.8395833333334,48.0,2021-06-20 16:58:25.950720034,26.769245888
3155,11.257741136363636,12.307584659090908,88.0,88.0,870.990625,48.0,2021-06-21 17:38:01.190400025,27.08776816
3156,11.260363977272727,12.391214318181818,88.0,88.0,871.4304166666667,48.0,2021-06-22 18:17:36.430080025,27.406290432
3157,11.255850454545454,12.381018636363637,88.0,88.0,870.7833333333333,48.0,2021-06-23 18:57:11.669760025,27.724812703999998
3158,11.254094659090908,12.354263181818181,88.0,88.0,869.905625,48.0,2021-06-24 19:36:46.909440025,28.043334976
3159,11.188170795454546,12.335980113636365,88.0,88.0,868.834375,48.0,2021-06-25 20:16:22.149120025,28.361857248
3160,11.272277954545455,12.294362045454545,88.0,88.0,865.569375,48.0,2021-06-26 20:55:57.388800025,28.68037952
3161,11.294076162790699,12.291213953488372,86.0,86.0,864.275,48.0,2021-06-27 21:35:32.628480025,28.998901791999998
3162,10.932745505617978,11.898466629213482,89.0,89.0,865.1541666666667,48.0,2021-06-28 22:15:07.868160017,29.317424064
3163,11.193965172413792,12.143970229885056,87.0,87.0,865.5897916666667,48.0,2021-06-29 22:54:43.107840017,29.635946335999996
3164,11.151170340909092,12.118633636363636,88.0,88.0,868.333125,48.0,2021-06-30 23:34:18.347520017,29.954468608
3165,11.184555632183908,12.208632183908048,87.0,87.0,864.2052083333333,48.0,2021-07-02 00:13:53.587200017,30.27299088
3166,11.053835795454546,12.103549886363636,88.0,88.0,871.5710416666667,48.0,2021-07-03 00:53:28.826880017,30.591513151999997
3167,11.106620113636364,12.17087590909091,88.0,88.0,860.7429166666667,48.0,2021-07-04 01:33:04.066560017,30.910035424
3168,10.941345681818182,11.902737386363638,88.0,88.0,860.6170833333334,48.0,2021-07-05 02:12:39.306240017,31.228557696
3169,10.913611363636363,11.815210568181818,88.0,88.0,871.783125,48.0,2021-07-06 02:52:14.545920008,31.547079968
3170,11.007895287356321,11.94578827586207,87.0,87.0,869.4533333333334,48.0,2021-07-07 03:31:49.785600008,31.865602239999998
3171,11.17958340909091,12.022819659090908,88.0,88.0,862.4725,48.0,2021-07-08 04:11:25.025280008,32.184124512
3172,11.102051590909092,12.05118715909091,88.0,88.0,867.126875,48.0,2021-07-09 04:51:00.264960008,32.502646784
3173,11.097126363636363,12.015902727272726,88.0,88.0,858.9208333333332,48.0,2021-07-10 05:30:35.504640008,32.821169055999995
3174,11.188253636363637,12.183322386363637,88.0,88.0,865.361875,48.0,2021-07-11 06:10:10.744320008,33.139691328
3175,11.310924431818181,12.257847954545456,88.0,88.0,866.45375,48.0,2021-07-12 06:49:45.984000008,33.45821359999999
3176,11.424623793103448,12.368460459770114,87.0,87.0,863.5722916666667,48.0,2021-07-13 07:29:21.223679999,33.776735871999996
3177,11.249281022727272,12.300812954545455,88.0,88.0,866.1145833333334,48.0,2021-07-14 08:08:56.463360000,34.095258144
3178,11.346316741573034,12.355079325842697,89.0,89.0,860.730625,48.0,2021-07-15 08:48:31.703040000,34.15437053935484
3179,11.478633333333335,12.471522298850575,87.0,87.0,858.405625,48.0,2021-07-16 09:28:06.942720000,33.746688547096774
3180,11.394126436781608,12.402364137931034,87.0,87.0,859.5083333333333,48.0,2021-07-17 10:07:42.182400000,33.339006554838704
3181,11.197821022727272,12.196394772727274,88.0,88.0,864.9845833333334,48.0,2021-07-18 10:47:17.422080000,32.93132456258064
3182,10.908788863636364,11.886673863636362,88.0,88.0,861.571875,48.0,2021-07-19 11:26:52.661760000,32.52364257032258
3183,10.991123448275863,11.832573563218391,87.0,87.0,858.678125,48.0,2021-07-20 12:06:27.901439991,32.11596057806452
3184,10.532026404494383,11.299097078651686,89.0,89.0,853.8827083333334,48.0,2021-07-21 12:46:03.141120034,31.70827858580645
3185,10.435214137931034,11.214617701149425,87.0,87.0,868.0281249999999,48.0,2021-07-22 13:25:38.380800034,31.300596593548384
3186,10.529295057471264,11.26233459770115,87.0,87.0,854.7085416666667,48.0,2021-07-23 14:05:13.620480034,30.89291460129032
3187,10.570897272727272,11.343030795454546,88.0,88.0,856.4391666666667,48.0,2021-07-24 14:44:48.860160025,30.485232609032256
3188,10.544662272727273,11.285804772727273,88.0,88.0,856.0475,48.0,2021-07-25 15:24:24.099840025,30.077550616774193
3189,10.463564252873564,11.22063816091954,87.0,87.0,855.084375,48.0,2021-07-26 16:03:59.339520025,29.669868624516127
3190,10.744493218390804,11.534853333333333,87.0,87.0,855.6645833333333,48.0,2021-07-27 16:43:34.579200025,29.262186632258064
3191,10.99716275862069,11.875564597701148,87.0,87.0,851.4470833333334,48.0,2021-07-28 17:23:09.818880025,28.85450464
3192,11.110623181818182,12.042601136363636,88.0,88.0,849.3495833333333,48.0,2021-07-29 18:02:45.058560025,28.446822647741932
3193,11.205480344827587,12.22281528735632,87.0,87.0,847.9725,48.0,2021-07-30 18:42:20.298240025,28.03914065548387
3194,11.148832988505747,12.194255977011496,87.0,87.0,853.1735416666667,48.0,2021-07-31 19:21:55.537920017,27.631458663225807
3195,11.089152727272728,12.148923522727273,88.0,88.0,850.64,48.0,2021-08-01 20:01:30.777600017,27.22377667096774
3196,11.045837816091954,11.983735862068965,87.0,87.0,850.7316666666667,48.0,2021-08-02 20:41:06.017280017,26.816094678709675
3197,10.990277613636364,11.93961125,88.0,88.0,848.2835416666667,48.0,2021-08-03 21:20:41.256960017,26.408412686451612
3198,11.128869425287355,12.005186666666669,87.0,87.0,845.2570833333334,48.0,2021-08-04 22:00:16.496640017,26.00073069419355
3199,11.07241534090909,12.002470568181819,88.0,88.0,848.5547916666666,48.0,2021-08-05 22:39:51.736320017,25.593048701935484
3200,11.237593793103448,12.183798275862069,87.0,87.0,845.8860416666666,48.0,2021-08-06 23:19:26.976000017,25.185366709677417
3201,11.176396896551724,12.21150816091954,87.0,87.0,853.2810416666666,48.0,2021-08-07 23:59:02.215680008,24.777684717419355
3202,11.158745,12.277120681818182,88.0,88.0,842.3214583333333,48.0,2021-08-09 00:38:37.455360008,24.370002725161292
3203,11.339432528735632,12.304607701149425,87.0,87.0,838.839375,48.0,2021-08-10 01:18:12.695040008,23.962320732903226
3204,11.229597954545454,12.235016477272728,88.0,88.0,837.3347916666667,48.0,2021-08-11 01:57:47.934720008,23.55463874064516
3205,11.249779204545455,12.310707727272728,88.0,88.0,835.4318750000001,48.0,2021-08-12 02:37:23.174400008,23.146956748387097
3206,11.224520681818182,12.295819204545454,88.0,88.0,839.5008333333334,48.0,2021-08-13 03:16:58.414080008,22.739274756129035
3207,11.335683333333332,12.33265287356322,87.0,87.0,837.7954166666667,48.0,2021-08-14 03:56:33.653760008,22.33159276387097
3208,11.37345091954023,12.354430804597701,87.0,87.0,832.0947916666668,48.0,2021-08-15 04:36:08.893440000,22.181253202580645
3209,11.326688636363636,12.339241022727272,88.0,88.0,835.3427083333332,48.0,2021-08-16 05:15:44.133120000,23.15239811096774
3210,11.342232954545453,12.340723977272727,88.0,88.0,830.2522916666667,48.0,2021-08-17 05:55:19.372800000,24.123543019354837
3211,11.24206784090909,12.245734999999998,88.0,88.0,828.23,48.0,2021-08-18 06:34:54.612480000,25.094687927741937
3212,11.376858390804598,12.365161609195404,87.0,87.0,829.646875,48.0,2021-08-19 07:14:29.852160000,26.065832836129033
3213,11.1638,12.181389425287357,87.0,87.0,821.0235416666666,48.0,2021-08-20 07:54:05.091840000,27.03697774451613
3214,11.201917011494253,12.350932413793105,87.0,87.0,831.8610416666667,48.0,2021-08-21 08:33:40.331520000,28.008122652903225
3215,11.168079545454546,12.148505795454547,88.0,88.0,822.5875,48.0,2021-08-22 09:13:15.571199991,28.97926756129032
3216,11.060283522727273,12.088306704545454,88.0,88.0,826.3683333333333,48.0,2021-08-23 09:52:50.810879991,29.950412469677417
3217,11.204058977272727,12.164792272727272,88.0,88.0,820.0343750000001,48.0,2021-08-24 10:32:26.050560034,30.921557378064513
3218,11.235291379310345,12.245120229885059,87.0,87.0,826.6720833333334,48.0,2021-08-25 11:12:01.290240034,31.892702286451613
3219,11.24859125,12.280784204545455,88.0,88.0,821.3893750000001,48.0,2021-08-26 11:51:36.529920025,32.86384719483871
3220,10.984092727272726,11.864551704545454,88.0,88.0,820.2652083333334,48.0,2021-08-27 12:31:11.769600025,33.8349921032258
3221,10.951359534883721,11.734498255813953,86.0,86.0,813.6870833333334,48.0,2021-08-28 13:10:47.009280025,34.806137011612904
3222,10.80615011235955,11.537321123595506,89.0,89.0,820.8485416666667,48.0,2021-08-29 13:50:22.248960025,35.77728192
3223,10.755542386363636,11.561706136363636,88.0,88.0,814.7279166666667,48.0,2021-08-30 14:29:57.488640025,36.748426828387096
3224,10.890806477272728,11.777025340909091,88.0,88.0,815.093125,48.0,2021-08-31 15:09:32.728320025,37.71957173677419
3225,11.022017386363636,11.87378090909091,88.0,88.0,813.6341666666667,48.0,2021-09-01 15:49:07.968000025,38.69071664516129
3226,11.013377586206897,11.938235172413792,87.0,87.0,810.4139583333334,48.0,2021-09-02 16:28:43.207680017,39.661861553548384
3227,10.993975568181817,11.818245568181817,88.0,88.0,806.7062500000001,48.0,2021-09-03 17:08:18.447360017,40.63300646193548
3228,11.005506818181818,11.964571022727272,88.0,88.0,802.1739583333333,48.0,2021-09-04 17:47:53.687040017,41.60415137032258
3229,11.117398522727273,12.044041477272726,88.0,88.0,809.94375,48.0,2021-09-05 18:27:28.926720017,42.57529627870967
3230,11.327230340909091,12.173645454545454,88.0,88.0,809.5208333333334,48.0,2021-09-06 19:07:04.166400017,43.546441187096775
3231,11.227522528735632,12.214844597701148,87.0,87.0,803.171875,48.0,2021-09-07 19:46:39.406080017,44.517586095483864
3232,11.300268255813954,12.26710534883721,86.0,86.0,800.7504166666666,48.0,2021-09-08 20:26:14.645760017,45.48873100387097
3233,11.096994204545455,11.99727318181818,88.0,88.0,798.6320833333333,48.0,2021-09-09 21:05:49.885440008,46.45987591225806
3234,11.052981136363636,11.889410568181818,88.0,88.0,796.1991666666667,48.0,2021-09-10 21:45:25.125120008,47.43102082064516
3235,11.106717011494254,11.985741724137931,87.0,87.0,807.4883333333333,48.0,2021-09-11 22:25:00.364800008,48.402165729032255
3236,11.076171136363637,11.943956704545455,88.0,88.0,798.5524999999999,48.0,2021-09-12 23:04:35.604480008,49.37331063741935
3237,11.04137643678161,11.929506666666667,87.0,87.0,799.990625,48.0,2021-09-13 23:44:10.844160008,50.34445554580645
3238,10.982921818181818,11.862822954545454,88.0,88.0,785.7935416666668,48.0,2021-09-15 00:23:46.083840008,51.29235240533333
3239,11.086101022727274,11.981851363636364,88.0,88.0,794.0141666666667,48.0,2021-09-16 01:03:21.323520008,50.81628148266666
3240,11.257471379310344,12.100739540229885,87.0,87.0,793.3325,48.0,2021-09-17 01:42:56.563200000,50.340210559999996
3241,11.206071264367816,12.03790367816092,87.0,87.0,794.3552083333334,48.0,2021-09-18 02:22:31.802880000,49.86413963733333
3242,11.141708068181819,11.927427045454545,88.0,88.0,793.624375,48.0,2021-09-19 03:02:07.042560000,49.388068714666666
3243,10.966059090909091,11.786758863636363,88.0,88.0,795.6035416666667,48.0,2021-09-20 03:41:42.282240000,48.911997791999994
3244,11.136777093023255,11.984824418604651,86.0,86.0,790.3795833333334,48.0,2021-09-21 04:21:17.521920000,48.43592686933333
3245,10.959340113636364,11.823499772727272,88.0,88.0,790.9641666666666,48.0,2021-09-22 05:00:52.761600000,47.959855946666664
3246,10.87471,11.848717386363637,88.0,88.0,788.6258333333334,48.0,2021-09-23 05:40:28.001280000,47.483785024
3247,10.957639659090908,11.871707500000001,88.0,88.0,780.2904166666667,48.0,2021-09-24 06:20:03.240959991,47.007714101333335
3248,10.867134431818181,11.574935795454545,88.0,88.0,788.30625,48.0,2021-09-25 06:59:38.480640034,46.53164317866666
3249,10.737082954545455,11.573759204545455,88.0,88.0,787.8860416666666,48.0,2021-09-26 07:39:13.720320034,46.055572256
3250,10.767202988505748,11.573954367816093,87.0,87.0,784.3710416666667,48.0,2021-09-27 08:18:48.960000034,45.57950133333333
3251,10.850704318181819,11.630020454545456,88.0,88.0,782.9164583333333,48.0,2021-09-28 08:58:24.199680025,45.10343041066666
3252,10.931513181818183,11.811881022727272,88.0,88.0,778.8133333333334,48.0,2021-09-29 09:37:59.439360025,44.627359487999996
3253,10.999337126436782,12.03117356321839,87.0,87.0,776.5514583333334,48.0,2021-09-30 10:17:34.679040025,44.15128856533333
3254,10.987023977272727,11.97797318181818,88.0,88.0,778.8337499999999,48.0,2021-10-01 10:57:09.918720025,43.67521764266667
3255,11.02910034090909,11.98689965909091,88.0,88.0,776.3381250000001,48.0,2021-10-02 11:36:45.158400025,43.19914672
3256,11.135663953488372,12.166683488372092,86.0,86.0,778.4583333333334,48.0,2021-10-03 12:16:20.398080025,42.72307579733333
3257,11.112591477272728,12.110265,88.0,88.0,768.4679166666666,48.0,2021-10-04 12:55:55.637760025,42.247004874666665
3258,11.164430568181817,12.17277125,88.0,88.0,767.6906250000001,48.0,2021-10-05 13:35:30.877440017,41.770933952
3259,11.064491363636364,12.088449318181818,88.0,88.0,767.4166666666666,48.0,2021-10-06 14:15:06.117120017,41.29486302933333
3260,11.096197816091953,12.09507908045977,87.0,87.0,767.4672916666667,48.0,2021-10-07 14:54:41.356800017,40.81879210666666
3261,11.122141379310346,11.988765632183908,87.0,87.0,767.1925,48.0,2021-10-08 15:34:16.596480017,40.342721184
3262,10.879081704545454,11.70558125,88.0,88.0,765.5845833333333,48.0,2021-10-09 16:13:51.836160017,39.866650261333334
3263,10.837321034482759,11.619113333333333,87.0,87.0,764.490625,48.0,2021-10-10 16:53:27.075840017,39.39057933866667
3264,10.879885227272727,11.714868749999999,88.0,88.0,762.2204166666667,48.0,2021-10-11 17:33:02.315520017,38.914508416
3265,10.778054886363636,11.686962840909091,88.0,88.0,764.6845833333333,48.0,2021-10-12 18:12:37.555200008,38.43843749333333
3266,10.992226666666667,11.854027356321838,87.0,87.0,763.200625,48.0,2021-10-13 18:52:12.794880008,37.96236657066667
3267,11.040111264367816,11.895909770114942,87.0,87.0,770.1887499999999,48.0,2021-10-14 19:31:48.034560008,37.486295647999995
3268,10.958876704545455,11.825599772727271,88.0,88.0,762.1387500000001,48.0,2021-10-15 20:11:23.274240008,37.32944425290322
3269,11.019909770114943,11.963373218390805,87.0,87.0,759.4054166666666,48.0,2021-10-16 20:50:58.513920008,37.243267571612904
3270,11.07637875,11.957591022727273,88.0,88.0,759.73875,48.0,2021-10-17 21:30:33.753600008,37.15709089032258
3271,11.05184459770115,12.048579310344827,87.0,87.0,753.9608333333334,48.0,2021-10-18 22:10:08.993280008,37.07091420903225
3272,11.047005,12.094150568181817,88.0,88.0,757.6320833333333,48.0,2021-10-19 22:49:44.232960000,36.984737527741935
3273,11.142270340909091,12.172744545454547,88.0,88.0,756.7177083333332,48.0,2021-10-20 23:29:19.472640000,36.89856084645161
3274,11.195143448275862,12.166444137931034,87.0,87.0,755.5589583333334,48.0,2021-10-22 00:08:54.712320000,36.81238416516129
3275,11.058089659090909,12.05085340909091,88.0,88.0,753.6297916666666,48.0,2021-10-23 00:48:29.952000000,36.726207483870965
3276,10.866061818181818,11.870640454545454,88.0,88.0,752.5389583333334,48.0,2021-10-24 01:28:05.191680000,36.64003080258065
3277,10.948681136363636,11.865624772727273,88.0,88.0,748.2933333333334,48.0,2021-10-25 02:07:40.431360000,36.55385412129032
3278,11.039640113636365,11.978049886363635,88.0,88.0,749.5485416666667,48.0,2021-10-26 02:47:15.671040000,36.467677439999996
3279,11.000375632183909,11.969966896551725,87.0,87.0,750.8545833333334,48.0,2021-10-27 03:26:50.910719991,36.38150075870968
3280,11.447118651685393,12.431012584269663,89.0,89.0,746.3085416666667,48.0,2021-10-28 04:06:26.150399991,36.29532407741935
3281,19.156865433070866,19.72443905511811,127.0,127.0,742.1545833333333,48.0,2021-10-29 04:46:01.390080034,36.20914739612903
3282,11.437528409090909,12.23392909090909,88.0,88.0,740.2704166666667,48.0,2021-10-30 05:25:36.629760034,36.12297071483871
3283,10.993101609195403,11.992506091954024,87.0,87.0,738.8329166666667,48.0,2021-10-31 06:05:11.869440025,36.03679403354838
3284,10.938337386363635,11.734793522727273,88.0,88.0,742.2647916666666,48.0,2021-11-01 06:44:47.109120025,35.950617352258064
3285,10.883797415730337,11.619221123595505,89.0,89.0,742.1854166666667,48.0,2021-11-02 07:24:22.348800025,35.86444067096774
3286,10.88292632183908,11.619589310344827,87.0,87.0,740.12125,48.0,2021-11-03 08:03:57.588480025,35.77826398967742
3287,10.636225,11.433487045454545,88.0,88.0,733.76125,48.0,2021-11-04 08:43:32.828160025,35.692087308387094
3288,10.639941494252874,11.476207816091954,87.0,87.0,738.7458333333334,48.0,2021-11-05 09:23:08.067840025,35.60591062709677
3289,10.69345568181818,11.494198863636363,88.0,88.0,736.6374999999999,48.0,2021-11-06 10:02:43.307520025,35.51973394580645
3290,10.791467701149426,11.554709770114943,87.0,87.0,738.4333333333334,48.0,2021-11-07 10:42:18.547200017,35.433557264516125
3291,10.647259886363637,11.402338522727273,88.0,88.0,738.7383333333333,48.0,2021-11-08 11:21:53.786880017,35.34738058322581
3292,10.72615,11.401618505747127,87.0,87.0,737.149375,48.0,2021-11-09 12:01:29.026560017,35.26120390193548
3293,10.564658181818182,11.364577954545455,88.0,88.0,734.9250000000001,48.0,2021-11-10 12:41:04.266240017,35.175027220645156
3294,10.61364724137931,11.50580643678161,87.0,87.0,734.6989583333334,48.0,2021-11-11 13:20:39.505920017,35.08885053935484
3295,10.691410786516855,11.453196292134832,89.0,89.0,745.991875,48.0,2021-11-12 14:00:14.745600017,35.00267385806451
3296,10.860473636363636,11.642387613636362,88.0,88.0,717.393125,48.0,2021-11-13 14:39:49.985280017,34.91649717677419
3297,10.708427272727272,11.586493295454545,88.0,88.0,728.945,48.0,2021-11-14 15:19:25.224960008,34.83032049548387
3298,10.825601818181818,11.670113068181818,88.0,88.0,732.8141666666667,48.0,2021-11-15 15:59:00.464640008,35.525915583999996
3299,10.692566896551725,11.53589264367816,87.0,87.0,729.5577083333333,48.0,2021-11-16 16:38:35.704320008,36.645880991999995
3300,10.904301264367817,11.71640275862069,87.0,87.0,725.546875,48.0,2021-11-17 17:18:10.944000008,37.7658464
3301,10.802505977011494,11.589026206896552,87.0,87.0,722.6991666666667,48.0,2021-11-18 17:57:46.183680008,38.885811808
3302,10.5210675,11.35778284090909,88.0,88.0,727.3175,48.0,2021-11-19 18:37:21.423360008,40.005777216
3303,10.55027659090909,11.324295909090909,88.0,88.0,726.6872916666666,48.0,2021-11-20 19:16:56.663040008,41.125742624
3304,10.633794318181819,11.383548977272726,88.0,88.0,723.4770833333333,48.0,2021-11-21 19:56:31.902720000,42.245708031999996
3305,10.586622988505747,11.504364137931034,87.0,87.0,723.875625,48.0,2021-11-22 20:36:07.142400000,43.365673439999995
3306,10.707446590909091,11.510879772727272,88.0,88.0,728.2666666666668,48.0,2021-11-23 21:15:42.382080000,44.485638847999994
3307,10.87754172413793,11.698150344827587,87.0,87.0,707.1283333333334,48.0,2021-11-24 21:55:17.621760000,45.605604256
3308,10.901547954545455,11.778024204545455,88.0,88.0,725.0889583333333,48.0,2021-11-25 22:34:52.861440000,46.725569664
3309,10.862825681818181,11.741834431818182,88.0,88.0,722.7845833333332,48.0,2021-11-26 23:14:28.101120000,47.845535072
3310,10.822163181818182,11.752098863636364,88.0,88.0,718.9389583333333,48.0,2021-11-27 23:54:03.340800000,48.965500479999996
3311,10.816061744186047,11.730564186046513,86.0,86.0,718.6760416666666,48.0,2021-11-29 00:33:38.580479991,50.085465888
3312,10.837107386363636,11.739333181818182,88.0,88.0,718.9695833333334,48.0,2021-11-30 01:13:13.820160034,51.205431296
3313,10.91230659090909,11.747563522727273,88.0,88.0,720.363125,48.0,2021-12-01 01:52:49.059840034,52.325396704
3314,10.965677586206898,11.78685448275862,87.0,87.0,719.3577083333333,48.0,2021-12-02 02:32:24.299520034,53.445362112
3315,10.717528295454544,11.479197840909091,88.0,88.0,720.4083333333333,48.0,2021-12-03 03:11:59.539200025,54.56532752
3316,10.661751954022987,11.430748505747125,87.0,87.0,719.9145833333333,48.0,2021-12-04 03:51:34.778880025,55.685292927999996
3317,10.737602272727273,11.371617613636364,88.0,88.0,718.9114583333334,48.0,2021-12-05 04:31:10.018560025,56.805258335999994
3318,10.782481379310344,11.466660000000001,87.0,87.0,718.9093750000001,48.0,2021-12-06 05:10:45.258240025,57.92522374399999
3319,10.448950681818182,11.070347272727274,88.0,88.0,715.804375,48.0,2021-12-07 05:50:20.497920025,59.045189152
3320,10.203655632183908,10.570855172413793,87.0,87.0,714.7927083333334,48.0,2021-12-08 06:29:55.737600025,60.16515456
3321,10.141542068965517,10.602624137931034,87.0,87.0,716.019375,48.0,2021-12-09 07:09:30.977280025,61.285119968
3322,9.94831465909091,10.216791477272727,88.0,88.0,714.294375,48.0,2021-12-10 07:49:06.216960017,62.405085376
3323,9.726604022988505,9.918719540229885,87.0,87.0,711.8181249999999,48.0,2021-12-11 08:28:41.456640017,63.525050784
3324,9.429569772727273,9.53662159090909,88.0,88.0,715.9175,48.0,2021-12-12 09:08:16.696320017,64.645016192
3325,9.3965775,9.468274431818182,88.0,88.0,708.9177083333334,48.0,2021-12-13 09:47:51.936000017,65.7649816
3326,10.056494367816093,10.56902275862069,87.0,87.0,712.3889583333333,48.0,2021-12-14 10:27:27.175680017,66.884947008
3327,10.930994942528736,11.814019080459772,87.0,87.0,711.9266666666667,48.0,2021-12-15 11:07:02.415360017,67.3176995716129
3328,10.770489318181818,11.69988409090909,88.0,88.0,706.3895833333332,48.0,2021-12-16 11:46:37.655040017,66.91333206709677
3329,10.914348409090909,11.828913522727275,88.0,88.0,705.8377083333334,48.0,2021-12-17 12:26:12.894720008,66.50896456258064
3330,11.183133793103448,12.091444827586207,87.0,87.0,700.366875,48.0,2021-12-18 13:05:48.134400008,66.10459705806451
3331,11.106093863636364,12.074036931818181,88.0,88.0,698.186875,48.0,2021-12-19 13:45:23.374080008,65.70022955354838
3332,11.022150681818182,12.080577613636365,88.0,88.0,701.5795833333333,48.0,2021-12-20 14:24:58.613760008,65.29586204903225
3333,11.246415862068966,12.181511609195402,87.0,87.0,704.7402083333333,48.0,2021-12-21 15:04:33.853440008,64.89149454451614
3334,11.28257715909091,12.2359775,88.0,88.0,706.4589583333333,48.0,2021-12-22 15:44:09.093120008,64.48712704
3335,11.152219775280898,12.150470674157305,89.0,89.0,702.695,48.0,2021-12-23 16:23:44.332800008,64.08275953548387
3336,11.057567727272728,12.041971477272728,88.0,88.0,689.541875,48.0,2021-12-24 17:03:19.572480000,63.67839203096774
3337,11.196065172413794,12.16816827586207,87.0,87.0,721.9795833333333,48.0,2021-12-25 17:42:54.812160000,63.27402452645161
3338,10.999138409090909,11.991021477272728,88.0,88.0,705.0220833333333,48.0,2021-12-26 18:22:30.051840000,62.86965702193548
3339,10.977881954022989,11.965588735632183,87.0,87.0,696.5922916666667,48.0,2021-12-27 19:02:05.291520000,62.46528951741935
3340,11.106978181818182,11.99725534090909,88.0,88.0,722.7404166666666,48.0,2021-12-28 19:41:40.531200000,62.06092201290323
3341,11.226475681818181,12.124728863636363,88.0,88.0,704.745625,48.0,2021-12-29 20:21:15.770880000,61.656554508387096
3342,11.097612873563218,12.167179425287355,87.0,87.0,694.513125,48.0,2021-12-30 21:00:51.010560000,61.252187003870965
3343,11.209470229885058,12.042953333333333,87.0,87.0,716.623125,48.0,2021-12-31 21:40:26.250240000,60.847819499354834
3344,11.131570795454545,12.176060454545455,88.0,88.0,695.3924999999999,48.0,2022-01-01 22:20:01.489919991,60.44345199483871
3345,11.234879770114942,12.284108505747126,87.0,87.0,707.328125,48.0,2022-01-02 22:59:36.729600034,60.03908449032258
3346,11.160285862068966,12.199182068965516,87.0,87.0,706.7222916666666,48.0,2022-01-03 23:39:11.969280034,59.63471698580645
3347,11.165862954545455,12.111744772727274,88.0,88.0,705.43,48.0,2022-01-05 00:18:47.208960025,59.23034948129032
3348,11.199917356321839,12.098520344827586,87.0,87.0,704.0675,48.0,2022-01-06 00:58:22.448640025,58.82598197677419
3349,11.088591931818183,11.95375693181818,88.0,88.0,699.99375,48.0,2022-01-07 01:37:57.688320025,58.421614472258064
3350,11.030324022988506,11.966754942528736,87.0,87.0,706.3770833333333,48.0,2022-01-08 02:17:32.928000025,58.01724696774193
3351,11.012218181818183,11.979654431818181,88.0,88.0,708.2739583333333,48.0,2022-01-09 02:57:08.167680025,57.6128794632258
3352,11.091330568181819,12.103062045454545,88.0,88.0,696.19125,48.0,2022-01-10 03:36:43.407360025,57.20851195870968
3353,11.135777931034482,12.0405408045977,87.0,87.0,700.4764583333334,48.0,2022-01-11 04:16:18.647040025,56.80414445419355
3354,10.91874816091954,11.66907471264368,87.0,87.0,703.9258333333333,48.0,2022-01-12 04:55:53.886720017,56.39977694967742
3355,10.993568850574713,11.699436896551724,87.0,87.0,695.7377083333334,48.0,2022-01-13 05:35:29.126400017,55.995409445161286
3356,10.883196590909092,11.58417909090909,88.0,88.0,702.0322916666668,48.0,2022-01-14 06:15:04.366080017,55.591041940645155
3357,10.965298390804598,11.76879367816092,87.0,87.0,703.1485416666666,48.0,2022-01-15 06:54:39.605760017,55.3520182916129
3358,11.037734186046512,11.89399988372093,86.0,86.0,705.11875,48.0,2022-01-16 07:34:14.845440017,55.537629605161285
3359,10.959678977272727,11.86208590909091,88.0,88.0,703.7831249999999,48.0,2022-01-17 08:13:50.085120017,55.72324091870968
3360,11.011635113636364,11.91551375,88.0,88.0,702.4141666666666,48.0,2022-01-18 08:53:25.324800017,55.90885223225806
3361,10.989284482758622,11.955334942528735,87.0,87.0,711.3895833333332,48.0,2022-01-19 09:33:00.564480017,56.09446354580645
3362,10.753762068965518,11.729879655172414,87.0,87.0,710.4027083333334,48.0,2022-01-20 10:12:35.804160008,56.28007485935483
3363,10.7427725,11.466787045454545,88.0,88.0,712.5333333333333,48.0,2022-01-21 10:52:11.043840008,56.465686172903226
3364,10.77474976744186,11.537337325581396,86.0,86.0,709.313125,48.0,2022-01-22 11:31:46.283520008,56.65129748645161
3365,10.816427471264367,11.578976091954022,87.0,87.0,705.9116666666667,48.0,2022-01-23 12:11:21.523200008,56.836908799999996
3366,10.798752954545455,11.57714090909091,88.0,88.0,708.6660416666667,48.0,2022-01-24 12:50:56.762880008,57.02252011354838
3367,10.572553295454545,11.261401136363636,88.0,88.0,709.9854166666668,48.0,2022-01-25 13:30:32.002560008,57.208131427096774
3368,10.491326477272727,11.149061477272728,88.0,88.0,709.055625,48.0,2022-01-26 14:10:07.242240008,57.39374274064516
3369,10.555780459770114,11.229376781609195,87.0,87.0,713.2570833333334,48.0,2022-01-27 14:49:42.481920000,57.579354054193544
3370,10.55451159090909,11.290553749999999,88.0,88.0,711.4895833333334,48.0,2022-01-28 15:29:17.721600000,57.76496536774194
3371,10.593290454545455,11.443975113636363,88.0,88.0,713.694375,48.0,2022-01-29 16:08:52.961280000,57.95057668129032
3372,10.648067045454546,11.44876715909091,88.0,88.0,710.05125,48.0,2022-01-30 16:48:28.200960000,58.13618799483871
3373,10.716865568181818,11.455892045454545,88.0,88.0,708.2908333333334,48.0,2022-01-31 17:28:03.440639999,58.32179930838709
3374,10.813720689655172,11.634896091954023,87.0,87.0,714.0270833333334,48.0,2022-02-01 18:07:38.680320000,58.507410621935485
3375,10.763462988505747,11.535279425287357,87.0,87.0,716.13375,48.0,2022-02-02 18:47:13.920000000,58.69302193548387
3376,10.686697126436782,11.44677908045977,87.0,87.0,708.9320833333333,48.0,2022-02-03 19:26:49.159680034,58.878633249032255
3377,10.592259772727273,11.330242727272728,88.0,88.0,709.4304166666667,48.0,2022-02-04 20:06:24.399360034,59.06424456258064
3378,10.560966477272727,11.305373181818181,88.0,88.0,708.4458333333333,48.0,2022-02-05 20:45:59.639040034,59.24985587612903
3379,10.952051034482759,11.757784022988504,87.0,87.0,701.7445833333333,48.0,2022-02-06 21:25:34.878720034,59.43546718967742
3380,10.818265454545454,11.84364840909091,88.0,88.0,711.460625,48.0,2022-02-07 22:05:10.118400025,59.6210785032258
3381,10.99510563218391,11.758551379310346,87.0,87.0,712.7802083333332,48.0,2022-02-08 22:44:45.358080025,59.806689816774195
3382,10.983064367816093,11.798463333333334,87.0,87.0,716.1254166666666,48.0,2022-02-09 23:24:20.597760025,59.99230113032258
3383,10.806772386363635,11.629446477272728,88.0,88.0,715.3335416666667,48.0,2022-02-11 00:03:55.837440025,60.177912443870966
3384,10.739988863636363,11.407911477272727,88.0,88.0,715.8958333333334,48.0,2022-02-12 00:43:31.077120025,60.36352375741935
3385,10.752591839080461,11.486995977011494,87.0,87.0,720.2808333333334,48.0,2022-02-13 01:23:06.316800025,60.549135070967736
3386,10.790519886363636,11.616651818181818,88.0,88.0,722.46,48.0,2022-02-14 02:02:41.556480025,60.73474638451613
3387,11.16340659090909,12.159553295454545,88.0,88.0,729.2995833333333,48.0,2022-02-15 02:42:16.796160017,60.97123896
3388,25.912462269503546,26.217886382978723,141.0,141.0,720.3616666666667,48.0,2022-02-16 03:21:52.035840017,61.62076018285714
3389,12.454714252873563,13.229492988505747,87.0,87.0,723.6166666666667,48.0,2022-02-17 04:01:27.275520017,62.270281405714286
3390,11.182293181818181,12.147447840909091,88.0,88.0,724.4322916666666,48.0,2022-02-18 04:41:02.515200017,62.919802628571425
3391,11.200911954022988,12.1474308045977,87.0,87.0,722.8958333333334,48.0,2022-02-19 05:20:37.754880017,63.56932385142857
3392,11.026173258426967,11.979503146067415,89.0,89.0,722.2885416666667,48.0,2022-02-20 06:00:12.994560017,64.21884507428571
3393,11.304170000000001,12.31132344827586,87.0,87.0,730.1675,48.0,2022-02-21 06:39:48.234240017,64.86836629714286
3394,11.106806931818182,12.015800113636363,88.0,88.0,719.2289583333333,48.0,2022-02-22 07:19:23.473920008,65.51788752
3395,11.122585168539326,12.197275617977528,89.0,89.0,730.2485416666667,48.0,2022-02-23 07:58:58.713600008,66.16740874285713
3396,11.260151034482758,12.395865057471266,87.0,87.0,726.6239583333332,48.0,2022-02-24 08:38:33.953280008,66.81692996571428
3397,11.149055454545454,12.072604204545454,88.0,88.0,723.5370833333333,48.0,2022-02-25 09:18:09.192960008,67.46645118857143
3398,11.089109659090909,12.079596363636364,88.0,88.0,734.7572916666667,48.0,2022-02-26 09:57:44.432640008,68.11597241142857
3399,11.206748735632184,12.127184252873564,87.0,87.0,735.5785416666666,48.0,2022-02-27 10:37:19.672320008,68.7654936342857
3400,11.326301609195403,12.39883344827586,87.0,87.0,725.24375,48.0,2022-02-28 11:16:54.912000008,69.41501485714285
3401,11.35278011494253,12.407344942528736,87.0,87.0,732.5252083333334,48.0,2022-03-01 11:56:30.151680000,70.06453608
3402,11.209297356321839,12.231569425287356,87.0,87.0,728.79625,48.0,2022-03-02 12:36:05.391360000,70.71405730285714
3403,11.141525666666666,12.052325444444445,90.0,90.0,723.0837499999999,48.0,2022-03-03 13:15:40.631040000,71.36357852571427
3404,10.988708620689655,11.981465862068966,87.0,87.0,735.8597916666666,48.0,2022-03-04 13:55:15.870720000,72.01309974857142
3405,11.137724942528736,12.068510574712645,87.0,87.0,733.5208333333334,48.0,2022-03-05 14:34:51.110400000,72.66262097142857
3406,11.2160525,12.068654318181819,88.0,88.0,738.4520833333332,48.0,2022-03-06 15:14:26.350080000,73.31214219428571
3407,11.220377931034482,12.142048735632184,87.0,87.0,738.95375,48.0,2022-03-07 15:54:01.589759999,73.96166341714286
3408,10.93956875,11.920496022727274,88.0,88.0,736.4987500000001,48.0,2022-03-08 16:33:36.829439991,74.61118463999999
3409,11.20147448275862,12.061737701149426,87.0,87.0,728.9433333333333,48.0,2022-03-09 17:13:12.069120034,75.26070586285714
3410,11.019291235955055,11.972424269662922,89.0,89.0,741.6597916666666,48.0,2022-03-10 17:52:47.308800034,75.91022708571428
3411,11.239935930232559,12.200460465116281,86.0,86.0,750.4008333333333,48.0,2022-03-11 18:32:22.548480034,76.55974830857143
3412,,,,,752.3941666666666,48.0,2022-03-12 19:11:57.788160025,77.20926953142856
3413,11.042224361702129,11.820115319148936,94.0,94.0,739.2827083333333,48.0,2022-03-13 19:51:33.027840025,77.8587907542857
3414,10.947721954022988,11.78241827586207,87.0,87.0,749.9431249999999,48.0,2022-03-14 20:31:08.267520025,78.50831197714285
3415,10.83134459770115,11.724170689655171,87.0,87.0,749.644375,48.0,2022-03-15 21:10:43.507200025,78.75371674838709
3416,10.66060179775281,11.553834606741573,89.0,89.0,748.77375,48.0,2022-03-16 21:50:18.746880025,78.9326990864516
3417,10.710246818181817,11.608543181818181,88.0,88.0,757.6641666666666,48.0,2022-03-17 22:29:53.986560025,79.11168142451612
3418,10.803921931818183,11.707795454545455,88.0,88.0,753.4710416666667,48.0,2022-03-18 23:09:29.226240025,79.29066376258064
3419,10.813168275862068,11.814101034482759,87.0,87.0,754.0716666666667,48.0,2022-03-19 23:49:04.465920017,79.46964610064515
3420,11.000686551724138,11.956489195402298,87.0,87.0,757.8841666666667,48.0,2022-03-21 00:28:39.705600017,79.64862843870968
3421,10.872754431818182,11.874613181818182,88.0,88.0,750.2989583333333,48.0,2022-03-22 01:08:14.945280017,79.8276107767742
3422,11.164065057471264,12.060046091954021,87.0,87.0,755.3647916666667,48.0,2022-03-23 01:47:50.184960017,80.00659311483871
3423,11.100375909090909,12.0276325,88.0,88.0,770.5689583333333,48.0,2022-03-24 02:27:25.424640017,80.18557545290322
3424,11.108222209302324,12.135255930232558,86.0,86.0,757.5460416666666,48.0,2022-03-25 03:07:00.664320017,80.36455779096774
3425,11.094289310344827,12.091847126436782,87.0,87.0,756.5170833333333,48.0,2022-03-26 03:46:35.904000017,80.54354012903225
3426,11.044373218390804,12.044389310344828,87.0,87.0,758.995625,48.0,2022-03-27 04:26:11.143680008,80.72252246709677
3427,10.953084204545455,11.956570113636362,88.0,88.0,755.11625,48.0,2022-03-28 05:05:46.383360008,80.90150480516128
3428,10.966242068965517,12.019524367816091,87.0,87.0,761.2435416666667,48.0,2022-03-29 05:45:21.623040008,81.08048714322581
3429,10.87391875,12.015243636363635,88.0,88.0,769.8702083333334,48.0,2022-03-30 06:24:56.862720008,81.25946948129032
3430,11.14475264367816,12.136424942528736,87.0,87.0,769.4900000000001,48.0,2022-03-31 07:04:32.102400008,81.43845181935484
3431,11.15791034090909,12.190755795454544,88.0,88.0,788.7191666666668,48.0,2022-04-01 07:44:07.342080008,81.61743415741935
3432,11.195494942528736,12.323209425287358,87.0,87.0,760.5825,48.0,2022-04-02 08:23:42.581760008,81.79641649548387
3433,11.151141136363636,12.280216363636363,88.0,88.0,778.0360416666667,48.0,2022-04-03 09:03:17.821440000,81.97539883354838
3434,11.228428522727272,12.353367159090908,88.0,88.0,778.7822916666668,48.0,2022-04-04 09:42:53.061120000,82.1543811716129
3435,10.949790227272727,11.83714715909091,88.0,88.0,786.5289583333333,48.0,2022-04-05 10:22:28.300800000,82.33336350967741
3436,10.653799462365592,11.458609784946235,93.0,93.0,777.3725,48.0,2022-04-06 11:02:03.540480000,82.51234584774194
3437,10.633937931034483,11.50194816091954,87.0,87.0,780.6897916666667,48.0,2022-04-07 11:41:38.780160000,82.69132818580646
3438,10.58493988764045,11.406315617977528,89.0,89.0,783.8418750000001,48.0,2022-04-08 12:21:14.019840000,82.87031052387097
3439,10.73621816091954,11.570156551724137,87.0,87.0,787.354375,48.0,2022-04-09 13:00:49.259520000,83.04929286193548
3440,10.481661235955055,11.363271573033709,89.0,89.0,787.3554166666667,48.0,2022-04-10 13:40:24.499200034,83.2282752
3441,10.455708505747127,11.338344827586207,87.0,87.0,800.416875,48.0,2022-04-11 14:19:59.738880034,83.40725753806451
3442,10.67316632183908,11.590638160919541,87.0,87.0,788.2624999999999,48.0,2022-04-12 14:59:34.978560034,83.58623987612903
3443,10.736824431818182,11.682348409090908,88.0,88.0,792.9770833333333,48.0,2022-04-13 15:39:10.218240034,83.76522221419354
3444,12.387097216494846,11.62476536082474,97.0,97.0,795.815,48.0,2022-04-14 16:18:45.457920025,83.94420455225807
3445,10.791427978723403,11.745917765957447,94.0,94.0,792.80625,48.0,2022-04-15 16:58:20.697600025,84.29466
3446,10.829783913043478,11.803165434782608,92.0,92.0,799.1847916666667,48.0,2022-04-16 17:37:55.937280025,84.72278133333333
3447,11.2129328125,11.826569479166666,96.0,96.0,788.8347916666667,48.0,2022-04-17 18:17:31.176960025,85.15090266666667
3448,10.941625604395606,11.89007934065934,91.0,91.0,794.1262499999999,48.0,2022-04-18 18:57:06.416640025,85.579024
3449,11.654812448979593,11.831909081632654,98.0,98.0,802.2152083333334,48.0,2022-04-19 19:36:41.656320025,86.00714533333333
3450,10.919239431818182,11.783284886363635,88.0,88.0,801.8610416666667,48.0,2022-04-20 20:16:16.896000025,86.43526666666666
3451,10.845296404494382,11.831684719101123,89.0,89.0,792.6314583333333,48.0,2022-04-21 20:55:52.135680017,86.863388
3452,10.68071375,11.650798181818182,88.0,88.0,807.7870833333333,48.0,2022-04-22 21:35:27.375360017,87.29150933333334
3453,10.646491249999999,11.5233425,88.0,88.0,802.0479166666668,48.0,2022-04-23 22:15:02.615040017,87.71963066666666
3454,10.689202808988764,11.578922696629213,89.0,89.0,806.6170833333334,48.0,2022-04-24 22:54:37.854720017,88.147752
3455,10.62430965909091,11.45209625,88.0,88.0,803.9554166666667,48.0,2022-04-25 23:34:13.094400017,88.57587333333333
3456,11.689890412371135,11.52856381443299,97.0,97.0,815.6062499999999,48.0,2022-04-27 00:13:48.334080017,89.00399466666667
3457,10.540656989247312,11.38597752688172,93.0,93.0,822.7783333333333,48.0,2022-04-28 00:53:23.573760017,89.432116
3458,10.789978297872342,11.522556063829786,94.0,94.0,820.1570833333334,48.0,2022-04-29 01:32:58.813440008,89.86023733333333
3459,10.494341931818182,11.298430113636364,88.0,88.0,823.1895833333333,48.0,2022-04-30 02:12:34.053120008,90.28835866666667
3460,10.513539770114942,11.278948620689656,87.0,87.0,825.41375,48.0,2022-05-01 02:52:09.292800008,90.71648
3461,10.465516931818183,11.205362954545455,88.0,88.0,823.9545833333333,48.0,2022-05-02 03:31:44.532480008,91.14460133333333
3462,10.638101609195402,11.385704137931034,87.0,87.0,822.11625,48.0,2022-05-03 04:11:19.772160008,91.57272266666666
3463,10.76187311827957,11.35566129032258,93.0,93.0,826.2045833333333,48.0,2022-05-04 04:50:55.011840008,92.000844
3464,10.311693793103448,11.041173908045977,87.0,87.0,822.71375,48.0,2022-05-05 05:30:30.251520008,92.42896533333334
3465,9.87889329787234,10.37072170212766,94.0,94.0,817.321875,48.0,2022-05-06 06:10:05.491200000,92.85708666666667
3466,9.759480344827587,10.135879540229885,87.0,87.0,831.700625,48.0,2022-05-07 06:49:40.730880000,93.285208
3467,9.957747692307692,10.402864285714285,91.0,91.0,830.7454166666666,48.0,2022-05-08 07:29:15.970560000,93.71332933333333
3468,9.964423636363636,10.430010909090909,88.0,88.0,838.0031250000001,48.0,2022-05-09 08:08:51.210240000,94.14145066666667
3469,10.050377127659575,10.489066489361702,94.0,94.0,833.2777083333334,48.0,2022-05-10 08:48:26.449920000,94.569572
3470,9.887708522727273,10.360937954545454,88.0,88.0,838.0397916666666,48.0,2022-05-11 09:28:01.689600000,94.99769333333333
3471,9.982842441860464,10.458026162790699,86.0,86.0,844.0820833333333,48.0,2022-05-12 10:07:36.929280000,95.42581466666667
3472,10.04865784090909,10.6797275,88.0,88.0,834.375,48.0,2022-05-13 10:47:12.168959991,95.853936
3473,10.30547215909091,10.907234659090909,88.0,88.0,845.8693750000001,48.0,2022-05-14 11:26:47.408640034,96.28205733333334
3474,10.421379770114942,11.046823793103448,87.0,87.0,839.8772916666667,48.0,2022-05-15 12:06:22.648320034,96.07367630451613
3475,10.245707816091954,10.840434942528736,87.0,87.0,844.6325,48.0,2022-05-16 12:45:57.888000034,95.20528051612904
3476,10.040073908045978,10.62222264367816,87.0,87.0,845.3156250000001,48.0,2022-05-17 13:25:33.127680025,94.33688472774193
3477,9.92801418604651,10.495013255813953,86.0,86.0,846.29875,48.0,2022-05-18 14:05:08.367360025,93.46848893935484
3478,9.920670568181817,10.518413068181818,88.0,88.0,850.7610416666666,48.0,2022-05-19 14:44:43.607040025,92.60009315096774
3479,10.039061931818182,10.5485675,88.0,88.0,849.1352083333333,48.0,2022-05-20 15:24:18.846720025,91.73169736258065
3480,10.049420454545455,10.719234772727273,88.0,88.0,850.71875,48.0,2022-05-21 16:03:54.086400025,90.86330157419354
3481,10.19834284090909,10.893873522727274,88.0,88.0,852.02375,48.0,2022-05-22 16:43:29.326080025,89.99490578580645
3482,10.302293522727272,11.00500125,88.0,88.0,861.1,48.0,2022-05-23 17:23:04.565760025,89.12650999741935
3483,10.264106091954023,10.942492298850576,87.0,87.0,861.0139583333333,48.0,2022-05-24 18:02:39.805440017,88.25811420903226
3484,10.234751818181818,10.859289772727273,88.0,88.0,864.36875,48.0,2022-05-25 18:42:15.045120017,87.38971842064515
3485,10.047074318181819,10.650242613636363,88.0,88.0,855.2210416666667,48.0,2022-05-26 19:21:50.284800017,86.52132263225806
3486,9.973775402298852,10.390945172413794,87.0,87.0,864.0949999999999,48.0,2022-05-27 20:01:25.524480017,85.65292684387097
3487,10.010182643678162,10.493052183908047,87.0,87.0,861.19625,48.0,2022-05-28 20:41:00.764160017,84.78453105548387
3488,10.028158850574712,10.522073793103448,87.0,87.0,865.6883333333334,48.0,2022-05-29 21:20:36.003840017,83.91613526709678
3489,10.01553715909091,10.699632613636364,88.0,88.0,866.7454166666666,48.0,2022-05-30 22:00:11.243520017,83.04773947870967
3490,10.379977586206897,10.995219655172415,87.0,87.0,864.1737499999999,48.0,2022-05-31 22:39:46.483200008,82.17934369032258
3491,10.302330229885058,11.109021609195402,87.0,87.0,861.6770833333334,48.0,2022-06-01 23:19:21.722880008,81.31094790193548
3492,10.169552873563218,10.911014022988507,87.0,87.0,871.4077083333333,48.0,2022-06-02 23:58:56.962560008,80.44255211354839
3493,9.966852272727273,10.511653977272728,88.0,88.0,866.3735416666667,48.0,2022-06-04 00:38:32.202240008,79.57415632516128
3494,9.983261162790699,10.54607453488372,86.0,86.0,871.6037500000001,48.0,2022-06-05 01:18:07.441920008,78.70576053677419
3495,9.831537386363637,10.386899999999999,88.0,88.0,870.9747916666666,48.0,2022-06-06 01:57:42.681600008,77.8373647483871
3496,9.852714942528735,10.383492528735632,87.0,87.0,886.7027083333334,48.0,2022-06-07 02:37:17.921280008,76.96896896
3497,9.797685,10.302899883720931,86.0,86.0,,,2022-06-08 03:16:53.160960000,76.1005731716129
3498,9.73302735632184,10.217751609195401,87.0,87.0,,,2022-06-09 03:56:28.400640000,75.2321773832258
3499,9.882339540229886,10.432945747126437,87.0,87.0,,,2022-06-10 04:36:03.640320000,74.36378159483871
3500,9.714717613636365,10.273404090909091,88.0,88.0,,,2022-06-11 05:15:38.880000000,73.49538580645161
3501,9.722351477272726,10.292622613636363,88.0,88.0,,,2022-06-12 05:55:14.119680000,72.62699001806452
3502,9.862293522727272,10.402244431818183,88.0,88.0,,,2022-06-13 06:34:49.359360000,71.75859422967741
3503,9.966494827586207,10.6431991954023,87.0,87.0,854.4410416666666,48.0,2022-06-14 07:14:24.599040000,70.89019844129032
3504,10.078935730337077,10.723405056179775,89.0,89.0,870.441875,48.0,2022-06-15 07:53:59.838720034,70.531512576
3505,10.182158620689655,10.838014252873563,87.0,87.0,884.1922916666667,48.0,2022-06-16 08:33:35.078400034,71.25418138666666
3506,10.163785795454546,10.87020931818182,88.0,88.0,880.236875,48.0,2022-06-17 09:13:10.318080034,71.97685019733333
3507,10.306881590909091,10.959292045454545,88.0,88.0,873.4614583333333,48.0,2022-06-18 09:52:45.557760034,72.699519008
3508,10.304166091954023,10.959184137931034,87.0,87.0,880.5435416666666,48.0,2022-06-19 10:32:20.797440025,73.42218781866667
3509,10.140301818181818,10.788293636363635,88.0,88.0,884.9187499999999,48.0,2022-06-20 11:11:56.037120025,74.14485662933333
3510,9.866356363636363,10.349257045454545,88.0,88.0,878.2841666666667,48.0,2022-06-21 11:51:31.276800025,74.86752544
3511,9.836463333333334,10.392375483870968,93.0,93.0,879.4825000000001,48.0,2022-06-22 12:31:06.516480025,75.59019425066667
3512,9.811023103448276,10.394825057471264,87.0,87.0,875.5429166666667,48.0,2022-06-23 13:10:41.756160025,76.31286306133333
3513,9.75869,10.296933483146068,89.0,89.0,873.1264583333333,48.0,2022-06-24 13:50:16.995840025,77.035531872
3514,9.899335862068964,10.435937011494252,87.0,87.0,887.9939583333334,48.0,2022-06-25 14:29:52.235520025,77.75820068266667
3515,9.84095847826087,10.363278913043478,92.0,92.0,873.71875,48.0,2022-06-26 15:09:27.475200017,78.48086949333333
3516,9.9124,10.405307126436782,87.0,87.0,874.739375,48.0,2022-06-27 15:49:02.714880017,79.203538304
3517,10.058564137931034,10.601541149425287,87.0,87.0,875.4441666666667,48.0,2022-06-28 16:28:37.954560017,79.92620711466667
3518,10.01263511627907,10.620861976744186,86.0,86.0,872.1354166666666,48.0,2022-06-29 17:08:13.194240017,80.64887592533333
3519,9.944341555555555,10.542577222222222,90.0,90.0,876.481875,48.0,2022-06-30 17:47:48.433920017,81.371544736
3520,9.879462159090908,10.354388409090909,88.0,88.0,871.5691666666667,48.0,2022-07-01 18:27:23.673600017,82.09421354666667
3521,9.707827011494253,10.109607816091954,87.0,87.0,889.7647916666666,48.0,2022-07-02 19:06:58.913280017,82.81688235733334
3522,9.64756159090909,10.041333295454546,88.0,88.0,870.2685416666667,48.0,2022-07-03 19:46:34.152960008,83.539551168
3523,9.626526206896552,10.064635862068966,87.0,87.0,890.886875,48.0,2022-07-04 20:26:09.392640008,84.26221997866666
3524,9.778523023255815,10.097593488372093,86.0,86.0,874.6225,48.0,2022-07-05 21:05:44.632320008,84.98488878933334
3525,9.632253522727273,10.012433068181819,88.0,88.0,853.2487500000001,48.0,2022-07-06 21:45:19.872000008,85.7075576
3526,9.47697207920792,9.913078712871288,101.0,101.0,873.3525,48.0,2022-07-07 22:24:55.111680008,86.43022641066668
3527,9.687549204545455,10.075630340909091,88.0,88.0,871.0379166666667,48.0,2022-07-08 23:04:30.351360008,87.15289522133334
3528,9.62432183908046,10.083575057471265,87.0,87.0,869.3845833333334,48.0,2022-07-09 23:44:05.591040008,87.875564032
3529,9.885469772727273,10.453744431818182,88.0,88.0,875.0183333333333,48.0,2022-07-11 00:23:40.830720000,88.59823284266668
3530,10.128656344086021,10.653499462365591,93.0,93.0,875.9114583333334,48.0,2022-07-12 01:03:16.070400000,89.32090165333334
3531,9.994710227272726,10.56468965909091,88.0,88.0,875.7583333333333,48.0,2022-07-13 01:42:51.310080000,90.043570464
3532,10.11554,10.717357674418604,86.0,86.0,872.111875,48.0,2022-07-14 02:22:26.549760000,90.76623927466667
3533,10.046249999999999,10.600323218390804,87.0,87.0,869.114375,48.0,2022-07-15 03:02:01.789440000,91.33149415225807
3534,9.908118850574713,10.386939425287355,87.0,87.0,875.59125,48.0,2022-07-16 03:41:37.029120000,90.77466021161291
3535,9.851260568181818,10.349402727272727,88.0,88.0,872.0510416666666,48.0,2022-07-17 04:21:12.268800000,90.21782627096775
3536,9.751121136363636,10.17731875,88.0,88.0,869.3502083333333,48.0,2022-07-18 05:00:47.508479991,89.66099233032259
3537,9.72611409090909,10.177900795454546,88.0,88.0,869.5725000000001,48.0,2022-07-19 05:40:22.748160034,89.10415838967742
3538,9.884932093023256,10.247529069767442,86.0,86.0,874.0904166666668,48.0,2022-07-20 06:19:57.987840034,88.54732444903226
3539,9.557139204545454,9.913192045454545,88.0,88.0,849.0720833333334,48.0,2022-07-21 06:59:33.227520034,87.9904905083871
3540,9.488653977272726,9.752341477272727,88.0,88.0,865.269375,48.0,2022-07-22 07:39:08.467200025,87.43365656774193
3541,9.433894204545455,9.70574375,88.0,88.0,851.3585416666666,48.0,2022-07-23 08:18:43.706880025,86.87682262709677
3542,9.532537931034483,9.925193793103448,87.0,87.0,865.4877083333332,48.0,2022-07-24 08:58:18.946560025,86.31998868645161
3543,9.501987816091955,9.918482183908047,87.0,87.0,871.3914583333334,48.0,2022-07-25 09:37:54.186240025,85.76315474580645
3544,9.417781477272728,9.7995075,88.0,88.0,870.4177083333334,48.0,2022-07-26 10:17:29.425920025,85.2063208051613
3545,9.243103295454546,9.613761363636364,88.0,88.0,860.4743749999999,48.0,2022-07-27 10:57:04.665600025,84.64948686451613
3546,9.185408965517242,9.508240229885057,87.0,87.0,854.1797916666666,48.0,2022-07-28 11:36:39.905280025,84.09265292387097
3547,9.033056022727273,9.147657045454546,88.0,88.0,862.2822916666668,48.0,2022-07-29 12:16:15.144960017,83.53581898322581
3548,8.938837816091954,9.135153333333333,87.0,87.0,855.0858333333334,48.0,2022-07-30 12:55:50.384640017,82.97898504258065
3549,8.996254545454546,9.208213636363636,88.0,88.0,856.80625,48.0,2022-07-31 13:35:25.624320017,82.42215110193548
3550,8.947558636363636,9.163618977272726,88.0,88.0,860.4204166666667,48.0,2022-08-01 14:15:00.864000017,81.86531716129032
3551,9.021907816091954,9.216521264367817,87.0,87.0,858.3004166666666,48.0,2022-08-02 14:54:36.103680017,81.30848322064516
3552,8.64298438202247,8.801425056179776,89.0,89.0,860.285,48.0,2022-08-03 15:34:11.343360017,80.75164928
3553,8.806713295454545,8.83788431818182,88.0,88.0,858.2370833333333,48.0,2022-08-04 16:13:46.583040017,80.19481533935483
3554,8.662228749999999,8.632608750000001,88.0,88.0,863.0552083333333,48.0,2022-08-05 16:53:21.822720008,79.63798139870967
3555,8.703938620689655,8.670395632183908,87.0,87.0,853.87125,48.0,2022-08-06 17:32:57.062400008,79.08114745806452
3556,8.778602413793104,8.676217816091954,87.0,87.0,859.4066666666666,48.0,2022-08-07 18:12:32.302080008,78.52431351741936
3557,8.589695227272728,8.491482045454545,88.0,88.0,862.3139583333333,48.0,2022-08-08 18:52:07.541760008,77.9674795767742
3558,8.733993181818182,8.698113522727272,88.0,88.0,855.114375,48.0,2022-08-09 19:31:42.781440008,77.41064563612903
3559,8.94058103448276,8.982582873563217,87.0,87.0,858.7616666666667,48.0,2022-08-10 20:11:18.021120008,76.85381169548387
3560,9.025951860465115,9.124831627906977,86.0,86.0,847.205625,48.0,2022-08-11 20:50:53.260800008,76.29697775483871
3561,8.802456136363636,8.905973181818181,88.0,88.0,849.0197916666666,48.0,2022-08-12 21:30:28.500480000,75.74014381419354
3562,8.838839318181819,8.877197272727273,88.0,88.0,855.8197916666667,48.0,2022-08-13 22:10:03.740160000,75.18330987354838
3563,8.353267159090908,8.325112727272726,88.0,88.0,850.2497916666666,48.0,2022-08-14 22:49:38.979840000,74.62647593290322
3564,8.275140113636363,8.073393750000001,88.0,88.0,853.9772916666667,48.0,2022-08-15 23:29:14.219520000,75.27557508129031
3565,8.434913563218391,8.27045,87.0,87.0,848.5847916666667,48.0,2022-08-17 00:08:49.459200000,75.98487545806451
3566,8.433946405228758,8.309787647058824,153.0,153.0,848.6535416666667,48.0,2022-08-18 00:48:24.698880000,76.6941758348387
3567,8.48322340909091,8.322075454545454,88.0,88.0,848.0025,48.0,2022-08-19 01:27:59.938560000,77.4034762116129
3568,8.487324886363636,8.363548068181817,88.0,88.0,835.9125,48.0,2022-08-20 02:07:35.178240034,78.11277658838709
3569,8.612086666666666,8.430786896551725,87.0,87.0,834.9952083333334,48.0,2022-08-21 02:47:10.417920034,78.82207696516129
3570,8.793265578947368,8.764238210526315,95.0,95.0,831.0833333333334,48.0,2022-08-22 03:26:45.657600034,79.53137734193548
3571,8.940043777777777,9.178611,90.0,90.0,843.3066666666667,48.0,2022-08-23 04:06:20.897280034,80.24067771870968
3572,8.938598275862068,9.174351609195401,87.0,87.0,838.6739583333333,48.0,2022-08-24 04:45:56.136960025,80.94997809548387
3573,8.981435909090909,9.232468295454545,88.0,88.0,843.7035416666666,48.0,2022-08-25 05:25:31.376640025,81.65927847225807
3574,9.073215454545455,9.321340568181817,88.0,88.0,840.2508333333334,48.0,2022-08-26 06:05:06.616320025,82.36857884903226
3575,9.098190344827586,9.368117126436783,87.0,87.0,835.9972916666667,48.0,2022-08-27 06:44:41.856000025,83.07787922580644
3576,8.98729168539326,9.356549775280898,89.0,89.0,832.1552083333332,48.0,2022-08-28 07:24:17.095680025,83.78717960258064
3577,9.152347931034482,9.41290724137931,87.0,87.0,837.2864583333334,48.0,2022-08-29 08:03:52.335360025,84.49647997935483
3578,9.134603333333335,9.338390344827587,87.0,87.0,842.2210416666667,48.0,2022-08-30 08:43:27.575040025,85.20578035612903
3579,8.738310674157303,8.822992584269663,89.0,89.0,839.550625,48.0,2022-08-31 09:23:02.814720017,85.91508073290322
3580,8.61394551724138,8.78493367816092,87.0,87.0,840.210625,48.0,2022-09-01 10:02:38.054400017,86.62438110967742
3581,8.886286931818182,9.14764034090909,88.0,88.0,830.9987500000001,48.0,2022-09-02 10:42:13.294080017,87.33368148645161
3582,9.015462159090909,9.318787727272728,88.0,88.0,836.32625,48.0,2022-09-03 11:21:48.533760017,88.0429818632258
3583,9.166734137931034,9.438815977011496,87.0,87.0,837.4602083333334,48.0,2022-09-04 12:01:23.773440017,88.75228224
3584,9.333415172413792,9.705331724137931,87.0,87.0,,,2022-09-05 12:40:59.013120017,89.4615826167742
3585,9.435001511627906,9.77108523255814,86.0,86.0,,,2022-09-06 13:20:34.252800017,90.17088299354839
3586,9.12176551724138,9.489983793103448,87.0,87.0,,,2022-09-07 14:00:09.492480008,90.88018337032258
3587,9.153222727272727,9.588894431818183,88.0,88.0,,,2022-09-08 14:39:44.732160008,91.58948374709678
3588,9.170269655172413,9.54550367816092,87.0,87.0,,,2022-09-09 15:19:19.971840008,92.29878412387097
3589,9.237280689655172,9.658294367816092,87.0,87.0,811.18125,48.0,2022-09-10 15:58:55.211520008,93.00808450064517
3590,9.388764204545454,9.688719545454545,88.0,88.0,827.6572916666668,48.0,2022-09-11 16:38:30.451200008,93.71738487741936
3591,9.414307586206897,9.766349310344827,87.0,87.0,824.1227083333333,48.0,2022-09-12 17:18:05.690880008,94.42668525419354
3592,9.342818295454546,9.750029545454545,88.0,88.0,820.7929166666667,48.0,2022-09-13 17:57:40.930560008,95.13598563096774
3593,9.493448390804598,9.923849770114941,87.0,87.0,824.176875,48.0,2022-09-14 18:37:16.170239999,95.84528600774193
3594,9.35253215909091,9.85107465909091,88.0,88.0,816.5656250000001,48.0,2022-09-15 19:16:51.409920000,95.98661045333333
3595,9.502735057471265,10.005908045977012,87.0,87.0,823.8375,48.0,2022-09-16 19:56:26.649600000,95.9694856
3596,9.519099885057472,10.004003333333333,87.0,87.0,827.0308333333334,48.0,2022-09-17 20:36:01.889280000,95.95236074666667
3597,9.659539318181817,10.165999886363636,88.0,88.0,813.1275,48.0,2022-09-18 21:15:37.128960000,95.93523589333333
3598,9.589949886363636,10.234603181818182,88.0,88.0,820.3641666666667,48.0,2022-09-19 21:55:12.368640000,95.91811104
3599,9.69475275862069,10.274235402298851,87.0,87.0,826.390625,48.0,2022-09-20 22:34:47.608320000,95.90098618666667
3600,9.452417272727272,10.005868522727273,88.0,88.0,821.60875,48.0,2022-09-21 23:14:22.847999991,95.88386133333333
3601,9.037288977272727,9.28985034090909,88.0,88.0,827.1539583333333,48.0,2022-09-22 23:53:58.087680034,95.86673648
3602,9.051746666666666,9.388753678160919,87.0,87.0,819.1141666666667,48.0,2022-09-24 00:33:33.327360034,95.84961162666667
3603,9.071873103448276,9.462641494252875,87.0,87.0,830.4270833333334,48.0,2022-09-25 01:13:08.567040034,95.83248677333333
3604,9.064266022727272,9.355600909090908,88.0,88.0,813.5379166666667,48.0,2022-09-26 01:52:43.806720025,95.81536192
3605,9.122602068965517,9.440743448275862,87.0,87.0,822.8127083333334,48.0,2022-09-27 02:32:19.046400025,95.79823706666667
3606,9.060695909090908,9.339138636363636,88.0,88.0,824.4541666666668,48.0,2022-09-28 03:11:54.286080025,95.78111221333333
3607,8.941241511627908,9.227423255813953,86.0,86.0,821.3970833333333,48.0,2022-09-29 03:51:29.525760025,95.76398736
3608,8.701622666666667,8.919751444444445,90.0,90.0,823.8966666666666,48.0,2022-09-30 04:31:04.765440025,95.74686250666667
3609,8.904097931034483,9.074327701149425,87.0,87.0,805.1404166666666,48.0,2022-10-01 05:10:40.005120025,95.72973765333333
3610,8.897183409090909,9.179979545454545,88.0,88.0,815.164375,48.0,2022-10-02 05:50:15.244800025,95.7126128
3611,9.112391379310345,9.42542540229885,87.0,87.0,815.0416666666666,48.0,2022-10-03 06:29:50.484480017,95.69548794666666
3612,8.865968202247192,9.14385,89.0,89.0,814.0433333333334,48.0,2022-10-04 07:09:25.724160017,95.67836309333333
3613,8.885989425287358,9.078351724137931,87.0,87.0,814.9710416666667,48.0,2022-10-05 07:49:00.963840017,95.66123824
3614,8.88642551724138,9.112270229885057,87.0,87.0,817.8441666666666,48.0,2022-10-06 08:28:36.203520017,95.64411338666666
3615,8.921262272727274,9.157051363636363,88.0,88.0,807.779375,48.0,2022-10-07 09:08:11.443200017,95.62698853333333
3616,9.147720689655173,9.408588505747126,87.0,87.0,800.2600000000001,48.0,2022-10-08 09:47:46.682880017,95.60986368
3617,9.26410551724138,9.62555448275862,87.0,87.0,799.18,48.0,2022-10-09 10:27:21.922560017,95.59273882666666
3618,9.427143295454545,9.902843068181818,88.0,88.0,793.3995833333333,48.0,2022-10-10 11:06:57.162240008,95.57561397333333
3619,9.603217931034482,10.11100103448276,87.0,87.0,797.2670833333333,48.0,2022-10-11 11:46:32.401920008,95.55848912
3620,9.536942272727272,9.993831477272728,88.0,88.0,808.0145833333332,48.0,2022-10-12 12:26:07.641600008,95.54136426666666
3621,9.328127613636363,9.85014625,88.0,88.0,797.0083333333333,48.0,2022-10-13 13:05:42.881280008,95.52423941333333
3622,9.475691022727274,9.998380568181817,88.0,88.0,800.8529166666667,48.0,2022-10-14 13:45:18.120960008,95.50711456
3623,9.65545356321839,10.180105632183908,87.0,87.0,825.793125,48.0,2022-10-15 14:24:53.360640008,95.20937858064516
3624,9.620995454545454,10.105501363636364,88.0,88.0,804.8335416666667,48.0,2022-10-16 15:04:28.600320008,94.71220541935485
3625,9.548707386363636,9.95955909090909,88.0,88.0,812.629375,48.0,2022-10-17 15:44:03.840000000,94.21503225806451
3626,9.339106363636363,9.752855795454545,88.0,88.0,811.7072916666666,48.0,2022-10-18 16:23:39.079680000,93.71785909677419
3627,9.23642715909091,9.583732159090909,88.0,88.0,810.3552083333334,48.0,2022-10-19 17:03:14.319359999,93.22068593548387
3628,9.229292298850575,9.573483333333334,87.0,87.0,806.3833333333333,48.0,2022-10-20 17:42:49.559040000,92.72351277419355
3629,9.257771724137932,9.606257011494254,87.0,87.0,802.4283333333333,48.0,2022-10-21 18:22:24.798720000,92.22633961290323
3630,9.322410681818182,9.619733068181818,88.0,88.0,807.709375,48.0,2022-10-22 19:02:00.038400000,91.7291664516129
3631,9.172996206896551,9.598558390804598,87.0,87.0,810.4741666666667,48.0,2022-10-23 19:41:35.278080000,91.23199329032258
3632,9.450113372093023,9.73006546511628,86.0,86.0,807.0152083333334,48.0,2022-10-24 20:21:10.517760034,90.73482012903226
3633,9.354222499999999,9.7248175,88.0,88.0,798.8033333333333,48.0,2022-10-25 21:00:45.757440034,90.23764696774194
3634,9.470273068181818,9.782515568181818,88.0,88.0,802.3277083333334,48.0,2022-10-26 21:40:20.997120034,89.74047380645162
3635,9.299714367816092,9.58357551724138,87.0,87.0,797.2958333333332,48.0,2022-10-27 22:19:56.236800034,89.24330064516128
3636,9.25381693181818,9.527276477272729,88.0,88.0,797.5681249999999,48.0,2022-10-28 22:59:31.476480025,88.74612748387096
3637,9.32858183908046,9.616012873563218,87.0,87.0,804.2116666666667,48.0,2022-10-29 23:39:06.716160025,88.24895432258064
3638,9.264722272727273,9.619374431818182,88.0,88.0,800.5129166666667,48.0,2022-10-31 00:18:41.955840025,87.75178116129032
3639,9.486192045454546,9.677720340909092,88.0,88.0,796.493125,48.0,2022-11-01 00:58:17.195520025,87.254608
3640,9.44013023255814,9.771662209302326,86.0,86.0,792.3416666666667,48.0,2022-11-02 01:37:52.435200025,86.75743483870968
3641,9.359309431818183,9.665561818181818,88.0,88.0,791.9972916666667,48.0,2022-11-03 02:17:27.674880025,86.26026167741935
3642,9.491193977272728,9.84033125,88.0,88.0,784.7791666666667,48.0,2022-11-04 02:57:02.914560025,85.76308851612903
3643,9.433445454545454,9.867851477272728,88.0,88.0,798.3354166666667,48.0,2022-11-05 03:36:38.154240017,85.26591535483871
3644,9.700781744186047,10.091038255813954,86.0,86.0,796.2495833333334,48.0,2022-11-06 04:16:13.393920017,84.76874219354839
3645,9.510254555555555,9.908650777777778,90.0,90.0,788.7822916666668,48.0,2022-11-07 04:55:48.633600017,84.27156903225807
3646,9.654791279069768,10.196212441860466,86.0,86.0,799.6125000000001,48.0,2022-11-08 05:35:23.873280017,83.77439587096774
3647,9.417704494382022,9.812990449438201,89.0,89.0,792.966875,48.0,2022-11-09 06:14:59.112960017,83.27722270967742
3648,9.324693522727273,9.697089886363637,88.0,88.0,794.9214583333334,48.0,2022-11-10 06:54:34.352640017,82.7800495483871
3649,9.63194632183908,10.010620689655171,87.0,87.0,798.3510416666667,48.0,2022-11-11 07:34:09.592320017,82.28287638709678
3650,9.737495172413793,10.22882643678161,87.0,87.0,803.4320833333333,48.0,2022-11-12 08:13:44.832000017,81.78570322580646
3651,9.679875862068965,10.267257356321839,87.0,87.0,799.5639583333333,48.0,2022-11-13 08:53:20.071680008,81.28853006451612
3652,9.681009195402298,10.242265632183907,87.0,87.0,792.7168750000001,48.0,2022-11-14 09:32:55.311360008,80.7913569032258
3653,9.635012840909091,10.128121931818182,88.0,88.0,798.36,48.0,2022-11-15 10:12:30.551040008,80.95796404266666
3654,9.73273632183908,10.171151724137932,87.0,87.0,797.0447916666667,48.0,2022-11-16 10:52:05.790720008,82.064229568
3655,9.619452988505747,10.162569195402298,87.0,87.0,802.2045833333333,48.0,2022-11-17 11:31:41.030400008,83.17049509333333
3656,9.521706931818182,10.059384204545454,88.0,88.0,806.1952083333334,48.0,2022-11-18 12:11:16.270080008,84.27676061866667
3657,9.63565091954023,10.140100459770116,87.0,87.0,800.415625,48.0,2022-11-19 12:50:51.509760008,85.383026144
3658,9.737474712643678,10.316571379310345,87.0,87.0,803.2695833333333,48.0,2022-11-20 13:30:26.749440000,86.48929166933333
3659,9.638192840909092,10.192155454545455,88.0,88.0,795.7777083333334,48.0,2022-11-21 14:10:01.989120000,87.59555719466667
3660,9.577629772727272,10.070945340909091,88.0,88.0,802.0666666666666,48.0,2022-11-22 14:49:37.228800000,88.70182272
3661,9.600062386363636,10.054405681818182,88.0,88.0,800.9127083333333,48.0,2022-11-23 15:29:12.468479999,89.80808824533334
3662,9.452412413793104,9.842450344827586,87.0,87.0,800.9133333333333,48.0,2022-11-24 16:08:47.708160000,90.91435377066666
3663,9.335442500000001,9.839770227272727,88.0,88.0,799.5854166666667,48.0,2022-11-25 16:48:22.947840000,92.02061929599999
3664,9.509039770114942,9.983532068965516,87.0,87.0,786.3070833333333,48.0,2022-11-26 17:27:58.187520000,93.12688482133333
3665,9.406261609195402,9.809710229885058,87.0,87.0,787.8202083333334,48.0,2022-11-27 18:07:33.427200034,94.23315034666666
3666,9.10770988505747,9.409093908045977,87.0,87.0,793.2175000000001,48.0,2022-11-28 18:47:08.666880034,95.339415872
3667,9.09956356321839,9.401298160919541,87.0,87.0,799.6204166666666,48.0,2022-11-29 19:26:43.906560034,96.44568139733333
3668,9.228664431818181,9.541034545454545,88.0,88.0,795.8249999999999,48.0,2022-11-30 20:06:19.146240034,97.55194692266667
3669,9.209360227272727,9.520685454545456,88.0,88.0,795.5016666666667,48.0,2022-12-01 20:45:54.385920025,98.658212448
3670,9.269307159090909,9.512990227272727,88.0,88.0,797.9227083333334,48.0,2022-12-02 21:25:29.625600025,99.76447797333333
3671,9.210767471264369,9.489542183908046,87.0,87.0,792.0877083333334,48.0,2022-12-03 22:05:04.865280025,100.87074349866666
3672,9.098715862068966,9.43572183908046,87.0,87.0,792.9029166666666,48.0,2022-12-04 22:44:40.104960025,101.977009024
3673,9.065648505747125,9.36248896551724,87.0,87.0,791.4283333333333,48.0,2022-12-05 23:24:15.344640025,103.08327454933332
3674,9.090025862068966,9.295767011494252,87.0,87.0,804.4512500000001,48.0,2022-12-07 00:03:50.584320025,104.18954007466667
3675,8.993033068181818,9.301731136363635,88.0,88.0,799.7752083333334,48.0,2022-12-08 00:43:25.824000025,105.2958056
3676,9.125331477272727,9.401645795454545,88.0,88.0,798.73875,48.0,2022-12-09 01:23:01.063680017,106.40207112533332
3677,9.095906818181819,9.327524204545455,88.0,88.0,794.9516666666667,48.0,2022-12-10 02:02:36.303360017,107.50833665066666
3678,9.040008522727273,9.397616136363636,88.0,88.0,799.3185416666666,48.0,2022-12-11 02:42:11.543040017,108.61460217599999
3679,9.15098465909091,9.396310568181818,88.0,88.0,798.7814583333334,48.0,2022-12-12 03:21:46.782720017,109.72086770133333
3680,9.196816511627908,9.49062558139535,86.0,86.0,801.9166666666666,48.0,2022-12-13 04:01:22.022400017,110.82713322666666
3681,9.153205454545455,9.447148068181818,88.0,88.0,798.1002083333333,48.0,2022-12-14 04:40:57.262080017,111.93339875199999
3682,9.172368636363636,9.440906590909092,88.0,88.0,798.8654166666666,48.0,2022-12-15 05:20:32.501760017,113.02690675612902
3683,9.192445,9.44525409090909,88.0,88.0,795.7218750000001,48.0,2022-12-16 06:00:07.741440008,114.07428488258064
3684,9.189937126436782,9.541753793103448,87.0,87.0,792.7560416666666,48.0,2022-12-17 06:39:42.981120008,115.12166300903226
3685,9.166381149425288,9.480472528735632,87.0,87.0,803.6164583333333,48.0,2022-12-18 07:19:18.220800008,116.16904113548387
3686,9.179316136363637,9.430146022727273,88.0,88.0,802.1291666666666,48.0,2022-12-19 07:58:53.460480008,117.21641926193548
3687,9.199101034482759,9.536452758620689,87.0,87.0,788.7362499999999,48.0,2022-12-20 08:38:28.700160008,118.26379738838709
3688,9.01944840909091,9.28716625,88.0,88.0,799.9945833333333,48.0,2022-12-21 09:18:03.939840008,119.31117551483871
3689,8.910176704545455,9.056909318181818,88.0,88.0,797.64125,48.0,2022-12-22 09:57:39.179520008,120.35855364129033
3690,9.088375681818182,9.292118295454545,88.0,88.0,794.5225,48.0,2022-12-23 10:37:14.419200000,121.40593176774193
3691,8.86140193181818,9.086980454545454,88.0,88.0,804.7531250000001,48.0,2022-12-24 11:16:49.658880000,122.45330989419355
3692,8.91812409090909,9.160546931818182,88.0,88.0,810.3297916666667,48.0,2022-12-25 11:56:24.898560000,123.50068802064516
3693,9.0208625,9.217819431818182,88.0,88.0,800.7704166666667,48.0,2022-12-26 12:36:00.138240000,124.54806614709678
3694,9.034006896551725,9.202138965517241,87.0,87.0,804.5270833333334,48.0,2022-12-27 13:15:35.377920000,125.5954442735484
3695,8.835783103448275,8.89854275862069,87.0,87.0,800.995,48.0,2022-12-28 13:55:10.617600000,126.6428224
3696,8.780709204545454,8.924086818181818,88.0,88.0,803.4237499999999,48.0,2022-12-29 14:34:45.857280034,127.69020052645162
3697,8.734380909090909,8.958259090909092,88.0,88.0,809.8229166666666,48.0,2022-12-30 15:14:21.096960034,128.73757865290324
3698,8.928184418604651,9.101546162790697,86.0,86.0,810.7525,48.0,2022-12-31 15:53:56.336640034,129.78495677935484
3699,8.927482613636364,9.142498636363637,88.0,88.0,808.4114583333334,48.0,2023-01-01 16:33:31.576320034,130.83233490580645
3700,9.022174431818183,9.217590795454546,88.0,88.0,809.379375,48.0,2023-01-02 17:13:06.816000034,131.87971303225805
3701,8.920039772727272,9.255117613636363,88.0,88.0,803.7395833333334,48.0,2023-01-03 17:52:42.055680025,132.9270911587097
3702,9.094245172413794,9.386296781609197,87.0,87.0,808.8039583333333,48.0,2023-01-04 18:32:17.295360025,133.9744692851613
3703,9.09892215909091,9.389091363636364,88.0,88.0,812.2875,48.0,2023-01-05 19:11:52.535040025,135.0218474116129
3704,9.20832367816092,9.42242459770115,87.0,87.0,812.9920833333334,48.0,2023-01-06 19:51:27.774720025,136.06922553806453
3705,9.072256206896553,9.283975057471265,87.0,87.0,810.6374999999999,48.0,2023-01-07 20:31:03.014400025,137.11660366451613
3706,8.937925795454545,9.0943575,88.0,88.0,810.0035416666666,48.0,2023-01-08 21:10:38.254080025,138.16398179096774
3707,8.927902528735633,9.186217701149424,87.0,87.0,803.6035416666667,48.0,2023-01-09 21:50:13.493760025,139.21135991741937
3708,9.04238465909091,9.261956818181817,88.0,88.0,803.7552083333334,48.0,2023-01-10 22:29:48.733440017,140.25873804387098
3709,9.00345459770115,9.314940344827587,87.0,87.0,811.4245833333333,48.0,2023-01-11 23:09:23.973120017,141.30611617032258
3710,8.970875747126437,9.242127586206896,87.0,87.0,812.8795833333334,48.0,2023-01-12 23:48:59.212800017,142.3534942967742
3711,8.953523146067417,9.211104606741573,89.0,89.0,807.0195833333333,48.0,2023-01-14 00:28:34.452480017,143.40087242322582
3712,8.77189816091954,8.958330919540229,87.0,87.0,802.5102083333333,48.0,2023-01-15 01:08:09.692160017,144.34945907612905
3713,8.795839318181818,8.907968181818182,88.0,88.0,802.3347916666667,48.0,2023-01-16 01:47:44.931840017,143.25236363354838
3714,8.754760804597701,8.902758505747126,87.0,87.0,801.55875,48.0,2023-01-17 02:27:20.171520017,142.15526819096775
3715,8.708893908045978,8.948296321839079,87.0,87.0,815.6304166666667,48.0,2023-01-18 03:06:55.411200008,141.0581727483871
3716,8.76230827586207,8.984093218390806,87.0,87.0,814.0137500000001,48.0,2023-01-19 03:46:30.650880008,139.96107730580647
3717,8.587387471264368,8.776713103448275,87.0,87.0,808.3177083333334,48.0,2023-01-20 04:26:05.890560008,138.8639818632258
3718,8.593655113636364,8.726171022727273,88.0,88.0,814.8389583333334,48.0,2023-01-21 05:05:41.130240008,137.76688642064516
3719,8.537537471264368,8.609256206896552,87.0,87.0,811.2997916666667,48.0,2023-01-22 05:45:16.369920008,136.66979097806453
3720,8.472963448275863,8.652474712643679,87.0,87.0,816.4043750000001,48.0,2023-01-23 06:24:51.609600008,135.5726955354839
3721,8.813319770114942,8.921079770114943,87.0,87.0,820.18,48.0,2023-01-24 07:04:26.849280008,134.47560009290322
3722,8.742184494382021,8.980852696629213,89.0,89.0,818.5906249999999,48.0,2023-01-25 07:44:02.088960000,133.37850465032258
3723,8.860520000000001,9.082112558139535,86.0,86.0,816.8858333333333,48.0,2023-01-26 08:23:37.328640000,132.28140920774194
3724,8.761096206896552,8.881046206896553,87.0,87.0,817.6377083333333,48.0,2023-01-27 09:03:12.568319999,131.1843137651613
3725,8.786209885057472,8.905911494252873,87.0,87.0,815.5945833333334,48.0,2023-01-28 09:42:47.808000000,130.08721832258064
3726,8.699732758620689,8.824095862068965,87.0,87.0,820.7470833333333,48.0,2023-01-29 10:22:23.047680000,128.99012288
3727,8.821207078651685,8.943520674157304,89.0,89.0,817.9929166666667,48.0,2023-01-30 11:01:58.287360000,127.89302743741936
3728,8.794519655172413,8.935257816091955,87.0,87.0,823.05625,48.0,2023-01-31 11:41:33.527040000,126.79593199483871
3729,8.908078045977012,9.022008045977012,87.0,87.0,818.2689583333334,48.0,2023-02-01 12:21:08.766720034,125.69883655225806
3730,8.853962954545453,8.966964772727273,88.0,88.0,818.7389583333334,48.0,2023-02-02 13:00:44.006400034,124.60174110967742
3731,8.80981284090909,8.973523181818182,88.0,88.0,815.3454166666667,48.0,2023-02-03 13:40:19.246080034,123.50464566709678
3732,8.799844545454546,8.99917318181818,88.0,88.0,821.9789583333333,48.0,2023-02-04 14:19:54.485760034,122.40755022451613
3733,8.873184137931036,9.000588735632183,87.0,87.0,824.7872916666666,48.0,2023-02-05 14:59:29.725440025,121.31045478193548
3734,8.92182784090909,9.17864340909091,88.0,88.0,823.2208333333333,48.0,2023-02-06 15:39:04.965120025,120.21335933935484
3735,8.851000454545455,9.059912045454546,88.0,88.0,820.0606250000001,48.0,2023-02-07 16:18:40.204800025,119.1162638967742
3736,8.657678977272727,8.861104659090909,88.0,88.0,818.225,48.0,2023-02-08 16:58:15.444480025,118.01916845419355
3737,8.69161091954023,8.846963908045977,87.0,87.0,815.7122916666667,48.0,2023-02-09 17:37:50.684160025,116.9220730116129
3738,8.452210568181819,8.597459659090909,88.0,88.0,818.71625,48.0,2023-02-10 18:17:25.923840025,115.82497756903226
3739,8.51391590909091,8.568817386363635,88.0,88.0,827.4472916666667,48.0,2023-02-11 18:57:01.163520025,114.72788212645162
3740,8.581549885057472,8.669464942528736,87.0,87.0,824.9402083333333,48.0,2023-02-12 19:36:36.403200017,113.63078668387097
3741,8.644779885057472,8.78680896551724,87.0,87.0,818.343125,48.0,2023-02-13 20:16:11.642880017,112.53369124129031
3742,8.631239540229885,8.839877816091954,87.0,87.0,828.8829166666666,48.0,2023-02-14 20:55:46.882560017,111.43659579870967
3743,8.411265172413794,8.601099425287357,87.0,87.0,829.1345833333334,48.0,2023-02-15 21:35:22.122240017,111.6855264
3744,8.482682325581395,8.540547674418605,86.0,86.0,825.8547916666666,48.0,2023-02-16 22:14:57.361920017,112.12587977142857
3745,8.258256931818183,8.288344886363637,88.0,88.0,836.1145833333334,48.0,2023-02-17 22:54:32.601600017,112.56623314285714
3746,8.33254183908046,8.373105057471264,87.0,87.0,834.3485416666667,48.0,2023-02-18 23:34:07.841280017,113.00658651428571
3747,8.438121609195402,8.52762724137931,87.0,87.0,826.9266666666667,48.0,2023-02-20 00:13:43.080960008,113.44693988571429
3748,8.407146781609196,8.41143551724138,87.0,87.0,834.13,48.0,2023-02-21 00:53:18.320640008,113.88729325714286
3749,7.799722272727272,7.531852499999999,88.0,88.0,832.5689583333333,48.0,2023-02-22 01:32:53.560320008,114.32764662857143
3750,7.834185862068965,7.618771609195402,87.0,87.0,834.69625,48.0,2023-02-23 02:12:28.800000008,114.768
3751,7.839711477272728,7.652712500000001,88.0,88.0,833.7533333333334,48.0,2023-02-24 02:52:04.039680008,115.20835337142857
3752,8.030688977272728,7.866214090909091,88.0,88.0,835.5727083333333,48.0,2023-02-25 03:31:39.279360008,115.64870674285714
3753,8.086365977011495,7.945266781609195,87.0,87.0,831.9362500000001,48.0,2023-02-26 04:11:14.519040008,116.08906011428572
3754,8.003121149425287,7.847078045977011,87.0,87.0,834.370625,48.0,2023-02-27 04:50:49.758720000,116.52941348571429
3755,8.054116022727273,7.934123068181818,88.0,88.0,835.0716666666667,48.0,2023-02-28 05:30:24.998400000,116.96976685714286
3756,8.079588965517242,8.025736206896552,87.0,87.0,832.7304166666667,48.0,2023-03-01 06:10:00.238080000,117.41012022857143
3757,7.997219770114942,7.906975057471264,87.0,87.0,818.3264583333333,48.0,2023-03-02 06:49:35.477760000,117.8504736
3758,8.05351797752809,7.862043033707865,89.0,89.0,837.1191666666667,48.0,2023-03-03 07:29:10.717439999,118.29082697142857
3759,8.20063569767442,8.095911976744185,86.0,86.0,832.7422916666666,48.0,2023-03-04 08:08:45.957120000,118.73118034285714
3760,8.142628636363638,8.00625409090909,88.0,88.0,829.5747916666666,48.0,2023-03-05 08:48:21.196800034,119.17153371428572
3761,8.176386781609196,8.191532413793103,87.0,87.0,834.2110416666666,48.0,2023-03-06 09:27:56.436480034,119.61188708571429
3762,8.242186022727273,8.191545,88.0,88.0,827.3045833333334,48.0,2023-03-07 10:07:31.676160034,120.05224045714286
3763,8.291681704545455,8.22097534090909,88.0,88.0,838.7077083333334,48.0,2023-03-08 10:47:06.915840034,120.49259382857143
3764,8.285762613636363,8.211203636363637,88.0,88.0,838.3597916666666,48.0,2023-03-09 11:26:42.155520034,120.9329472
3765,8.38893023255814,8.34088058139535,86.0,86.0,829.9981250000001,48.0,2023-03-10 12:06:17.395200025,121.37330057142857
3766,,,,,839.5847916666667,48.0,2023-03-11 12:45:52.634880025,121.81365394285714
3767,8.315422840909092,8.300143068181818,88.0,88.0,839.5666666666666,48.0,2023-03-12 13:25:27.874560025,122.25400731428572
3768,8.658677045454546,8.633003181818182,88.0,88.0,836.5283333333333,48.0,2023-03-13 14:05:03.114240025,122.69436068571429
3769,8.508660909090908,8.509429659090909,88.0,88.0,840.3375,48.0,2023-03-14 14:44:38.353920025,123.13471405714286
3770,8.352699545454545,8.318334545454546,88.0,88.0,844.7952083333333,48.0,2023-03-15 15:24:13.593600025,122.7679072
3771,8.290643333333334,8.29597908045977,87.0,87.0,839.9006250000001,48.0,2023-03-16 16:03:48.833280025,121.91608385032258
3772,8.241105977011495,8.164886781609196,87.0,87.0,845.866875,48.0,2023-03-17 16:43:24.072960017,121.06426050064516
3773,8.03379715909091,7.882232272727273,88.0,88.0,842.7864583333334,48.0,2023-03-18 17:22:59.312640017,120.21243715096774
3774,8.136980804597702,7.9375401149425295,87.0,87.0,844.22625,48.0,2023-03-19 18:02:34.552320017,119.36061380129031
3775,8.014698045977012,7.820858045977012,87.0,87.0,845.55375,48.0,2023-03-20 18:42:09.792000017,118.5087904516129
3776,7.872233448275862,7.662018045977011,87.0,87.0,846.3095833333333,48.0,2023-03-21 19:21:45.031680017,117.65696710193548
3777,7.798321818181819,7.6190719318181825,88.0,88.0,846.64,48.0,2023-03-22 20:01:20.271360017,116.80514375225806
3778,7.862958620689655,7.703735057471265,87.0,87.0,846.4627083333334,48.0,2023-03-23 20:40:55.511040017,115.95332040258064
3779,7.7837975,7.610369659090909,88.0,88.0,844.0204166666667,48.0,2023-03-24 21:20:30.750720008,115.10149705290323
3780,7.7115611363636365,7.498139659090909,88.0,88.0,845.6747916666667,48.0,2023-03-25 22:00:05.990400008,114.2496737032258
3781,7.810979886363636,7.579867613636364,88.0,88.0,847.1185416666667,48.0,2023-03-26 22:39:41.230080008,113.39785035354838
3782,7.839055681818182,7.6383861363636365,88.0,88.0,847.436875,48.0,2023-03-27 23:19:16.469760008,112.54602700387096
3783,7.8501325,7.687071136363636,88.0,88.0,847.776875,48.0,2023-03-28 23:58:51.709440008,111.69420365419354
3784,8.076098651685394,7.898354269662922,89.0,89.0,840.5952083333333,48.0,2023-03-30 00:38:26.949120008,110.84238030451613
3785,8.009300454545455,7.895347386363636,88.0,88.0,856.4435416666666,48.0,2023-03-31 01:18:02.188800008,109.99055695483871
3786,8.143437954545455,7.9581715909090915,88.0,88.0,829.5441666666667,48.0,2023-04-01 01:57:37.428480000,109.13873360516129
3787,8.101056136363637,7.963012954545454,88.0,88.0,843.0616666666666,48.0,2023-04-02 02:37:12.668160000,108.28691025548386
3788,8.01297765625,7.8996715625,64.0,64.0,850.09375,48.0,2023-04-03 03:16:47.907840000,107.43508690580644
3789,,,,,,,2023-04-04 03:56:23.147520000,106.58326355612903
3790,,,,,,,2023-04-05 04:35:58.387200000,105.73144020645161
3791,,,,,,,2023-04-06 05:15:33.626880000,104.87961685677419
3792,,,,,,,2023-04-07 05:55:08.866560000,104.02779350709677
3793,8.515047872340425,8.402145744680851,47.0,47.0,831.0527083333333,48.0,2023-04-08 06:34:44.106240034,103.17597015741936
3794,8.194925666666666,8.188005222222223,90.0,90.0,852.5985416666667,48.0,2023-04-09 07:14:19.345920034,102.32414680774193
3795,8.261290681818181,8.280657159090909,88.0,88.0,849.2956250000001,48.0,2023-04-10 07:53:54.585600034,101.47232345806451
3796,8.414267471264367,8.36432988505747,87.0,87.0,852.8545833333334,48.0,2023-04-11 08:33:29.825280034,100.62050010838709
3797,8.28370409090909,8.27973034090909,88.0,88.0,847.124375,48.0,2023-04-12 09:13:05.064960025,99.76867675870967
3798,8.26567264367816,8.206430574712645,87.0,87.0,852.9952083333333,48.0,2023-04-13 09:52:40.304640025,98.91685340903226
3799,8.117329545454545,8.013541477272726,88.0,88.0,853.55375,48.0,2023-04-14 10:32:15.544320025,98.06503005935483
3800,8.18919183908046,8.093141264367816,87.0,87.0,850.9041666666667,48.0,2023-04-15 11:11:50.784000025,98.2189696
3801,8.259037954545455,8.12641125,88.0,88.0,854.5702083333334,48.0,2023-04-16 11:51:26.023680025,99.58210792533333
3802,8.167025454545454,8.156727386363636,88.0,88.0,852.8614583333333,48.0,2023-04-17 12:31:01.263360025,100.94524625066666
3803,8.300464022988505,8.306652183908046,87.0,87.0,848.2783333333333,48.0,2023-04-18 13:10:36.503040025,102.308384576
3804,8.295991839080461,8.19144724137931,87.0,87.0,851.9108333333334,48.0,2023-04-19 13:50:11.742720017,103.67152290133333
3805,8.221565340909091,8.226857045454546,88.0,88.0,850.4389583333333,48.0,2023-04-20 14:29:46.982400017,105.03466122666666
3806,8.230028426966292,8.223931348314606,89.0,89.0,848.7183333333334,48.0,2023-04-21 15:09:22.222080017,106.397799552
3807,8.427124137931035,8.490395057471265,87.0,87.0,849.9502083333333,48.0,2023-04-22 15:48:57.461760017,107.76093787733333
3808,8.475686091954023,8.516125632183908,87.0,87.0,842.9645833333334,48.0,2023-04-23 16:28:32.701440017,109.12407620266666
3809,8.402875280898877,8.520882808988764,89.0,89.0,845.7518749999999,48.0,2023-04-24 17:08:07.941120017,110.487214528
3810,8.456778620689654,8.529038965517241,87.0,87.0,844.6029166666667,48.0,2023-04-25 17:47:43.180800017,111.85035285333333
3811,8.526628505747126,8.564251954022989,87.0,87.0,851.1139583333334,48.0,2023-04-26 18:27:18.420480008,113.21349117866666
3812,8.372275113636364,8.4114325,88.0,88.0,854.3602083333334,48.0,2023-04-27 19:06:53.660160008,114.576629504
3813,8.412241250000001,8.478408977272728,88.0,88.0,845.9641666666666,48.0,2023-04-28 19:46:28.899840008,115.93976782933333
3814,8.491104137931034,8.578551149425287,87.0,87.0,851.9266666666667,48.0,2023-04-29 20:26:04.139520008,117.30290615466666
3815,8.540533218390804,8.592329540229885,87.0,87.0,850.9160416666667,48.0,2023-04-30 21:05:39.379200008,118.66604448
3816,8.522240227272727,8.60898590909091,88.0,88.0,845.5124999999999,48.0,2023-05-01 21:45:14.618880008,120.02918280533333
3817,8.434197558139536,8.467540697674417,86.0,86.0,849.99625,48.0,2023-05-02 22:24:49.858560008,121.39232113066666
3818,8.182318295454545,8.287367613636365,88.0,88.0,853.9322916666666,48.0,2023-05-03 23:04:25.098240000,122.755459456
3819,8.360558965517242,8.454846206896553,87.0,87.0,857.030625,48.0,2023-05-04 23:44:00.337920000,124.11859778133334
3820,8.349524712643678,8.47838448275862,87.0,87.0,856.4016666666666,48.0,2023-05-06 00:23:35.577600000,125.48173610666666
3821,8.331934545454546,8.410340795454546,88.0,88.0,851.9691666666666,48.0,2023-05-07 01:03:10.817280000,126.844874432
3822,8.338322528735633,8.402657816091955,87.0,87.0,853.91,48.0,2023-05-08 01:42:46.056960000,128.20801275733334
3823,8.34770448275862,8.400244942528737,87.0,87.0,854.3491666666667,48.0,2023-05-09 02:22:21.296640000,129.57115108266666
3824,8.327015681818182,8.35309159090909,88.0,88.0,854.54,48.0,2023-05-10 03:01:56.536320034,130.934289408
3825,8.128613068181819,8.157427045454545,88.0,88.0,854.958125,48.0,2023-05-11 03:41:31.776000034,132.29742773333334
3826,8.195327045454546,8.20110909090909,88.0,88.0,853.8762499999999,48.0,2023-05-12 04:21:07.015680034,133.66056605866666
3827,8.171584318181818,8.206998977272727,88.0,88.0,848.4356250000001,48.0,2023-05-13 05:00:42.255360034,135.023704384
3828,8.258363218390805,8.21842724137931,87.0,87.0,849.2027083333334,48.0,2023-05-14 05:40:17.495040034,136.38684270933334
3829,8.184046704545453,8.206029431818182,88.0,88.0,849.4197916666667,48.0,2023-05-15 06:19:52.734720025,137.5965771251613
3830,8.27012606741573,8.286222808988764,89.0,89.0,851.8454166666667,48.0,2023-05-16 06:59:27.974400025,138.3622237935484
3831,8.411959999999999,8.396310689655172,87.0,87.0,849.1216666666668,48.0,2023-05-17 07:39:03.214080025,139.1278704619355
3832,8.352729655172414,8.381479425287356,87.0,87.0,841.3058333333333,48.0,2023-05-18 08:18:38.453760025,139.89351713032258
3833,8.24739409090909,8.303293863636362,88.0,88.0,842.8783333333334,48.0,2023-05-19 08:58:13.693440025,140.65916379870967
3834,8.247279772727273,8.288218295454545,88.0,88.0,841.5591666666668,48.0,2023-05-20 09:37:48.933120025,141.4248104670968
3835,8.211309772727272,8.247416022727272,88.0,88.0,843.4320833333333,48.0,2023-05-21 10:17:24.172800025,142.19045713548388
3836,8.356161034482758,8.372428390804597,87.0,87.0,844.7516666666667,48.0,2023-05-22 10:56:59.412480017,142.95610380387097
3837,8.293083977272728,8.404298863636363,88.0,88.0,844.1531249999999,48.0,2023-05-23 11:36:34.652160017,143.72175047225807
3838,8.37825448275862,8.445281609195403,87.0,87.0,847.261875,48.0,2023-05-24 12:16:09.891840017,144.48739714064516
3839,8.425527931034482,8.414387011494252,87.0,87.0,845.3341666666666,48.0,2023-05-25 12:55:45.131520017,145.25304380903225
3840,8.304094318181818,8.30297090909091,88.0,88.0,840.7531250000001,48.0,2023-05-26 13:35:20.371200017,146.01869047741937
3841,8.215275862068966,8.208664367816093,87.0,87.0,842.2468749999999,48.0,2023-05-27 14:14:55.610880017,146.78433714580646
3842,8.217513793103448,8.241460114942528,87.0,87.0,845.96625,48.0,2023-05-28 14:54:30.850560017,147.54998381419355
3843,8.28549172413793,8.264181379310346,87.0,87.0,844.6306249999999,48.0,2023-05-29 15:34:06.090240008,148.31563048258064
3844,8.11399625,8.080508295454546,88.0,88.0,845.8777083333333,48.0,2023-05-30 16:13:41.329920008,149.08127715096774
3845,8.017877931034484,7.8412357471264365,87.0,87.0,844.8508333333334,48.0,2023-05-31 16:53:16.569600008,149.84692381935486
3846,7.917084482758621,7.791560459770115,87.0,87.0,843.1141666666667,48.0,2023-06-01 17:32:51.809280008,150.61257048774195
3847,7.965345,7.864789545454546,88.0,88.0,839.1814583333334,48.0,2023-06-02 18:12:27.048960008,151.37821715612904
3848,7.888147045454545,7.864411931818182,88.0,88.0,843.4518750000001,48.0,2023-06-03 18:52:02.288640008,152.14386382451613
3849,8.124321264367817,7.917911264367817,87.0,87.0,844.7481250000001,48.0,2023-06-04 19:31:37.528320008,152.90951049290322
3850,7.990434772727273,7.904524772727272,88.0,88.0,841.6729166666668,48.0,2023-06-05 20:11:12.768000000,153.67515716129031
3851,8.082333448275861,8.057441609195402,87.0,87.0,840.4289583333333,48.0,2023-06-06 20:50:48.007680000,154.4408038296774
3852,8.208708139534883,8.110189534883721,86.0,86.0,839.4885416666666,48.0,2023-06-07 21:30:23.247360000,155.20645049806453
3853,8.186789204545455,8.128342954545454,88.0,88.0,837.6350000000001,48.0,2023-06-08 22:09:58.487040000,155.97209716645162
3854,8.21143215909091,8.115366136363635,88.0,88.0,838.2097916666667,48.0,2023-06-09 22:49:33.726720000,156.7377438348387
3855,8.120643103448275,8.04498091954023,87.0,87.0,836.3627083333334,48.0,2023-06-10 23:29:08.966400000,157.5033905032258
3856,8.141701264367816,8.065051149425287,87.0,87.0,831.1585416666667,48.0,2023-06-12 00:08:44.206080000,158.2690371716129
3857,8.157817471264368,8.11499183908046,87.0,87.0,831.2652083333334,48.0,2023-06-13 00:48:19.445760034,159.03468384
3858,8.208926931818182,8.163628749999999,88.0,88.0,828.8479166666666,48.0,2023-06-14 01:27:54.685440034,159.8003305083871
3859,8.379361609195403,8.306545747126437,87.0,87.0,830.8345833333333,48.0,2023-06-15 02:07:29.925120034,160.49852432
3860,8.392742643678162,8.408108735632183,87.0,87.0,833.0129166666667,48.0,2023-06-16 02:47:05.164800034,160.48139946666666
3861,8.433073103448276,8.440624942528736,87.0,87.0,826.9222916666666,48.0,2023-06-17 03:26:40.404480025,160.46427461333334
3862,8.28591712643678,8.407285402298852,87.0,87.0,829.1660416666667,48.0,2023-06-18 04:06:15.644160025,160.44714976
3863,8.44037840909091,8.526690681818183,88.0,88.0,831.055625,48.0,2023-06-19 04:45:50.883840025,160.43002490666666
3864,8.450142528735633,8.445645747126436,87.0,87.0,825.2252083333333,48.0,2023-06-20 05:25:26.123520025,160.41290005333335
3865,8.340267011494252,8.357411379310344,87.0,87.0,826.3108333333333,48.0,2023-06-21 06:05:01.363200025,160.3957752
3866,8.333255697674419,8.289368720930232,86.0,86.0,830.743125,48.0,2023-06-22 06:44:36.602880025,160.37865034666666
3867,8.26372448275862,8.203954252873563,87.0,87.0,827.8664583333333,48.0,2023-06-23 07:24:11.842560025,160.36152549333335
3868,8.20618,8.12887183908046,87.0,87.0,829.2404166666666,48.0,2023-06-24 08:03:47.082240017,160.34440064
3869,8.055947954545454,7.942585681818182,88.0,88.0,824.5441666666667,48.0,2023-06-25 08:43:22.321920017,160.32727578666666
3870,8.143917931034482,8.02222551724138,87.0,87.0,825.9370833333334,48.0,2023-06-26 09:22:57.561600017,160.31015093333335
3871,8.187657701149426,8.16681816091954,87.0,87.0,825.6779166666666,48.0,2023-06-27 10:02:32.801280017,160.29302608
3872,8.197067272727272,8.20900909090909,88.0,88.0,823.675625,48.0,2023-06-28 10:42:08.040960017,160.27590122666666
3873,8.37829632183908,8.332877816091955,87.0,87.0,824.8937500000001,48.0,2023-06-29 11:21:43.280640017,160.25877637333335
3874,8.299888977272728,8.297532272727274,88.0,88.0,821.6154166666666,48.0,2023-06-30 12:01:18.520320017,160.24165152
3875,8.185451494252874,8.283487931034482,87.0,87.0,818.9729166666666,48.0,2023-07-01 12:40:53.760000008,160.22452666666666
3876,8.262379655172413,8.29116988505747,87.0,87.0,817.8972916666667,48.0,2023-07-02 13:20:28.999680008,160.20740181333332
3877,8.179057272727272,8.249726477272727,88.0,88.0,818.4466666666667,48.0,2023-07-03 14:00:04.239360008,160.19027696
3878,8.296378735632183,8.248981264367817,87.0,87.0,817.8020833333334,48.0,2023-07-04 14:39:39.479040008,160.17315210666666
3879,8.275898390804597,8.335438735632184,87.0,87.0,812.4285416666667,48.0,2023-07-05 15:19:14.718720008,160.15602725333332
3880,8.352892045454546,8.31830943181818,88.0,88.0,805.6550000000001,48.0,2023-07-06 15:58:49.958400008,160.1389024
3881,8.405505632183909,8.362525632183907,87.0,87.0,805.853125,48.0,2023-07-07 16:38:25.198080008,160.12177754666666
3882,8.366714597701149,8.389634827586207,87.0,87.0,810.0160416666666,48.0,2023-07-08 17:18:00.437760000,160.10465269333332
3883,8.318565977011493,8.382039770114943,87.0,87.0,808.0547916666666,48.0,2023-07-09 17:57:35.677440000,160.08752784
3884,8.341114772727273,8.407512954545455,88.0,88.0,818.663125,48.0,2023-07-10 18:37:10.917120000,160.07040298666666
3885,8.533343255813953,8.461836744186046,86.0,86.0,794.32375,48.0,2023-07-11 19:16:46.156800000,160.05327813333332
3886,8.458082758620689,8.49774448275862,87.0,87.0,804.8645833333334,48.0,2023-07-12 19:56:21.396480000,160.03615328
3887,8.371156022727273,8.516919431818183,88.0,88.0,795.0629166666666,48.0,2023-07-13 20:35:56.636160000,160.01902842666667
3888,8.430914431818183,8.486283977272727,88.0,88.0,797.2966666666666,48.0,2023-07-14 21:15:31.875840034,160.00190357333332
3889,8.516629186046512,8.611823953488372,86.0,86.0,802.7043749999999,48.0,2023-07-15 21:55:07.115520034,158.66838350451613
3890,8.599396091954024,8.693243448275862,87.0,87.0,804.0245833333333,48.0,2023-07-16 22:34:42.355200034,157.1702350451613
3891,8.490723295454545,8.532666931818182,88.0,88.0,801.6502083333334,48.0,2023-07-17 23:14:17.594880034,155.67208658580645
3892,8.437813793103448,8.513555287356322,87.0,87.0,801.6935416666666,48.0,2023-07-18 23:53:52.834560034,154.17393812645162
3893,8.313806363636363,8.4123825,88.0,88.0,797.4206250000001,48.0,2023-07-20 00:33:28.074240025,152.67578966709678
3894,8.333955000000001,8.361568636363636,88.0,88.0,796.8425000000001,48.0,2023-07-21 01:13:03.313920025,151.17764120774194
3895,8.274964482758621,8.302857816091954,87.0,87.0,795.640625,48.0,2023-07-22 01:52:38.553600025,149.6794927483871
3896,8.16866816091954,8.120165862068966,87.0,87.0,795.9579166666667,48.0,2023-07-23 02:32:13.793280025,148.18134428903227
3897,8.164799655172414,8.073934942528735,87.0,87.0,793.7875,48.0,2023-07-24 03:11:49.032960025,146.68319582967743
3898,8.18308724137931,8.105380229885057,87.0,87.0,792.6472916666667,48.0,2023-07-25 03:51:24.272640025,145.1850473703226
3899,8.032191818181818,8.029497840909091,88.0,88.0,792.3847916666667,48.0,2023-07-26 04:30:59.512320025,143.68689891096773
3900,8.016455287356322,7.966264942528736,87.0,87.0,786.82,48.0,2023-07-27 05:10:34.752000017,142.18875045161292
3901,7.776948522727273,7.555444772727273,88.0,88.0,784.7235416666667,48.0,2023-07-28 05:50:09.991680017,140.69060199225805
3902,7.841028604651163,7.630636860465117,86.0,86.0,791.32125,48.0,2023-07-29 06:29:45.231360017,139.19245353290322
3903,7.684900344827586,7.510836551724138,87.0,87.0,785.4658333333333,48.0,2023-07-30 07:09:20.471040017,137.69430507354838
3904,7.811787816091954,7.57674632183908,87.0,87.0,777.9375,48.0,2023-07-31 07:48:55.710720017,136.19615661419354
3905,7.716304022988505,7.569870689655173,87.0,87.0,786.7956250000001,48.0,2023-08-01 08:28:30.950400017,134.6980081548387
3906,7.785508522727272,7.537207159090909,88.0,88.0,775.385625,48.0,2023-08-02 09:08:06.190080017,133.19985969548387
3907,7.754137241379311,7.547057356321838,87.0,87.0,781.0489583333333,48.0,2023-08-03 09:47:41.429760008,131.70171123612903
3908,7.70551540229885,7.543077471264368,87.0,87.0,776.2866666666667,48.0,2023-08-04 10:27:16.669440008,130.2035627767742
3909,7.607215795454545,7.419548636363637,88.0,88.0,777.0922916666667,48.0,2023-08-05 11:06:51.909120008,128.70541431741935
3910,7.794019310344827,7.5183218390804605,87.0,87.0,781.88625,48.0,2023-08-06 11:46:27.148800008,127.20726585806452
3911,7.749855568181818,7.532402727272728,88.0,88.0,771.8666666666667,48.0,2023-08-07 12:26:02.388480008,125.70911739870968
3912,7.760523522727272,7.592981477272727,88.0,88.0,769.6222916666667,48.0,2023-08-08 13:05:37.628160008,124.21096893935484
3913,7.806725057471264,7.67962632183908,87.0,87.0,770.3702083333333,48.0,2023-08-09 13:45:12.867840008,122.71282048
3914,7.966049310344828,7.80127908045977,87.0,87.0,769.8772916666667,48.0,2023-08-10 14:24:48.107520000,121.21467202064517
3915,8.070804942528735,7.909945287356322,87.0,87.0,768.5143750000001,48.0,2023-08-11 15:04:23.347200000,119.71652356129033
3916,7.949185747126437,7.782432413793104,87.0,87.0,769.6672916666666,48.0,2023-08-12 15:43:58.586880000,118.2183751019355
3917,7.627596818181818,7.477655795454546,88.0,88.0,766.1814583333334,48.0,2023-08-13 16:23:33.826560000,116.72022664258064
3918,7.745533448275862,7.480551954022988,87.0,87.0,765.416875,48.0,2023-08-14 17:03:09.066240000,115.2220781832258
3919,7.617568181818182,7.365962954545455,88.0,88.0,762.9275000000001,48.0,2023-08-15 17:42:44.305920000,115.2618531716129
3920,7.590715402298851,7.316106551724138,87.0,87.0,762.2016666666667,48.0,2023-08-16 18:22:19.545600000,115.90486379354839
3921,7.645005795454545,7.413510340909091,88.0,88.0,762.0272916666667,48.0,2023-08-17 19:01:54.785280034,116.54787441548386
3922,7.661970795454545,7.3582625,88.0,88.0,757.6114583333333,48.0,2023-08-18 19:41:30.024960034,117.19088503741935
3923,7.6117045977011495,7.392987011494253,87.0,87.0,755.6872916666666,48.0,2023-08-19 20:21:05.264640034,117.83389565935484
3924,7.585861034482759,7.259670114942529,87.0,87.0,753.6845833333333,48.0,2023-08-20 21:00:40.504320034,118.47690628129031
3925,7.435083483146068,7.173962359550562,89.0,89.0,753.9529166666666,48.0,2023-08-21 21:40:15.744000025,119.1199169032258
3926,7.510386781609195,7.1959718390804595,87.0,87.0,752.1470833333333,48.0,2023-08-22 22:19:50.983680025,119.76292752516129
3927,7.670975287356322,7.280142183908047,87.0,87.0,752.8777083333333,48.0,2023-08-23 22:59:26.223360025,120.40593814709678
3928,7.582865113636364,7.299524772727272,88.0,88.0,745.5733333333333,48.0,2023-08-24 23:39:01.463040025,121.04894876903225
3929,7.61534,7.342984137931034,87.0,87.0,749.9260416666666,48.0,2023-08-26 00:18:36.702720025,121.69195939096774
3930,7.582862921348315,7.323801235955056,89.0,89.0,746.6133333333333,48.0,2023-08-27 00:58:11.942400025,122.33497001290323
3931,7.75039816091954,7.524137126436782,87.0,87.0,747.0610416666667,48.0,2023-08-28 01:37:47.182080025,122.9779806348387
3932,7.689185113636364,7.480523409090909,88.0,88.0,742.8166666666666,48.0,2023-08-29 02:17:22.421760017,123.62099125677419
3933,7.777820804597701,7.591791494252874,87.0,87.0,748.995625,48.0,2023-08-30 02:56:57.661440017,124.26400187870968
3934,7.740254719101123,7.576125617977528,89.0,89.0,731.0852083333333,48.0,2023-08-31 03:36:32.901120017,124.90701250064515
3935,7.837136206896552,7.676113333333333,87.0,87.0,739.0104166666666,48.0,2023-09-01 04:16:08.140800017,125.55002312258064
3936,7.723436363636364,7.559462159090909,88.0,88.0,741.9622916666667,48.0,2023-09-02 04:55:43.380480017,126.19303374451613
3937,7.8937981395348835,7.6409174418604655,86.0,86.0,736.3575000000001,48.0,2023-09-03 05:35:18.620160017,126.8360443664516
3938,7.768336477272727,7.603597272727273,88.0,88.0,741.2841666666667,48.0,2023-09-04 06:14:53.859840017,127.47905498838709
3939,7.826782727272728,7.7193404545454545,88.0,88.0,740.7902083333333,48.0,2023-09-05 06:54:29.099520017,128.12206561032258
3940,7.883781818181817,7.761958522727273,88.0,88.0,743.8941666666666,48.0,2023-09-06 07:34:04.339200008,128.76507623225805
3941,7.779192643678161,7.696244942528735,87.0,87.0,737.655625,48.0,2023-09-07 08:13:39.578880008,129.40808685419353
3942,7.844803409090909,7.620217272727273,88.0,88.0,736.8964583333333,48.0,2023-09-08 08:53:14.818560008,130.05109747612903
3943,7.844308023255814,7.7205698837209304,86.0,86.0,731.459375,48.0,2023-09-09 09:32:50.058240008,130.6941080980645
3944,7.784097356321839,7.657902183908046,87.0,87.0,732.2879166666667,48.0,2023-09-10 10:12:25.297920008,131.33711871999998
3945,7.737992298850575,7.572686091954022,87.0,87.0,734.3079166666666,48.0,2023-09-11 10:52:00.537600008,131.98012934193548
3946,7.636867954545455,7.431928295454545,88.0,88.0,731.511875,48.0,2023-09-12 11:31:35.777280008,132.62313996387095
3947,7.493462068965517,7.313870689655172,87.0,87.0,727.745,48.0,2023-09-13 12:11:11.016959999,133.26615058580643
3948,7.465356091954024,7.274193448275862,87.0,87.0,732.5952083333333,48.0,2023-09-14 12:50:46.256640000,133.90916120774193
3949,7.245916551724138,6.985628390804598,87.0,87.0,726.0922916666667,48.0,2023-09-15 13:30:21.496320000,133.55659053866665
3950,7.138820227272728,6.772194318181818,88.0,88.0,725.384375,48.0,2023-09-16 14:09:56.736000000,132.38182559999998
3951,7.1983682758620695,6.877770574712644,87.0,87.0,724.65,48.0,2023-09-17 14:49:31.975680000,131.20706066133332
3952,7.31143448275862,6.957447011494252,87.0,87.0,719.7229166666666,48.0,2023-09-18 15:29:07.215360034,130.03229572266665
3953,7.417790930232559,7.113885000000001,86.0,86.0,718.384375,48.0,2023-09-19 16:08:42.455040034,128.857530784
3954,7.424876551724138,7.189663793103449,87.0,87.0,718.9114583333334,48.0,2023-09-20 16:48:17.694720034,127.68276584533332
3955,7.651567471264368,7.344093678160919,87.0,87.0,712.9164583333333,48.0,2023-09-21 17:27:52.934400034,126.50800090666667
3956,7.58668,7.367248850574713,87.0,87.0,716.6683333333334,48.0,2023-09-22 18:07:28.174080034,125.333235968
3957,7.5528871590909095,7.381982386363637,88.0,88.0,726.8189583333333,48.0,2023-09-23 18:47:03.413760025,124.15847102933333
3958,7.614384137931034,7.419855862068966,87.0,87.0,721.424375,48.0,2023-09-24 19:26:38.653440025,122.98370609066666
3959,7.666388620689656,7.401260229885057,87.0,87.0,716.6689583333333,48.0,2023-09-25 20:06:13.893120025,121.80894115199999
3960,7.527534137931035,7.240254597701149,87.0,87.0,714.9677083333332,48.0,2023-09-26 20:45:49.132800025,120.63417621333333
3961,7.563633103448275,7.265473218390805,87.0,87.0,715.8960416666667,48.0,2023-09-27 21:25:24.372480025,119.45941127466666
3962,7.4916610344827586,7.168492298850574,87.0,87.0,716.276875,48.0,2023-09-28 22:04:59.612160025,118.284646336
3963,7.422839770114942,7.193383563218391,87.0,87.0,719.1522916666667,48.0,2023-09-29 22:44:34.851840025,117.10988139733333
3964,7.497363678160919,7.255831724137931,87.0,87.0,717.655625,48.0,2023-09-30 23:24:10.091520025,115.93511645866667
3965,7.4846179310344825,7.214635172413794,87.0,87.0,714.7110416666666,48.0,2023-10-02 00:03:45.331200017,114.76035152
3966,7.500851379310345,7.244741034482758,87.0,87.0,715.1697916666667,48.0,2023-10-03 00:43:20.570880017,113.58558658133333
3967,7.3790220224719105,7.081426292134831,89.0,89.0,708.654375,48.0,2023-10-04 01:22:55.810560017,112.41082164266666
3968,7.460402558139535,7.113286279069768,86.0,86.0,714.3960416666667,48.0,2023-10-05 02:02:31.050240017,111.23605670399999
3969,7.370032045454545,7.107773750000001,88.0,88.0,712.199375,48.0,2023-10-06 02:42:06.289920017,110.06129176533334
3970,7.514344597701149,7.244178735632184,87.0,87.0,706.8691666666667,48.0,2023-10-07 03:21:41.529600017,108.88652682666667
3971,7.548886206896552,7.230112873563218,87.0,87.0,709.9510416666667,48.0,2023-10-08 04:01:16.769280017,107.711761888
3972,7.475499659090909,7.254315568181818,88.0,88.0,709.5264583333333,48.0,2023-10-09 04:40:52.008960008,106.53699694933334
3973,7.518468409090909,7.243481022727273,88.0,88.0,706.3954166666667,48.0,2023-10-10 05:20:27.248640008,105.36223201066667
3974,7.533865862068965,7.276423333333333,87.0,87.0,704.7695833333333,48.0,2023-10-11 06:00:02.488320008,104.187467072
3975,7.517466590909091,7.220888409090909,88.0,88.0,706.48375,48.0,2023-10-12 06:39:37.728000008,103.01270213333333
3976,7.627643563218391,7.387614137931035,87.0,87.0,701.4570833333333,48.0,2023-10-13 07:19:12.967680008,101.83793719466667
3977,7.556579318181818,7.304897613636364,88.0,88.0,699.4939583333334,48.0,2023-10-14 07:58:48.207360008,100.663172256
3978,7.49817275862069,7.2452987356321845,87.0,87.0,698.43375,48.0,2023-10-15 08:38:23.447040008,99.9836114167742
3979,7.515351494252874,7.283489540229885,87.0,87.0,697.6720833333334,48.0,2023-10-16 09:17:58.686720000,100.22225453419355
3980,7.450176818181817,7.265005340909091,88.0,88.0,699.6845833333333,48.0,2023-10-17 09:57:33.926400000,100.46089765161291
3981,7.528580459770114,7.252126551724138,87.0,87.0,707.4097916666666,48.0,2023-10-18 10:37:09.166080000,100.69954076903227
3982,7.612465172413793,7.373139999999999,87.0,87.0,701.5847916666667,48.0,2023-10-19 11:16:44.405760000,100.93818388645161
3983,7.459163908045977,7.280729540229885,87.0,87.0,698.3408333333333,48.0,2023-10-20 11:56:19.645440000,101.17682700387097
3984,7.5083264367816085,7.341485977011494,87.0,87.0,699.868125,48.0,2023-10-21 12:35:54.885120000,101.41547012129033
3985,7.6252972727272725,7.354451590909091,88.0,88.0,704.5412500000001,48.0,2023-10-22 13:15:30.124800034,101.65411323870968
3986,7.616198620689655,7.356046436781609,87.0,87.0,704.0837499999999,48.0,2023-10-23 13:55:05.364480034,101.89275635612904
3987,7.586470227272727,7.401076818181818,88.0,88.0,706.55625,48.0,2023-10-24 14:34:40.604160034,102.13139947354838
3988,7.639568850574712,7.388181034482758,87.0,87.0,703.3691666666667,48.0,2023-10-25 15:14:15.843839991,102.37004259096774
3989,7.579624942528736,7.35556724137931,87.0,87.0,706.96375,48.0,2023-10-26 15:53:51.083520034,102.6086857083871
3990,7.451293522727273,7.2119367045454545,88.0,88.0,697.4072916666668,48.0,2023-10-27 16:33:26.323199991,102.84732882580646
3991,7.328377640449438,7.102934269662922,89.0,89.0,688.8110416666667,48.0,2023-10-28 17:13:01.562880025,103.0859719432258
3992,7.468413139534884,7.183603372093024,86.0,86.0,698.1647916666667,48.0,2023-10-29 17:52:36.802559991,103.32461506064516
3993,7.416704999999999,7.134762727272727,88.0,88.0,701.3614583333333,48.0,2023-10-30 18:32:12.042240025,103.56325817806452
3994,7.418275454545454,7.125166136363637,88.0,88.0,696.7472916666667,48.0,2023-10-31 19:11:47.281919982,103.80190129548387
3995,7.5002591954022995,7.225461149425288,87.0,87.0,693.8622916666667,48.0,2023-11-01 19:51:22.521600025,104.04054441290323
3996,7.575220804597701,7.249005057471265,87.0,87.0,692.3720833333333,48.0,2023-11-02 20:30:57.761279982,104.27918753032257
3997,7.5521163636363635,7.213727954545454,88.0,88.0,692.1193750000001,48.0,2023-11-03 21:10:33.000960017,104.51783064774193
3998,7.429675172413794,7.14530356321839,87.0,87.0,692.8533333333334,48.0,2023-11-04 21:50:08.240639982,104.75647376516129
3999,7.49206784090909,7.149916022727272,88.0,88.0,693.67875,48.0,2023-11-05 22:29:43.480320017,104.99511688258065
4000,7.342844318181818,7.136700113636365,88.0,88.0,686.8529166666667,48.0,2023-11-06 23:09:18.719999974,105.23376
4001,7.447422386363636,7.218118068181818,88.0,88.0,685.7674999999999,48.0,2023-11-07 23:48:53.959680017,105.47240311741935
4002,7.545466136363637,7.230425681818182,88.0,88.0,690.4254166666666,48.0,2023-11-09 00:28:29.199360051,105.7110462348387
4003,7.551749431818181,7.315980113636363,88.0,88.0,681.7985416666667,48.0,2023-11-10 01:08:04.439040017,105.94968935225806
4004,7.406564597701149,7.193067011494253,87.0,87.0,684.1752083333334,48.0,2023-11-11 01:47:39.678720051,106.18833246967742
4005,7.380714712643678,7.199482183908047,87.0,87.0,691.7660416666666,48.0,2023-11-12 02:27:14.918400008,106.42697558709676
4006,7.527795287356321,7.285964942528736,87.0,87.0,691.7404166666666,48.0,2023-11-13 03:06:50.158080051,106.66561870451612
4007,7.4508885393258435,7.218686629213483,89.0,89.0,686.7554166666667,48.0,2023-11-14 03:46:25.397760008,106.90426182193548
4008,7.485984942528736,7.274022643678161,87.0,87.0,689.0056249999999,48.0,2023-11-15 04:26:00.637440043,107.13940898133333
4009,7.543307954545455,7.287118863636365,88.0,88.0,697.1364583333334,48.0,2023-11-16 05:05:35.877120008,107.358607104
4010,7.546314022988506,7.225384137931035,87.0,87.0,688.3127083333334,48.0,2023-11-17 05:45:11.116800043,107.57780522666665
4011,7.405995454545455,7.088756818181818,88.0,88.0,691.7072916666666,48.0,2023-11-18 06:24:46.356479999,107.79700334933332
4012,7.454509655172413,7.109376436781609,87.0,87.0,694.2072916666666,48.0,2023-11-19 07:04:21.596160043,108.01620147199999
4013,7.34847091954023,7.079823908045976,87.0,87.0,694.2260416666667,48.0,2023-11-20 07:43:56.835840000,108.23539959466666
4014,7.281254111111111,7.0121897777777775,90.0,90.0,692.1856250000001,48.0,2023-11-21 08:23:32.075520043,108.45459771733333
4015,7.310923678160919,6.990735747126437,87.0,87.0,691.2210416666667,48.0,2023-11-22 09:03:07.315200000,108.67379584
4016,7.197991136363637,6.886095340909091,88.0,88.0,696.8141666666667,48.0,2023-11-23 09:42:42.554880034,108.89299396266667
4017,7.361193103448276,6.9810705747126445,87.0,87.0,698.8629166666666,48.0,2023-11-24 10:22:17.794560000,109.11219208533333
4018,7.383791379310345,7.053578620689655,87.0,87.0,688.0016666666667,48.0,2023-11-25 11:01:53.034240034,109.331390208
4019,7.435260454545454,7.0937807954545455,88.0,88.0,690.3720833333333,48.0,2023-11-26 11:41:28.273919991,109.55058833066667
4020,7.431734712643678,7.1598547126436785,87.0,87.0,691.5754166666667,48.0,2023-11-27 12:21:03.513600034,109.76978645333332
4021,7.433863563218391,7.097095172413793,87.0,87.0,693.0054166666667,48.0,2023-11-28 13:00:38.753279991,109.988984576
4022,7.431466590909091,7.0536869318181825,88.0,88.0,695.7695833333333,48.0,2023-11-29 13:40:13.992960025,110.20818269866666
4023,7.369772873563218,7.103014252873563,87.0,87.0,696.64125,48.0,2023-11-30 14:19:49.232639991,110.42738082133333
4024,7.406132413793103,7.163204597701149,87.0,87.0,688.8000000000001,48.0,2023-12-01 14:59:24.472320025,110.646578944
4025,7.445825681818182,7.153119886363637,88.0,88.0,704.6191666666667,48.0,2023-12-02 15:38:59.711999982,110.86577706666667
4026,7.461332209302326,7.20528488372093,86.0,86.0,693.7397916666667,48.0,2023-12-03 16:18:34.951680025,111.08497518933333
4027,7.470931264367816,7.184735402298851,87.0,87.0,693.3216666666667,48.0,2023-12-04 16:58:10.191359982,111.304173312
4028,7.401927613636364,7.06890465909091,88.0,88.0,677.98375,48.0,2023-12-05 17:37:45.431040025,111.52337143466667
4029,7.429513793103449,7.147588160919541,87.0,87.0,693.6543750000001,48.0,2023-12-06 18:17:20.670719982,111.74256955733333
4030,7.471015697674418,7.165149302325582,86.0,86.0,690.178125,48.0,2023-12-07 18:56:55.910400017,111.96176768
4031,7.371455227272727,7.055048409090909,88.0,88.0,689.9304166666667,48.0,2023-12-08 19:36:31.150079982,112.18096580266666
4032,7.258414942528735,6.873573793103447,87.0,87.0,685.3283333333334,48.0,2023-12-09 20:16:06.389760017,112.40016392533333
4033,7.135528850574713,6.7951496551724135,87.0,87.0,698.243125,48.0,2023-12-10 20:55:41.629440051,112.619362048
4034,7.249687011494252,6.77790275862069,87.0,87.0,697.4245833333333,48.0,2023-12-11 21:35:16.869120017,112.83856017066667
4035,7.163139425287357,6.739393333333333,87.0,87.0,700.0091666666667,48.0,2023-12-12 22:14:52.108800051,113.05775829333334
4036,7.114146091954023,6.7008298850574715,87.0,87.0,699.48375,48.0,2023-12-13 22:54:27.348480008,113.276956416
4037,7.104266931818182,6.711044659090908,88.0,88.0,698.1760416666666,48.0,2023-12-14 23:34:02.588160051,113.49615453866667
4038,7.141640459770115,6.801965517241379,87.0,87.0,696.8829166666666,48.0,2023-12-16 00:13:37.827840008,113.90704258064517
4039,7.228598850574713,6.843274022988505,87.0,87.0,693.469375,48.0,2023-12-17 00:53:13.067520051,114.3213535483871
4040,7.292402413793104,6.913314252873564,87.0,87.0,697.7377083333334,48.0,2023-12-18 01:32:48.307200008,114.73566451612903
4041,7.3609552873563215,6.972045287356322,87.0,87.0,700.6516666666666,48.0,2023-12-19 02:12:23.546880043,115.14997548387097
4042,7.306402386363636,7.080702613636363,88.0,88.0,699.02625,48.0,2023-12-20 02:51:58.786560008,115.5642864516129
4043,7.425301149425287,7.134563103448276,87.0,87.0,702.363125,48.0,2023-12-21 03:31:34.026240043,115.97859741935484
4044,7.464472045454546,7.151394545454545,88.0,88.0,700.8929166666667,48.0,2023-12-22 04:11:09.265920000,116.39290838709677
4045,7.452078735632185,7.216110804597702,87.0,87.0,702.9579166666667,48.0,2023-12-23 04:50:44.505600043,116.80721935483871
4046,7.513192873563218,7.2541737931034485,87.0,87.0,704.8358333333334,48.0,2023-12-24 05:30:19.745280000,117.22153032258065
4047,7.424299204545455,7.146713863636363,88.0,88.0,700.5802083333333,48.0,2023-12-25 06:09:54.984960034,117.63584129032257
4048,7.484595862068966,7.203842298850575,87.0,87.0,697.935,48.0,2023-12-26 06:49:30.224640000,118.05015225806451
4049,7.4261313636363635,7.1507747727272735,88.0,88.0,698.8097916666667,48.0,2023-12-27 07:29:05.464320034,118.46446322580645
4050,7.515754137931035,7.202022413793104,87.0,87.0,702.4739583333334,48.0,2023-12-28 08:08:40.703999991,118.87877419354838
4051,7.340645287356321,7.031754252873563,87.0,87.0,694.6325,48.0,2023-12-29 08:48:15.943680034,119.29308516129032
4052,7.382717011494253,7.065065862068965,87.0,87.0,702.1995833333334,48.0,2023-12-30 09:27:51.183359991,119.70739612903226
4053,7.378376179775281,7.002674831460674,89.0,89.0,699.6539583333333,48.0,2023-12-31 10:07:26.423040034,120.12170709677419
4054,7.838692386363636,7.429133068181818,88.0,88.0,705.6860416666667,48.0,2024-01-01 10:47:01.662719991,120.53601806451613
4055,7.408385113636364,7.078036931818182,88.0,88.0,705.8891666666667,48.0,2024-01-02 11:26:36.902400025,120.95032903225807
4056,7.435661609195402,7.1124434482758625,87.0,87.0,703.7845833333334,48.0,2024-01-03 12:06:12.142079991,121.36464
4057,7.354709540229885,7.058550689655173,87.0,87.0,706.803125,48.0,2024-01-04 12:45:47.381760025,121.77895096774193
4058,7.424331951219512,7.085833780487805,82.0,82.0,711.785,48.0,2024-01-05 13:25:22.621439982,122.19326193548387
4059,7.430740795454545,7.074255568181818,88.0,88.0,715.6970833333334,48.0,2024-01-06 14:04:57.861120025,122.6075729032258
4060,7.4141118181818175,7.181928409090909,88.0,88.0,716.7029166666666,48.0,2024-01-07 14:44:33.100799982,123.02188387096774
4061,7.498521724137931,7.169950574712644,87.0,87.0,713.8022916666667,48.0,2024-01-08 15:24:08.340480017,123.43619483870968
4062,7.632771473684211,7.135003157894737,95.0,95.0,714.886875,48.0,2024-01-09 16:03:43.580159982,123.85050580645161
4063,7.390835795454546,7.053249318181818,88.0,88.0,714.4720833333334,48.0,2024-01-10 16:43:18.819840017,124.26481677419355
4064,7.460406111111111,7.144531777777778,90.0,90.0,716.95125,48.0,2024-01-11 17:22:54.059520060,124.67912774193549
4065,7.344089204545455,7.040912727272727,88.0,88.0,721.0585416666667,48.0,2024-01-12 18:02:29.299200017,125.09343870967741
4066,7.238487386363636,6.9352350000000005,88.0,88.0,719.2754166666667,48.0,2024-01-13 18:42:04.538880051,125.50774967741935
4067,7.321568488372093,7.0099261627906975,86.0,86.0,716.7652083333334,48.0,2024-01-14 19:21:39.778560017,125.9220606451613
4068,7.292172413793104,6.979508965517241,87.0,87.0,721.7635416666667,48.0,2024-01-15 20:01:15.018240051,125.91927081290322
4069,7.2758413636363635,6.913226704545455,88.0,88.0,717.8235416666666,48.0,2024-01-16 20:40:50.257920008,125.81983618064515
4070,7.404244022988506,7.062284367816091,87.0,87.0,717.80125,48.0,2024-01-17 21:20:25.497600051,125.7204015483871
4071,9.508238723404256,7.10958,94.0,94.0,721.7252083333333,48.0,2024-01-18 22:00:00.737280008,125.62096691612903
4072,7.43961606741573,7.1583697752808995,89.0,89.0,717.5918750000001,48.0,2024-01-19 22:39:35.976960043,125.52153228387097
4073,7.48762170212766,7.170916489361702,94.0,94.0,718.0487499999999,48.0,2024-01-20 23:19:11.216640008,125.4220976516129
4074,7.693731875,7.169425937500001,96.0,96.0,719.7852083333333,48.0,2024-01-21 23:58:46.456320043,125.32266301935483
4075,7.488801609195403,7.130697241379311,87.0,87.0,717.935,48.0,2024-01-23 00:38:21.696000000,125.22322838709677
4076,8.82275443298969,7.217976907216495,97.0,97.0,721.8122916666666,48.0,2024-01-24 01:17:56.935680043,125.12379375483872
4077,7.347793409090909,7.065792613636364,88.0,88.0,728.3370833333333,48.0,2024-01-25 01:57:32.175360000,125.02435912258065
4078,8.187855979381444,7.023184226804124,97.0,97.0,727.7304166666667,48.0,2024-01-26 02:37:07.415040043,124.92492449032258
4079,7.259666436781608,6.881902068965517,87.0,87.0,725.8279166666666,48.0,2024-01-27 03:16:42.654720000,124.82548985806451
4080,7.354635384615385,6.955385934065934,91.0,91.0,724.6025,48.0,2024-01-28 03:56:17.894400034,124.72605522580645
4081,7.298565287356322,6.937687241379311,87.0,87.0,734.1025,48.0,2024-01-29 04:35:53.134080000,124.62662059354838
4082,7.362056206896551,6.9658475862068965,87.0,87.0,735.756875,48.0,2024-01-30 05:15:28.373760034,124.52718596129033
4083,7.366417816091953,7.018401034482759,87.0,87.0,741.0235416666666,48.0,2024-01-31 05:55:03.613439991,124.42775132903226
4084,7.322700543478261,7.071042717391305,92.0,92.0,739.8154166666667,48.0,2024-02-01 06:34:38.853120034,124.3283166967742
4085,7.3911750000000005,7.120486818181818,88.0,88.0,741.433125,48.0,2024-02-02 07:14:14.092799991,124.22888206451613
4086,7.277038241758241,6.9648284615384615,91.0,91.0,736.6185416666667,48.0,2024-02-03 07:53:49.332480025,124.12944743225806
4087,7.276443333333333,6.910618275862069,87.0,87.0,737.046875,48.0,2024-02-04 08:33:24.572159991,124.0300128
4088,8.077966145833333,6.9137328125,96.0,96.0,744.7408333333333,48.0,2024-02-05 09:12:59.811840025,123.93057816774194
4089,7.754729375,6.983083958333334,96.0,96.0,744.2820833333334,48.0,2024-02-06 09:52:35.051519982,123.83114353548387
4090,7.294713295454545,6.9268155681818175,88.0,88.0,744.5906249999999,48.0,2024-02-07 10:32:10.291200025,123.73170890322581
4091,7.4103968604651165,7.030368372093023,86.0,86.0,753.9010416666666,48.0,2024-02-08 11:11:45.530879982,123.63227427096774
4092,7.405789545454545,7.064387045454546,88.0,88.0,744.3616666666667,48.0,2024-02-09 11:51:20.770560025,123.53283963870967
4093,7.5040559374999996,7.0895028125,96.0,96.0,746.2027083333334,48.0,2024-02-10 12:30:56.010239982,123.43340500645161
4094,7.265481460674157,6.854423932584269,89.0,89.0,748.94625,48.0,2024-02-11 13:10:31.249920017,123.33397037419356
4095,7.373812068965518,7.014598850574712,87.0,87.0,750.4285416666667,48.0,2024-02-12 13:50:06.489599982,123.23453574193549
4096,7.401808404255319,7.058315,94.0,94.0,751.0054166666667,48.0,2024-02-13 14:29:41.729280017,123.13510110967742
4097,7.446281839080459,7.00180827586207,87.0,87.0,755.9325,48.0,2024-02-14 15:09:16.968960051,123.03566647741935
4098,8.014142886597938,6.8378198969072175,97.0,97.0,747.1585416666667,48.0,2024-02-15 15:48:52.208640017,122.5614656662069
4099,7.04719659090909,6.643799204545454,88.0,88.0,757.535625,48.0,2024-02-16 16:28:27.448320051,121.87765255724138
4100,7.051321222222223,6.5612332222222225,90.0,90.0,761.3616666666667,48.0,2024-02-17 17:08:02.688000008,121.19383944827587
4101,7.15334590909091,6.66585840909091,88.0,88.0,751.3627083333334,48.0,2024-02-18 17:47:37.927680051,120.51002633931034
4102,7.058332659574467,6.6997753191489355,94.0,94.0,759.4725,48.0,2024-02-19 18:27:13.167360008,119.82621323034483
4103,7.107431494252873,6.722167931034483,87.0,87.0,761.75,48.0,2024-02-20 19:06:48.407040051,119.14240012137931
4104,7.024123829787234,6.59028085106383,94.0,94.0,770.4387499999999,48.0,2024-02-21 19:46:23.646720008,118.4585870124138
4105,7.211797934782608,6.657442391304348,92.0,92.0,761.7779166666666,48.0,2024-02-22 20:25:58.886400043,117.77477390344828
4106,6.945595113636363,6.555639545454546,88.0,88.0,767.2795833333333,48.0,2024-02-23 21:05:34.126080008,117.09096079448275
4107,8.845691666666667,6.642854270833333,96.0,96.0,767.1164583333334,48.0,2024-02-24 21:45:09.365760043,116.40714768551724
4108,7.031935714285715,6.6040528571428565,91.0,91.0,773.5450000000001,48.0,2024-02-25 22:24:44.605440000,115.72333457655172
4109,7.080472068965517,6.670495057471265,87.0,87.0,780.46,48.0,2024-02-26 23:04:19.845120043,115.03952146758621
4110,7.1511269148936165,6.715610957446809,94.0,94.0,778.0302083333332,48.0,2024-02-27 23:43:55.084800000,114.35570835862069
4111,7.121816896551724,6.67809091954023,87.0,87.0,780.0281249999999,48.0,2024-02-29 00:23:30.324480034,113.67189524965518
4112,7.366540744680851,6.810625106382979,94.0,94.0,779.830625,48.0,2024-03-01 01:03:05.564160000,112.98808214068966
4113,7.117488522727272,6.794512613636363,88.0,88.0,779.9660416666667,48.0,2024-03-02 01:42:40.803840034,112.30426903172415
4114,7.172997613636364,6.7891734090909095,88.0,88.0,789.2089583333333,48.0,2024-03-03 02:22:16.043519991,111.62045592275862
4115,7.198838749999999,6.783112386363637,88.0,88.0,787.7847916666666,48.0,2024-03-04 03:01:51.283200034,110.9366428137931
4116,7.219222888888889,6.829213444444445,90.0,90.0,784.7158333333333,48.0,2024-03-05 03:41:26.522879991,110.25282970482759
4117,7.185065393258427,6.727332359550561,89.0,89.0,794.0972916666666,48.0,2024-03-06 04:21:01.762560034,109.56901659586207
4118,7.054193678160919,6.6891641379310345,87.0,87.0,792.229375,48.0,2024-03-07 05:00:37.002239991,108.88520348689656
4119,7.112701931818182,6.727917386363637,88.0,88.0,789.2987499999999,48.0,2024-03-08 05:40:12.241920025,108.20139037793103
4120,7.148960340909091,6.764961818181818,88.0,88.0,790.0077083333334,48.0,2024-03-09 06:19:47.481599991,107.51757726896552
4121,7.148746931818182,6.8062736363636365,88.0,88.0,791.8125,48.0,2024-03-10 06:59:22.721280025,106.83376416
4122,7.177050227272727,6.797360113636364,88.0,88.0,794.6304166666667,48.0,2024-03-11 07:38:57.960959982,106.14995105103449
4123,7.172521954022988,6.82683459770115,87.0,87.0,808.8439583333334,48.0,2024-03-12 08:18:33.200640025,105.46613794206897
4124,7.298741494252873,6.868882068965518,87.0,87.0,795.3693750000001,48.0,2024-03-13 08:58:08.440319982,104.78232483310344
4125,7.340759431818182,6.915473863636364,88.0,88.0,783.726875,48.0,2024-03-14 09:37:43.680000017,104.09851172413794
4126,7.173178409090909,6.727917159090908,88.0,88.0,806.7714583333333,48.0,2024-03-15 10:17:18.919679982,104.16049732129032
4127,7.190746666666667,6.790403793103448,87.0,87.0,809.2085416666667,48.0,2024-03-16 10:56:54.159360017,105.26422173935484
4128,7.1477,6.767713563218391,87.0,87.0,811.0620833333334,48.0,2024-03-17 11:36:29.399039974,106.36794615741935
4129,7.0420185057471265,6.542905057471264,87.0,87.0,806.1414583333334,48.0,2024-03-18 12:16:04.638720017,107.47167057548387
4130,6.935214239130435,6.452782282608696,92.0,92.0,803.6291666666666,48.0,2024-03-19 12:55:39.878400051,108.57539499354839
4131,6.950124318181818,6.479974318181818,88.0,88.0,811.0422916666666,48.0,2024-03-20 13:35:15.118080017,109.6791194116129
4132,7.603475729166667,6.586010520833334,96.0,96.0,823.5497916666667,48.0,2024-03-21 14:14:50.357760051,110.78284382967742
4133,7.013226704545454,6.602211022727272,88.0,88.0,824.148125,48.0,2024-03-22 14:54:25.597440008,111.88656824774193
4134,7.0531560919540235,6.66348551724138,87.0,87.0,820.5779166666666,48.0,2024-03-23 15:34:00.837120051,112.99029266580645
4135,7.226578651685393,6.897056853932585,89.0,89.0,821.5547916666666,48.0,2024-03-24 16:13:36.076800008,114.09401708387097
4136,7.299704712643678,6.92674448275862,87.0,87.0,822.7645833333332,48.0,2024-03-25 16:53:11.316480043,115.19774150193548
4137,8.112211770833333,7.027979270833334,96.0,96.0,819.2937499999999,48.0,2024-03-26 17:32:46.556160008,116.30146592
4138,7.289918181818181,6.956677159090909,88.0,88.0,821.3775,48.0,2024-03-27 18:12:21.795840043,117.40519033806451
4139,7.248703870967742,6.791931720430107,93.0,93.0,832.4802083333334,48.0,2024-03-28 18:51:57.035520000,118.50891475612903
4140,7.122579425287356,6.736787471264368,87.0,87.0,824.1306249999999,48.0,2024-03-29 19:31:32.275200043,119.61263917419355
4141,7.1687270454545455,6.6501048863636365,88.0,88.0,827.789375,48.0,2024-03-30 20:11:07.514880000,120.71636359225806
4142,7.138270227272727,6.732335227272728,88.0,88.0,827.9029166666666,48.0,2024-03-31 20:50:42.754560043,121.82008801032258
4143,7.065368977272727,6.620137613636363,88.0,88.0,819.96875,48.0,2024-04-01 21:30:17.994240000,122.9238124283871
4144,7.213320326086956,6.642518152173913,92.0,92.0,825.5320833333334,48.0,2024-04-02 22:09:53.233920034,124.02753684645161
4145,7.172222727272728,6.675187727272728,88.0,88.0,831.256875,48.0,2024-04-03 22:49:28.473600000,125.13126126451613
4146,7.097628387096774,6.70098,93.0,93.0,822.7177083333332,48.0,2024-04-04 23:29:03.713280034,126.23498568258064
4147,7.16869816091954,6.694642528735632,87.0,87.0,827.054375,48.0,2024-04-06 00:08:38.952959991,127.33871010064516
4148,7.067884375,6.675729375,32.0,32.0,837.2379166666666,48.0,2024-04-07 00:48:14.192640034,128.4424345187097
4149,7.143567011494253,6.727615172413793,87.0,87.0,851.5277083333334,48.0,2024-04-08 01:27:49.432319991,129.5461589367742
4150,7.157521744186047,6.7128904651162795,86.0,86.0,835.300625,48.0,2024-04-09 02:07:24.672000025,130.64988335483872
4151,6.917561477272727,6.470449772727273,88.0,88.0,837.61625,48.0,2024-04-10 02:46:59.911679991,131.75360777290322
4152,7.015966813186814,6.643695164835165,91.0,91.0,841.5968750000001,48.0,2024-04-11 03:26:35.151360025,132.85733219096775
4153,7.187454252873564,6.729042988505747,87.0,87.0,861.3077083333333,48.0,2024-04-12 04:06:10.391039982,133.96105660903225
4154,7.163654597701149,6.808397586206897,87.0,87.0,846.9695833333334,48.0,2024-04-13 04:45:45.630720025,135.06478102709679
4155,7.300153626373627,6.884573186813187,91.0,91.0,857.1058333333334,48.0,2024-04-14 05:25:20.870399982,136.1685054451613
4156,7.294728846153846,6.960607435897436,78.0,78.0,848.28375,48.0,2024-04-15 06:04:56.110080025,137.296509824
4157,7.2860634883720925,7.047934418604651,86.0,86.0,854.5520833333334,48.0,2024-04-16 06:44:31.349759982,138.498674528
4158,7.320326590909091,7.043187613636364,88.0,88.0,845.9625,48.0,2024-04-17 07:24:06.589440017,139.700839232
4159,7.592837052631579,7.062123684210526,95.0,95.0,853.2408333333333,48.0,2024-04-18 08:03:41.829119982,140.903003936
4160,7.347654367816093,7.02804183908046,87.0,87.0,851.7495833333334,48.0,2024-04-19 08:43:17.068800017,142.10516864
4161,7.324613863636364,7.014161818181819,88.0,88.0,851.3685416666667,48.0,2024-04-20 09:22:52.308480051,143.307333344
4162,7.369143103448276,7.032795172413793,87.0,87.0,854.5722916666667,48.0,2024-04-21 10:02:27.548160017,144.509498048
4163,7.3555910666666655,7.053048666666667,75.0,75.0,853.6418749999999,48.0,2024-04-22 10:42:02.787840051,145.711662752
4164,7.3672773913043486,7.0277389130434775,92.0,92.0,858.694375,48.0,2024-04-23 11:21:38.027520008,146.913827456
4165,7.036577727272728,6.5613397727272735,88.0,88.0,859.3197916666667,48.0,2024-04-24 12:01:13.267200051,148.11599216
4166,7.218803369565217,6.769331413043479,92.0,92.0,860.5293750000001,48.0,2024-04-25 12:40:48.506880008,149.318156864
4167,7.173147727272727,6.722181363636364,88.0,88.0,854.5135416666667,48.0,2024-04-26 13:20:23.746560051,150.52032156799999
4168,7.178229651162791,6.789703488372092,86.0,86.0,854.2199999999999,48.0,2024-04-27 13:59:58.986240008,151.722486272
4169,7.255227471264368,6.831736551724138,87.0,87.0,854.0881250000001,48.0,2024-04-28 14:39:34.225920043,152.924650976
4170,7.231250909090909,6.792729090909091,88.0,88.0,846.4804166666667,48.0,2024-04-29 15:19:09.465600008,154.12681568
4171,7.2896475,6.840841931818182,88.0,88.0,859.5949999999999,48.0,2024-04-30 15:58:44.705280043,155.328980384
4172,7.334719080459769,6.889322643678161,87.0,87.0,852.51375,48.0,2024-05-01 16:38:19.944960000,156.531145088
4173,7.27324540229885,6.889133218390805,87.0,87.0,845.77375,48.0,2024-05-02 17:17:55.184640043,157.733309792
4174,7.318658620689655,6.876977931034483,87.0,87.0,855.9279166666666,48.0,2024-05-03 17:57:30.424320000,158.93547449599998
4175,7.183481264367815,6.793213448275862,87.0,87.0,857.4897916666667,48.0,2024-05-04 18:37:05.664000034,160.1376392
4176,7.149671379310345,6.704638620689656,87.0,87.0,864.1639583333334,48.0,2024-05-05 19:16:40.903680000,161.339803904
4177,7.0848671590909085,6.632426704545455,88.0,88.0,853.9250000000001,48.0,2024-05-06 19:56:16.143360034,162.541968608
4178,7.108303908045977,6.759496321839081,87.0,87.0,857.6658333333334,48.0,2024-05-07 20:35:51.383039991,163.744133312
4179,7.228034545454546,6.802254431818182,88.0,88.0,856.3754166666666,48.0,2024-05-08 21:15:26.622720034,164.946298016
4180,7.2557690697674415,6.881073720930233,86.0,86.0,859.0010416666668,48.0,2024-05-09 21:55:01.862399991,166.14846272
4181,7.233709540229885,6.828490459770115,87.0,87.0,856.215,48.0,2024-05-10 22:34:37.102080034,167.35062742399998
4182,7.151007640449437,6.69571415730337,89.0,89.0,862.94375,48.0,2024-05-11 23:14:12.341759991,168.552792128
4183,7.257586666666667,6.889034022988506,87.0,87.0,861.0425,48.0,2024-05-12 23:53:47.581440025,169.754956832
4184,7.218295862068966,6.796605402298851,87.0,87.0,862.1360416666666,48.0,2024-05-14 00:33:22.821119991,170.957121536
4185,6.8707673563218385,6.327283448275862,87.0,87.0,865.47375,48.0,2024-05-15 01:12:58.060800025,172.08692335483872
4186,6.741970795454545,6.208946363636364,88.0,88.0,874.755,48.0,2024-05-16 01:52:33.300479982,171.82176433548386
4187,6.662564418604651,5.979244418604651,86.0,86.0,864.5197916666666,48.0,2024-05-17 02:32:08.540160025,171.55660531612904
4188,6.1541553409090906,5.3430676136363635,88.0,88.0,863.2697916666666,48.0,2024-05-18 03:11:43.779839982,171.29144629677418
4189,6.177636818181818,5.360751477272728,88.0,88.0,853.41,48.0,2024-05-19 03:51:19.019520017,171.02628727741936
4190,71.66071899224805,78.44465565891473,129.0,129.0,865.7685416666667,48.0,2024-05-20 04:30:54.259199982,170.7611282580645
4191,18.71999578125,18.912800625,128.0,128.0,860.1852083333333,48.0,2024-05-21 05:10:29.498880017,170.49596923870968
4192,8.160877356321839,7.593856781609195,87.0,87.0,859.0058333333333,48.0,2024-05-22 05:50:04.738560060,170.23081021935482
4193,7.054402325581395,6.528734302325581,86.0,86.0,859.6,48.0,2024-05-23 06:29:39.978240017,169.9656512
4194,6.975202988505748,6.384473908045976,87.0,87.0,847.1910416666666,48.0,2024-05-24 07:09:15.217920051,169.70049218064514
4195,6.869418409090909,6.364094204545455,88.0,88.0,854.2122916666667,48.0,2024-05-25 07:48:50.457600017,169.43533316129032
4196,6.806559659090909,6.337521477272728,88.0,88.0,846.9345833333333,48.0,2024-05-26 08:28:25.697280051,169.1701741419355
4197,6.928746896551724,6.468487701149425,87.0,87.0,843.8885416666667,48.0,2024-05-27 09:08:00.936960008,168.90501512258064
4198,6.904848620689655,6.417711264367815,87.0,87.0,874.0072916666667,48.0,2024-05-28 09:47:36.176640051,168.6398561032258
4199,7.020853678160919,6.450171379310344,87.0,87.0,852.0247916666667,48.0,2024-05-29 10:27:11.416320008,168.37469708387096
4200,6.8238125,6.329449545454546,88.0,88.0,854.129375,48.0,2024-05-30 11:06:46.656000043,168.10953806451613
4201,6.816355000000001,6.310054318181818,88.0,88.0,850.5666666666666,48.0,2024-05-31 11:46:21.895680008,167.84437904516128
4202,6.85946275862069,6.395068275862069,87.0,87.0,860.4489583333334,48.0,2024-06-01 12:25:57.135360043,167.57922002580645
4203,6.836597272727272,6.379992954545455,88.0,88.0,852.6910416666666,48.0,2024-06-02 13:05:32.375040000,167.3140610064516
4204,6.764130804597701,6.314257356321838,87.0,87.0,849.4250000000001,48.0,2024-06-03 13:45:07.614720043,167.04890198709677
4205,6.700669655172414,6.276775977011495,87.0,87.0,857.7468749999999,48.0,2024-06-04 14:24:42.854400000,166.78374296774194
4206,6.868228505747127,6.427021839080459,87.0,87.0,857.0174999999999,48.0,2024-06-05 15:04:18.094080043,166.5185839483871
4207,6.911707045454546,6.535292045454545,88.0,88.0,852.1041666666666,48.0,2024-06-06 15:43:53.333760000,166.25342492903226
4208,6.993252183908046,6.573004137931035,87.0,87.0,852.111875,48.0,2024-06-07 16:23:28.573440034,165.9882659096774
4209,7.000252613636364,6.593407840909091,88.0,88.0,853.9452083333334,48.0,2024-06-08 17:03:03.813120000,165.72310689032258
4210,7.040806321839081,6.67664367816092,87.0,87.0,851.5502083333334,48.0,2024-06-09 17:42:39.052800034,165.45794787096773
4211,6.954289885057472,6.6794260919540225,87.0,87.0,852.8333333333334,48.0,2024-06-10 18:22:14.292479991,165.1927888516129
4212,7.082132359550562,6.646682134831461,89.0,89.0,855.799375,48.0,2024-06-11 19:01:49.532160034,164.92762983225805
4213,7.034745581395349,6.456690232558139,86.0,86.0,855.5749999999999,48.0,2024-06-12 19:41:24.771839991,164.66247081290322
4214,6.720564482758621,6.187764022988506,87.0,87.0,850.344375,48.0,2024-06-13 20:21:00.011520025,164.39731179354837
4215,6.4753878160919545,5.899631264367816,87.0,87.0,841.6774999999999,48.0,2024-06-14 21:00:35.251199991,164.13215277419354
4216,6.413696091954024,5.807104367816092,87.0,87.0,840.8649999999999,48.0,2024-06-15 21:40:10.490880025,165.084160128
4217,6.583388045977012,5.949704712643679,87.0,87.0,843.5472916666666,48.0,2024-06-16 22:19:45.730559991,166.204125536
4218,6.653613409090909,6.106788181818183,88.0,88.0,835.9054166666666,48.0,2024-06-17 22:59:20.970240025,167.324090944
4219,6.751924204545454,6.289537840909091,88.0,88.0,838.0322916666668,48.0,2024-06-18 23:38:56.209919982,168.444056352
4220,6.8410838636363644,6.439659431818182,88.0,88.0,837.6252083333334,48.0,2024-06-20 00:18:31.449600025,169.56402176
4221,7.01335448275862,6.644381034482759,87.0,87.0,840.1220833333333,48.0,2024-06-21 00:58:06.689279982,170.683987168
4222,7.334828390804598,6.843878390804598,87.0,87.0,842.3639583333334,48.0,2024-06-22 01:37:41.928960017,171.803952576
4223,7.041066551724138,6.696416091954023,87.0,87.0,841.3279166666666,48.0,2024-06-23 02:17:17.168639982,172.923917984
4224,7.099851931818182,6.719323522727273,88.0,88.0,844.7704166666667,48.0,2024-06-24 02:56:52.408320017,174.043883392
4225,7.028071744186047,6.6351994186046515,86.0,86.0,833.8764583333333,48.0,2024-06-25 03:36:27.648000051,175.1638488
4226,6.957928181818182,6.548729545454545,88.0,88.0,847.1622916666666,48.0,2024-06-26 04:16:02.887680017,176.283814208
4227,6.948704831460674,6.533814157303371,89.0,89.0,837.4954166666666,48.0,2024-06-27 04:55:38.127360051,177.403779616
4228,7.034488068181818,6.624486136363637,88.0,88.0,836.5558333333333,48.0,2024-06-28 05:35:13.367040017,178.523745024
4229,7.151207931034483,6.747429080459771,87.0,87.0,841.8395833333334,48.0,2024-06-29 06:14:48.606720051,179.643710432
4230,7.089656022727272,6.7248875,88.0,88.0,839.5035416666666,48.0,2024-06-30 06:54:23.846400008,180.76367584000002
4231,7.040328850574713,6.627150229885057,87.0,87.0,835.1827083333333,48.0,2024-07-01 07:33:59.086080051,181.883641248
4232,7.050768390804597,6.701963563218391,87.0,87.0,840.2064583333334,48.0,2024-07-02 08:13:34.325760008,183.00360665600002
4233,7.02550625,6.68128,88.0,88.0,833.8197916666667,48.0,2024-07-03 08:53:09.565440043,184.123572064
4234,7.009712613636363,6.741679772727273,88.0,88.0,838.5229166666667,48.0,2024-07-04 09:32:44.805120008,185.243537472
4235,7.179682643678161,6.785593678160919,87.0,87.0,839.4704166666667,48.0,2024-07-05 10:12:20.044800043,186.36350288
4236,7.1410601162790694,6.822301046511628,86.0,86.0,836.4175,48.0,2024-07-06 10:51:55.284480000,187.483468288
4237,7.133273863636364,6.818787613636363,88.0,88.0,830.236875,48.0,2024-07-07 11:31:30.524160043,188.603433696
4238,7.166415172413793,6.789071724137931,87.0,87.0,832.1872916666666,48.0,2024-07-08 12:11:05.763840000,189.723399104
4239,7.091976516853933,6.746888202247191,89.0,89.0,828.9847916666666,48.0,2024-07-09 12:50:41.003520034,190.843364512
4240,7.240538965517241,6.912085402298851,87.0,87.0,831.4610416666666,48.0,2024-07-10 13:30:16.243200000,191.96332992
4241,7.184146666666667,6.923306666666667,87.0,87.0,827.5389583333334,48.0,2024-07-11 14:09:51.482880034,193.08329532800002
4242,7.329143908045977,7.057910459770116,87.0,87.0,825.1410416666666,48.0,2024-07-12 14:49:26.722559999,194.203260736
4243,7.377754318181818,7.096470454545455,88.0,88.0,821.6420833333333,48.0,2024-07-13 15:29:01.962240034,195.32322614400002
4244,7.417553563218392,7.109783448275862,87.0,87.0,813.4658333333333,48.0,2024-07-14 16:08:37.201919991,196.443191552
4245,7.290396590909091,7.044278068181819,88.0,88.0,821.8708333333334,48.0,2024-07-15 16:48:12.441600034,197.23363757419355
4246,7.27631404494382,6.910201573033707,89.0,89.0,819.265,48.0,2024-07-16 17:27:47.681279991,197.87001922064516
4247,7.246695632183909,6.943321149425287,87.0,87.0,824.9095833333334,48.0,2024-07-17 18:07:22.920960025,198.50640086709677
4248,7.284746781609195,6.9013800000000005,87.0,87.0,825.4064583333334,48.0,2024-07-18 18:46:58.160639991,199.14278251354838
4249,7.341147441860465,7.01943034883721,86.0,86.0,817.8047916666666,48.0,2024-07-19 19:26:33.400320025,199.77916416000002
4250,7.292925862068966,6.959573448275862,87.0,87.0,820.0191666666666,48.0,2024-07-20 20:06:08.639999982,200.41554580645163
4251,7.238668735632184,6.901408275862068,87.0,87.0,823.1470833333333,48.0,2024-07-21 20:45:43.879680025,201.05192745290324
4252,9.183686250000001,8.808633409090909,88.0,88.0,817.5947916666668,48.0,2024-07-22 21:25:19.119359982,201.68830909935485
4253,7.952077078651686,7.473705955056181,89.0,89.0,820.4360416666667,48.0,2024-07-23 22:04:54.359040025,202.32469074580646
4254,7.254364090909092,6.840002272727273,88.0,88.0,813.8845833333334,48.0,2024-07-24 22:44:29.598719982,202.96107239225807
4255,7.266220000000001,6.880424137931034,87.0,87.0,814.6252083333334,48.0,2024-07-25 23:24:04.838400017,203.59745403870969
4256,7.344654886363636,7.0164920454545445,88.0,88.0,818.6418749999999,48.0,2024-07-27 00:03:40.078079982,204.2338356851613
4257,7.267411818181818,6.9701432954545455,88.0,88.0,812.1364583333334,48.0,2024-07-28 00:43:15.317760017,204.8702173316129
4258,7.262869770114943,6.947347931034483,87.0,87.0,815.0881250000001,48.0,2024-07-29 01:22:50.557440051,205.50659897806452
4259,7.3099357471264375,6.942788505747126,87.0,87.0,820.3441666666666,48.0,2024-07-30 02:02:25.797120017,206.14298062451613
4260,7.212159425287356,6.94495264367816,87.0,87.0,814.4758333333334,48.0,2024-07-31 02:42:01.036800051,206.77936227096774
4261,7.218058045977012,6.937538045977011,87.0,87.0,813.0754166666667,48.0,2024-08-01 03:21:36.276480008,207.41574391741935
4262,7.239194252873562,6.967744367816092,87.0,87.0,812.705625,48.0,2024-08-02 04:01:11.516160051,208.05212556387096
4263,7.143060568181818,6.789771136363637,88.0,88.0,810.2070833333333,48.0,2024-08-03 04:40:46.755840008,208.6885072103226
4264,6.976760113636363,6.659778977272728,88.0,88.0,809.98,48.0,2024-08-04 05:20:21.995520043,209.3248888567742
4265,6.890809999999999,6.359431379310345,87.0,87.0,805.0760416666667,48.0,2024-08-05 05:59:57.235200008,209.96127050322582
4266,6.832676896551725,6.263127586206897,87.0,87.0,802.4491666666667,48.0,2024-08-06 06:39:32.474880043,210.59765214967743
4267,6.783748045977011,6.278326436781609,87.0,87.0,800.5174999999999,48.0,2024-08-07 07:19:07.714560008,211.23403379612904
4268,6.865817558139535,6.402083953488372,86.0,86.0,798.4045833333333,48.0,2024-08-08 07:58:42.954240043,211.87041544258065
4269,6.94154459770115,6.494288505747127,87.0,87.0,801.3054166666667,48.0,2024-08-09 08:38:18.193920000,212.50679708903226
4270,6.98127,6.593619204545454,88.0,88.0,804.61,48.0,2024-08-10 09:17:53.433600043,213.14317873548387
4271,7.044829195402299,6.62357091954023,87.0,87.0,809.0997916666666,48.0,2024-08-11 09:57:28.673280000,213.77956038193548
4272,7.147379999999999,6.748443103448276,87.0,87.0,804.3129166666666,48.0,2024-08-12 10:37:03.912960034,214.4159420283871
4273,7.232705287356322,6.888930229885058,87.0,87.0,805.22625,48.0,2024-08-13 11:16:39.152640000,215.0523236748387
4274,7.2142972413793105,6.8920558620689665,87.0,87.0,799.9679166666666,48.0,2024-08-14 11:56:14.392320034,215.6887053212903
4275,7.227345340909091,6.875543181818182,88.0,88.0,815.4835416666666,48.0,2024-08-15 12:35:49.631999991,214.7318221935484
4276,7.181621379310345,6.7836925287356316,87.0,87.0,812.6683333333334,48.0,2024-08-16 13:15:24.871680034,212.24927087483871
4277,7.147571264367817,6.726521149425288,87.0,87.0,808.8962499999999,48.0,2024-08-17 13:55:00.111359991,209.76671955612903
4278,7.04544925,6.62513,80.0,80.0,814.289375,48.0,2024-08-18 14:34:35.351040034,207.28416823741935
4279,7.043926781609196,6.550306091954023,87.0,87.0,800.5975,48.0,2024-08-19 15:14:10.590719991,204.80161691870967
4280,7.067132727272727,6.566024090909091,88.0,88.0,803.301875,48.0,2024-08-20 15:53:45.830400025,202.3190656
4281,7.049019425287356,6.628696781609196,87.0,87.0,800.3439583333334,48.0,2024-08-21 16:33:21.070079991,199.8365142812903
4282,6.989726,6.591471555555556,90.0,90.0,799.5779166666666,48.0,2024-08-22 17:12:56.309760025,197.35396296258065
4283,7.013414137931034,6.656599425287356,87.0,87.0,791.2791666666667,48.0,2024-08-23 17:52:31.549439982,194.87141164387097
4284,7.055489425287356,6.716567701149426,87.0,87.0,807.2802083333332,48.0,2024-08-24 18:32:06.789120025,192.3888603251613
4285,7.144317011494253,6.719457471264368,87.0,87.0,806.919375,48.0,2024-08-25 19:11:42.028799982,189.9063090064516
4286,7.238756781609196,6.837963103448276,87.0,87.0,808.0441666666667,48.0,2024-08-26 19:51:17.268480017,187.42375768774193
4287,7.274555113636364,6.888426136363637,88.0,88.0,803.3227083333333,48.0,2024-08-27 20:30:52.508159982,184.94120636903224
4288,7.1598956321839085,6.8995198850574715,87.0,87.0,805.1485416666666,48.0,2024-08-28 21:10:27.747840017,182.4586550503226
4289,7.272028850574713,6.920551724137931,87.0,87.0,798.9420833333334,48.0,2024-08-29 21:50:02.987520060,179.9761037316129
4290,7.153742500000001,6.7766487500000006,88.0,88.0,791.13375,48.0,2024-08-30 22:29:38.227200017,177.49355241290323
4291,7.1730593103448275,6.8209455172413795,87.0,87.0,797.5839583333333,48.0,2024-08-31 23:09:13.466880051,175.01100109419355
4292,7.167658522727273,6.750675568181818,88.0,88.0,779.18,48.0,2024-09-01 23:48:48.706560017,172.52844977548386
4293,7.617360804597701,7.205311149425287,87.0,87.0,788.7202083333333,48.0,2024-09-03 00:28:23.946240051,170.04589845677418
4294,7.507911609195403,7.056174022988507,87.0,87.0,798.3335416666667,48.0,2024-09-04 01:07:59.185920008,167.5633471380645
4295,8.190730689655172,7.928007931034482,87.0,87.0,802.9102083333333,48.0,2024-09-05 01:47:34.425600051,165.08079581935482
4296,7.96657965909091,7.517935340909091,88.0,88.0,795.6654166666667,48.0,2024-09-06 02:27:09.665280008,162.59824450064517
4297,7.271233863636363,6.8378875,88.0,88.0,789.980625,48.0,2024-09-07 03:06:44.904960043,160.11569318193548
4298,7.171830344827587,6.729788850574712,87.0,87.0,789.6647916666667,48.0,2024-09-08 03:46:20.144640008,157.6331418632258
4299,7.277568850574713,6.821027126436781,87.0,87.0,792.3022916666667,48.0,2024-09-09 04:25:55.384320043,155.15059054451612
4300,7.280026162790699,6.877807209302325,86.0,86.0,797.4270833333334,48.0,2024-09-10 05:05:30.624000000,152.66803922580644
4301,6.9975328409090904,6.584835340909091,88.0,88.0,797.5427083333334,48.0,2024-09-11 05:45:05.863680043,150.18548790709679
4302,7.009467471264368,6.5225150574712645,87.0,87.0,792.5804166666667,48.0,2024-09-12 06:24:41.103360000,147.7029365883871
4303,6.576910795454546,6.03140625,88.0,88.0,789.0089583333333,48.0,2024-09-13 07:04:16.343040043,145.22038526967742
4304,6.697061264367815,6.096646896551724,87.0,87.0,799.393125,48.0,2024-09-14 07:43:51.582720000,142.73783395096774
4305,6.684495340909091,6.047307159090909,88.0,88.0,790.8143749999999,48.0,2024-09-15 08:23:26.822400034,141.38785050666667
4306,6.68448340909091,6.147407159090909,88.0,88.0,794.844375,48.0,2024-09-16 09:03:02.062079999,142.23381826133334
4307,6.7836980232558135,6.256970581395349,86.0,86.0,797.2577083333334,48.0,2024-09-17 09:42:37.301760034,143.07978601599999
4308,6.659560229885058,6.059409310344827,87.0,87.0,791.4335416666667,48.0,2024-09-18 10:22:12.541439991,143.92575377066666
4309,6.5647989887640446,5.984684494382023,89.0,89.0,790.780625,48.0,2024-09-19 11:01:47.781120034,144.77172152533333
4310,6.750428275862069,6.205091264367816,87.0,87.0,793.7970833333334,48.0,2024-09-20 11:41:23.020799991,145.61768928
4311,6.719025227272727,6.26498465909091,88.0,88.0,795.4060416666666,48.0,2024-09-21 12:20:58.260480025,146.46365703466665
4312,6.806937586206897,6.320733793103449,87.0,87.0,788.2087499999999,48.0,2024-09-22 13:00:33.500159991,147.30962478933333
4313,6.8308595348837216,6.260917093023255,86.0,86.0,794.4452083333334,48.0,2024-09-23 13:40:08.739840025,148.155592544
4314,6.753292068965518,6.202471954022988,87.0,87.0,781.4989583333332,48.0,2024-09-24 14:19:43.979519982,149.00156029866667
4315,6.708982840909091,6.159153636363637,88.0,88.0,793.5839583333333,48.0,2024-09-25 14:59:19.219200025,149.84752805333332
4316,6.764214712643678,6.262639310344827,87.0,87.0,779.8645833333334,48.0,2024-09-26 15:38:54.458879982,150.693495808
4317,6.741620795454545,6.211161590909091,88.0,88.0,793.2079166666667,48.0,2024-09-27 16:18:29.698560025,151.53946356266667
4318,6.820684022988505,6.335371034482758,87.0,87.0,790.7333333333332,48.0,2024-09-28 16:58:04.938239982,152.38543131733334
4319,6.903252674418604,6.362813953488372,86.0,86.0,790.9735416666666,48.0,2024-09-29 17:37:40.177920017,153.231399072
4320,6.792528068181818,6.319244772727273,88.0,88.0,791.8924999999999,48.0,2024-09-30 18:17:15.417600060,154.07736682666666
4321,6.857705862068966,6.389405862068966,87.0,87.0,790.5639583333333,48.0,2024-10-01 18:56:50.657280017,154.92333458133334
4322,6.8079807954545455,6.326990795454545,88.0,88.0,791.4314583333334,48.0,2024-10-02 19:36:25.896960051,155.769302336
4323,6.887165862068966,6.422747471264368,87.0,87.0,779.0310416666666,48.0,2024-10-03 20:16:01.136640017,156.61527009066668
4324,6.967423139534884,6.42259965116279,86.0,86.0,800.3991666666667,48.0,2024-10-04 20:55:36.376320051,157.46123784533333
4325,6.974117701149425,6.445948735632184,87.0,87.0,799.6081250000001,48.0,2024-10-05 21:35:11.616000008,158.3072056
4326,6.983796551724137,6.520995287356322,87.0,87.0,793.9812499999999,48.0,2024-10-06 22:14:46.855680051,159.15317335466668
4327,6.853504827586207,6.323174597701149,87.0,87.0,790.2335416666666,48.0,2024-10-07 22:54:22.095360008,159.99914110933335
4328,6.9702315909090915,6.32084875,88.0,88.0,793.3470833333334,48.0,2024-10-08 23:33:57.335040051,160.845108864
4329,7.363495632183907,6.773294597701149,87.0,87.0,791.8733333333333,48.0,2024-10-10 00:13:32.574720008,161.69107661866667
4330,6.792903563218391,6.155588620689655,87.0,87.0,796.3520833333333,48.0,2024-10-11 00:53:07.814400043,162.53704437333334
4331,6.292517674418605,5.443698372093023,86.0,86.0,789.6791666666667,48.0,2024-10-12 01:32:43.054080008,163.38301212800002
4332,6.232551363636364,5.473321022727273,88.0,88.0,793.4004166666667,48.0,2024-10-13 02:12:18.293760043,164.2289798826667
4333,6.29117724137931,5.560940919540229,87.0,87.0,794.8110416666667,48.0,2024-10-14 02:51:53.533440000,165.07494763733334
4334,6.38236,5.687147954545455,88.0,88.0,788.4116666666667,48.0,2024-10-15 03:31:28.773120043,165.7445718916129
4335,6.435708505747127,5.822001034482759,87.0,87.0,791.1952083333334,48.0,2024-10-16 04:11:04.012800000,165.35677682580646
4336,6.599705747126436,5.962688735632184,87.0,87.0,787.4895833333334,48.0,2024-10-17 04:50:39.252480034,164.96898176000002
4337,6.690813068181819,6.1062928409090915,88.0,88.0,790.745,48.0,2024-10-18 05:30:14.492160000,164.58118669419355
4338,6.700538045977011,6.149115287356322,87.0,87.0,782.03375,48.0,2024-10-19 06:09:49.731840034,164.1933916283871
4339,6.791004942528735,6.247607126436782,87.0,87.0,783.135625,48.0,2024-10-20 06:49:24.971519991,163.80559656258066
4340,6.802165568181818,6.295066704545454,88.0,88.0,785.8572916666667,48.0,2024-10-21 07:29:00.211200034,163.4178014967742
4341,6.843405172413793,6.3967312643678165,87.0,87.0,790.3972916666667,48.0,2024-10-22 08:08:35.450879991,163.03000643096775
4342,6.884111022727273,6.484869204545455,88.0,88.0,798.1147916666667,48.0,2024-10-23 08:48:10.690560034,162.6422113651613
4343,6.852667613636364,6.418091590909091,88.0,88.0,790.2679166666667,48.0,2024-10-24 09:27:45.930239991,162.25441629935486
4344,6.912960114942529,6.4843555172413785,87.0,87.0,794.0010416666668,48.0,2024-10-25 10:07:21.169920025,161.8666212335484
4345,6.912260568181818,6.496804318181819,88.0,88.0,792.2689583333332,48.0,2024-10-26 10:46:56.409599991,161.47882616774194
4346,6.9666215909090905,6.518135,176.0,176.0,791.7483333333333,48.0,2024-10-27 11:26:31.649280025,161.0910311019355
4347,7.0121126,6.6199652,100.0,100.0,801.1547916666667,48.0,2024-10-28 12:06:06.888959982,160.70323603612903
4348,7.013087727272727,6.6300134090909095,88.0,88.0,810.5233333333334,48.0,2024-10-29 12:45:42.128640025,160.31544097032258
4349,7.01824724137931,6.61821908045977,87.0,87.0,792.5285416666667,48.0,2024-10-30 13:25:17.368319982,159.92764590451614
4350,6.846120344827587,6.454741379310345,87.0,87.0,781.5352083333333,48.0,2024-10-31 14:04:52.608000017,159.53985083870967
4351,6.841582298850575,6.34095724137931,87.0,87.0,790.6641666666666,48.0,2024-11-01 14:44:27.847679982,159.15205577290322
4352,6.716262386363636,6.233871363636364,88.0,88.0,793.9397916666667,48.0,2024-11-02 15:24:03.087360017,158.76426070709678
4353,6.666800574712644,6.112408390804598,87.0,87.0,798.89875,48.0,2024-11-03 16:03:38.327040060,158.37646564129034
4354,6.623932954545455,5.993733068181819,88.0,88.0,800.843125,48.0,2024-11-04 16:43:13.566720017,157.98867057548387
4355,6.530591685393259,5.974397415730337,89.0,89.0,798.0129166666667,48.0,2024-11-05 17:22:48.806400051,157.60087550967742
4356,6.542318045977012,5.95416540229885,87.0,87.0,797.8725,48.0,2024-11-06 18:02:24.046080017,157.21308044387098
4357,6.722358965517242,6.075809770114943,87.0,87.0,794.9089583333333,48.0,2024-11-07 18:41:59.285760051,156.8252853780645
4358,6.648022643678161,6.092974482758621,87.0,87.0,798.2758333333333,48.0,2024-11-08 19:21:34.525440008,156.43749031225806
4359,6.655253720930232,6.1786020930232555,86.0,86.0,799.2945833333333,48.0,2024-11-09 20:01:09.765120051,156.04969524645162
4360,6.807818295454546,6.265011022727273,88.0,88.0,797.675625,48.0,2024-11-10 20:40:45.004800008,155.66190018064515
4361,6.793866162790697,6.413827093023255,86.0,86.0,796.6372916666668,48.0,2024-11-11 21:20:20.244480043,155.2741051148387
4362,6.877738068181818,6.447533863636363,88.0,88.0,789.4897916666667,48.0,2024-11-12 21:59:55.484160008,154.88631004903226
4363,6.862406666666666,6.361391034482758,87.0,87.0,793.5204166666667,48.0,2024-11-13 22:39:30.723840043,154.4985149832258
4364,6.846471264367817,6.351770574712645,87.0,87.0,802.1495833333333,48.0,2024-11-14 23:19:05.963520000,154.11071991741935
4365,6.720468977272727,6.259044659090909,88.0,88.0,798.7408333333333,48.0,2024-11-15 23:58:41.203200043,154.11665146666667
4366,6.7758852272727275,6.296318409090909,88.0,88.0,781.71625,48.0,2024-11-17 00:38:16.442880000,154.13377631999998
4367,6.855321627906977,6.351607558139535,86.0,86.0,789.8339583333333,48.0,2024-11-18 01:17:51.682560043,154.15090117333332
4368,6.785214886363637,6.301563977272727,88.0,88.0,799.6979166666666,48.0,2024-11-19 01:57:26.922240000,154.16802602666667
4369,6.789803793103449,6.406194482758621,87.0,87.0,795.4433333333333,48.0,2024-11-20 02:37:02.161920034,154.18515087999998
4370,6.847347613636364,6.396473522727273,88.0,88.0,798.4685416666666,48.0,2024-11-21 03:16:37.401600000,154.20227573333332
4371,7.999259431818182,7.594995568181818,88.0,88.0,798.8910416666666,48.0,2024-11-22 03:56:12.641280034,154.21940058666667
4372,6.99893632183908,6.5487406896551725,87.0,87.0,798.2733333333334,48.0,2024-11-23 04:35:47.880959991,154.23652544
4373,6.925622386363637,6.492469545454545,88.0,88.0,805.7608333333333,48.0,2024-11-24 05:15:23.120640034,154.25365029333332
4374,6.9638793103448275,6.515102873563218,87.0,87.0,805.5212499999999,48.0,2024-11-25 05:54:58.360319991,154.27077514666667
4375,6.917115340909091,6.514938181818182,88.0,88.0,799.749375,48.0,2024-11-26 06:34:33.600000025,154.2879
4376,6.957913793103447,6.545657471264368,87.0,87.0,797.448125,48.0,2024-11-27 07:14:08.839679991,154.30502485333332
4377,7.051092643678161,6.592973218390805,87.0,87.0,804.09875,48.0,2024-11-28 07:53:44.079360025,154.32214970666666
4378,7.046151494252873,6.664384712643678,87.0,87.0,806.4939583333334,48.0,2024-11-29 08:33:19.319039982,154.33927456
4379,7.0299862068965515,6.633730344827586,87.0,87.0,805.368125,48.0,2024-11-30 09:12:54.558720025,154.35639941333332
4380,7.027814367816092,6.64866356321839,87.0,87.0,800.6797916666666,48.0,2024-12-01 09:52:29.798399982,154.37352426666666
4381,6.752226931818182,6.288401818181819,88.0,88.0,803.5614583333332,48.0,2024-12-02 10:32:05.038080025,154.39064912
4382,6.676102298850576,6.140801954022988,87.0,87.0,805.8735416666667,48.0,2024-12-03 11:11:40.277759982,154.40777397333332
4383,6.676521724137931,6.15018,87.0,87.0,804.5524999999999,48.0,2024-12-04 11:51:15.517440017,154.42489882666666
4384,6.725166395348838,6.212483139534884,86.0,86.0,807.0135416666667,48.0,2024-12-05 12:30:50.757119982,154.44202368
4385,6.853661494252874,6.261831149425287,87.0,87.0,809.625,48.0,2024-12-06 13:10:25.996800017,154.45914853333332
4386,6.818828620689656,6.3044098850574715,87.0,87.0,808.9595833333333,48.0,2024-12-07 13:50:01.236480051,154.47627338666666
4387,6.854522159090909,6.279338522727272,88.0,88.0,810.6666666666666,48.0,2024-12-08 14:29:36.476160017,154.49339824
4388,6.7889965517241375,6.244950344827587,87.0,87.0,807.6825,48.0,2024-12-09 15:09:11.715840051,154.51052309333332
4389,6.845332159090909,6.24007875,88.0,88.0,808.1733333333333,48.0,2024-12-10 15:48:46.955520008,154.52764794666666
4390,6.810414482758621,6.304514252873563,87.0,87.0,816.9812499999999,48.0,2024-12-11 16:28:22.195200051,154.5447728
4391,6.888149885057471,6.373226666666667,87.0,87.0,804.8695833333333,48.0,2024-12-12 17:07:57.434880008,154.56189765333332
4392,6.82594816091954,6.318207586206897,87.0,87.0,812.1275,48.0,2024-12-13 17:47:32.674560051,154.57902250666666
4393,6.8123525,6.2983270454545455,88.0,88.0,809.1304166666667,48.0,2024-12-14 18:27:07.914240008,154.59614736
4394,6.851481976744186,6.365195697674419,86.0,86.0,810.5920833333333,48.0,2024-12-15 19:06:43.153920043,154.1478884748387
4395,6.736691123595506,6.275659101123595,89.0,89.0,821.3964583333333,48.0,2024-12-16 19:46:18.393600008,153.56453863225806
4396,7.00224,6.494559302325581,86.0,86.0,818.9395833333333,48.0,2024-12-17 20:25:53.633280043,152.98118878967742
4397,6.932857840909091,6.4209618181818175,88.0,88.0,818.268125,48.0,2024-12-18 21:05:28.872960000,152.39783894709677
4398,6.971332613636363,6.471171363636364,88.0,88.0,819.2331250000001,48.0,2024-12-19 21:45:04.112640043,151.81448910451613
4399,6.803713103448276,6.40207183908046,87.0,87.0,814.7966666666666,48.0,2024-12-20 22:24:39.352320000,151.23113926193548
4400,6.8749756818181815,6.385807159090908,88.0,88.0,814.6179166666667,48.0,2024-12-21 23:04:14.592000034,150.64778941935484
4401,7.0170070454545455,6.531020227272728,88.0,88.0,820.3645833333334,48.0,2024-12-22 23:43:49.831680000,150.0644395767742
4402,6.943029886363636,6.554887045454546,88.0,88.0,813.6022916666667,48.0,2024-12-24 00:23:25.071360034,149.48108973419355
4403,7.023432441860464,6.556162558139534,86.0,86.0,825.2733333333334,48.0,2024-12-25 01:03:00.311039991,148.8977398916129
4404,6.837599885057471,6.313846206896551,87.0,87.0,826.3372916666667,48.0,2024-12-26 01:42:35.550720034,148.31439004903226
4405,6.777271954022988,6.190776206896552,87.0,87.0,825.1991666666667,48.0,2024-12-27 02:22:10.790399991,147.7310402064516
4406,6.6560494318181815,6.100286363636363,88.0,88.0,821.3270833333332,48.0,2024-12-28 03:01:46.030080034,147.14769036387096
4407,6.650901609195402,6.13334448275862,87.0,87.0,821.3166666666666,48.0,2024-12-29 03:41:21.269759991,146.56434052129032
4408,6.7076839080459765,6.197762298850575,87.0,87.0,816.868125,48.0,2024-12-30 04:20:56.509440025,145.98099067870967
4409,6.688377356321839,6.208234827586208,87.0,87.0,826.3333333333334,48.0,2024-12-31 05:00:31.749119991,145.39764083612903
4410,6.686086931818181,6.167950681818183,88.0,88.0,820.2989583333333,48.0,2025-01-01 05:40:06.988800025,144.81429099354838
4411,6.768261704545455,6.190293977272727,88.0,88.0,825.4670833333333,48.0,2025-01-02 06:19:42.228479982,144.23094115096774
4412,6.629977500000001,6.056544090909091,88.0,88.0,826.429375,48.0,2025-01-03 06:59:17.468160025,143.6475913083871
4413,6.595616206896552,5.996262183908046,87.0,87.0,820.4022916666667,48.0,2025-01-04 07:38:52.707839982,143.06424146580645
4414,6.702758488372093,6.018971860465116,86.0,86.0,823.0383333333333,48.0,2025-01-05 08:18:27.947520017,142.4808916232258
4415,6.574573793103449,5.987927931034483,87.0,87.0,825.3529166666667,48.0,2025-01-06 08:58:03.187199982,141.89754178064516
4416,6.553441609195402,5.949415632183908,87.0,87.0,839.5941666666666,48.0,2025-01-07 09:37:38.426880017,141.3141919380645
4417,6.597874022988505,6.00873632183908,87.0,87.0,820.191875,48.0,2025-01-08 10:17:13.666560060,140.73084209548387
4418,6.699841379310345,6.065452528735633,87.0,87.0,826.3779166666667,48.0,2025-01-09 10:56:48.906240017,140.14749225290322
4419,6.538352584269663,5.983765393258427,89.0,89.0,835.4985416666667,48.0,2025-01-10 11:36:24.145920051,139.56414241032257
4420,6.6398975,6.095735227272727,88.0,88.0,827.0052083333334,48.0,2025-01-11 12:15:59.385600017,138.98079256774193
4421,6.790184534883721,6.266972441860465,86.0,86.0,826.821875,48.0,2025-01-12 12:55:34.625280051,138.39744272516128
4422,6.805700113636363,6.361605454545455,88.0,88.0,827.3110416666667,48.0,2025-01-13 13:35:09.864960008,137.81409288258064
4423,6.952762643678161,6.465519540229884,87.0,87.0,828.976875,48.0,2025-01-14 14:14:45.104640051,137.23074304
4424,6.943775517241379,6.461782528735632,87.0,87.0,829.4135416666667,48.0,2025-01-15 14:54:20.344320008,137.37464472774192
4425,6.953304302325581,6.45963511627907,86.0,86.0,813.1683333333334,48.0,2025-01-16 15:33:55.584000043,137.99445393548388
4426,6.854999659090908,6.351588409090909,88.0,88.0,830.6008333333333,48.0,2025-01-17 16:13:30.823680008,138.6142631432258
4427,6.897844659090908,6.446302727272727,88.0,88.0,832.938125,48.0,2025-01-18 16:53:06.063360043,139.23407235096775
4428,6.9192136781609195,6.433482068965517,87.0,87.0,833.2547916666667,48.0,2025-01-19 17:32:41.303039999,139.85388155870967
4429,6.989087241379311,6.444491264367817,87.0,87.0,829.2160416666667,48.0,2025-01-20 18:12:16.542720043,140.47369076645163
4430,6.86339125,6.348986477272728,88.0,88.0,831.2422916666666,48.0,2025-01-21 18:51:51.782400000,141.09349997419355
4431,6.785713103448276,6.239228275862069,87.0,87.0,833.22375,48.0,2025-01-22 19:31:27.022080043,141.71330918193547
4432,6.772136781609195,6.35725908045977,87.0,87.0,836.1220833333333,48.0,2025-01-23 20:11:02.261760000,142.33311838967742
4433,6.85794908045977,6.366389655172414,87.0,87.0,834.3595833333334,48.0,2025-01-24 20:50:37.501440034,142.95292759741935
4434,6.874042528735632,6.417080114942529,87.0,87.0,826.0864583333333,48.0,2025-01-25 21:30:12.741120000,143.5727368051613
4435,6.980839885057471,6.488834597701149,87.0,87.0,829.788125,48.0,2025-01-26 22:09:47.980800034,144.19254601290322
4436,6.934830454545454,6.469710568181818,88.0,88.0,831.0764583333333,48.0,2025-01-27 22:49:23.220479991,144.81235522064514
4437,6.909928068181818,6.520250113636364,88.0,88.0,839.1149999999999,48.0,2025-01-28 23:28:58.460160034,145.4321644283871
4438,6.895356896551723,6.492784942528736,87.0,87.0,836.1506250000001,48.0,2025-01-30 00:08:33.699839991,146.05197363612902
4439,6.952470804597701,6.622803218390805,87.0,87.0,834.0064583333333,48.0,2025-01-31 00:48:08.939520025,146.67178284387097
4440,7.0201203448275855,6.610048505747126,87.0,87.0,835.4197916666667,48.0,2025-02-01 01:27:44.179199991,147.2915920516129
4441,7.030653181818182,6.648996363636363,88.0,88.0,832.7883333333334,48.0,2025-02-02 02:07:19.418880025,147.91140125935482
4442,,,,,832.9625,48.0,2025-02-03 02:46:54.658559982,148.53121046709677
4443,6.790592413793103,6.339282528735632,87.0,87.0,841.6154166666666,48.0,2025-02-04 03:26:29.898240025,149.1510196748387
4444,6.796518850574713,6.266052068965517,87.0,87.0,841.3452083333333,48.0,2025-02-05 04:06:05.137919982,149.77082888258064
4445,6.788024597701149,6.226458045977012,87.0,87.0,840.4910416666667,48.0,2025-02-06 04:45:40.377600025,150.39063809032257
4446,6.879257613636364,6.309011590909091,88.0,88.0,840.265625,48.0,2025-02-07 05:25:15.617279982,151.01044729806452
4447,6.792291590909091,6.326079431818181,88.0,88.0,832.1710416666666,48.0,2025-02-08 06:04:50.856960017,151.63025650580644
4448,6.9335652873563225,6.477511724137931,87.0,87.0,838.8000000000001,48.0,2025-02-09 06:44:26.096640060,152.25006571354837
4449,7.042671235955056,6.587274719101124,89.0,89.0,841.1266666666667,48.0,2025-02-10 07:24:01.336320017,152.86987492129032
4450,7.066776395348836,6.658212209302326,86.0,86.0,840.3816666666667,48.0,2025-02-11 08:03:36.576000051,153.48968412903224
4451,7.059273295454545,6.6605977272727275,88.0,88.0,841.4856249999999,48.0,2025-02-12 08:43:11.815680017,154.1094933367742
4452,7.119124137931034,6.723309885057471,87.0,87.0,841.3754166666666,48.0,2025-02-13 09:22:47.055360051,154.72930254451612
4453,7.114290454545454,6.7763462500000005,88.0,88.0,839.7014583333333,48.0,2025-02-14 10:02:22.295040008,155.34911175225807
4454,7.106107011494253,6.76926816091954,87.0,87.0,842.4358333333333,48.0,2025-02-15 10:41:57.534720051,155.3576856
4455,7.100756781609196,6.6550203448275855,87.0,87.0,842.5616666666666,48.0,2025-02-16 11:21:32.774400008,154.56871914285713
4456,6.919864943820224,6.522443707865168,89.0,89.0,843.3064583333334,48.0,2025-02-17 12:01:08.014080051,153.77975268571427
4457,6.912626363636363,6.51356215909091,88.0,88.0,841.4829166666667,48.0,2025-02-18 12:40:43.253760008,152.9907862285714
4458,6.899634367816092,6.493728965517242,87.0,87.0,836.7854166666666,48.0,2025-02-19 13:20:18.493440043,152.20181977142855
4459,6.947299425287356,6.492830574712643,87.0,87.0,839.2512499999999,48.0,2025-02-20 13:59:53.733120008,151.4128533142857
4460,6.886263295454546,6.423581022727273,88.0,88.0,840.9916666666667,48.0,2025-02-21 14:39:28.972800043,150.62388685714285
4461,6.9810867816091955,6.495771954022988,87.0,87.0,840.3625000000001,48.0,2025-02-22 15:19:04.212480000,149.8349204
4462,6.875296363636363,6.446020227272727,88.0,88.0,842.27625,48.0,2025-02-23 15:58:39.452160043,149.04595394285712
4463,,,,,844.3747916666666,48.0,2025-02-24 16:38:14.691840000,148.25698748571426
4464,6.908593636363636,6.464575454545455,88.0,88.0,846.2416666666667,48.0,2025-02-25 17:17:49.931520034,147.46802102857143
4465,6.947462183908046,6.464131609195403,87.0,87.0,847.864375,48.0,2025-02-26 17:57:25.171200000,146.67905457142857
4466,6.8543217045454545,6.2964068181818185,88.0,88.0,843.8068750000001,48.0,2025-02-27 18:37:00.410880034,145.8900881142857
4467,6.850890574712643,6.265668965517241,87.0,87.0,846.4995833333334,48.0,2025-02-28 19:16:35.650559991,145.10112165714284
4468,6.816125813953488,6.305385813953489,86.0,86.0,845.185,48.0,2025-03-01 19:56:10.890240034,144.31215519999998
4469,6.715594772727273,6.21044125,88.0,88.0,849.1345833333334,48.0,2025-03-02 20:35:46.129919991,143.52318874285714
4470,6.8030444827586205,6.2560508045977015,87.0,87.0,849.3433333333334,48.0,2025-03-03 21:15:21.369600034,142.73422228571428
4471,6.79626367816092,6.215758275862069,87.0,87.0,848.9554166666667,48.0,2025-03-04 21:54:56.609279991,141.94525582857142
4472,6.799379204545454,6.1897495454545455,88.0,88.0,846.6152083333333,48.0,2025-03-05 22:34:31.848960025,141.15628937142856
4473,6.8497003409090915,6.256056818181818,88.0,88.0,846.2370833333333,48.0,2025-03-06 23:14:07.088639991,140.3673229142857
4474,6.766578068181818,6.214975340909091,88.0,88.0,847.27625,48.0,2025-03-07 23:53:42.328320025,139.57835645714283
4475,6.85693476744186,6.2559115116279065,86.0,86.0,848.4783333333334,48.0,2025-03-09 00:33:17.567999982,138.78939
4476,6.705544431818182,6.2001662500000005,88.0,88.0,850.9920833333334,48.0,2025-03-10 01:12:52.807680025,138.00042354285713
4477,6.734597272727272,6.193881590909092,88.0,88.0,844.9004166666667,48.0,2025-03-11 01:52:28.047359982,137.21145708571427
4478,6.726085172413793,6.163692988505748,87.0,87.0,848.3775,48.0,2025-03-12 02:32:03.287040017,136.4224906285714
4479,6.699487840909091,6.210771022727273,88.0,88.0,848.0435416666668,48.0,2025-03-13 03:11:38.526719982,135.63352417142855
4480,6.758214022988505,6.175066091954022,87.0,87.0,849.3641666666667,48.0,2025-03-14 03:51:13.766400017,134.8445577142857
4481,6.746471627906977,6.203413488372093,86.0,86.0,847.555,48.0,2025-03-15 04:30:49.006080060,134.24368012387094
4482,6.622631685393259,6.156726404494383,89.0,89.0,844.8660416666667,48.0,2025-03-16 05:10:24.245760017,134.48232324129032
4483,,,,,842.6858333333333,48.0,2025-03-17 05:49:59.485440051,134.72096635870966
4484,6.818607727272727,6.28078909090909,88.0,88.0,840.043125,48.0,2025-03-18 06:29:34.725120017,134.95960947612903
4485,6.785667011494253,6.294526666666667,87.0,87.0,840.8125,48.0,2025-03-19 07:09:09.964800051,135.19825259354837
4486,6.7448030681818185,6.280338977272728,88.0,88.0,842.7410416666667,48.0,2025-03-20 07:48:45.204480008,135.43689571096775
4487,6.820541363636363,6.271316477272728,88.0,88.0,839.2064583333334,48.0,2025-03-21 08:28:20.444160051,135.6755388283871
4488,6.7835395348837215,6.286353023255813,86.0,86.0,845.8035416666667,48.0,2025-03-22 09:07:55.683840008,135.91418194580643
4489,6.737259431818182,6.256875,88.0,88.0,841.476875,48.0,2025-03-23 09:47:30.923520043,136.1528250632258
4490,6.876746477272727,6.305680681818182,88.0,88.0,841.3583333333332,48.0,2025-03-24 10:27:06.163200008,136.39146818064515
4491,6.766087816091954,6.215442873563218,87.0,87.0,843.5968750000001,48.0,2025-03-25 11:06:41.402880043,136.63011129806452
4492,6.807681136363636,6.242214431818183,88.0,88.0,846.6066666666667,48.0,2025-03-26 11:46:16.642560000,136.86875441548386
4493,6.791766091954023,6.266652988505747,87.0,87.0,843.8316666666666,48.0,2025-03-27 12:25:51.882240043,137.10739753290324
4494,6.830268850574712,6.371268850574713,87.0,87.0,841.4364583333332,48.0,2025-03-28 13:05:27.121920000,137.34604065032258
4495,6.902111609195402,6.376678620689654,87.0,87.0,842.7902083333333,48.0,2025-03-29 13:45:02.361600043,137.58468376774192
4496,6.920488620689655,6.405958965517242,87.0,87.0,842.77,48.0,2025-03-30 14:24:37.601279999,137.8233268851613
4497,6.908016091954023,6.427774252873563,87.0,87.0,841.466875,48.0,2025-03-31 15:04:12.840960034,138.06197000258064
4498,6.8455351724137925,6.239095747126437,87.0,87.0,842.6254166666666,48.0,2025-04-01 15:43:48.080640000,138.30061312
4499,6.712052528735632,6.1644675862068965,87.0,87.0,841.5429166666667,48.0,2025-04-02 16:23:23.320320034,138.53925623741935
4500,6.717371954022988,6.181558505747126,87.0,87.0,842.884375,48.0,2025-04-03 17:02:58.559999991,138.77789935483872
4501,6.715968850574713,6.117347701149425,87.0,87.0,837.3402083333334,48.0,2025-04-04 17:42:33.799680034,139.01654247225807
4502,6.772275681818181,6.205104090909091,88.0,88.0,840.0170833333333,48.0,2025-04-05 18:22:09.039359991,139.2551855896774
4503,6.796569195402299,6.254493103448276,87.0,87.0,841.294375,48.0,2025-04-06 19:01:44.279040025,139.49382870709678
4504,6.759152159090909,6.243990113636364,88.0,88.0,838.4347916666667,48.0,2025-04-07 19:41:19.518719991,139.73247182451613
4505,6.818117159090909,6.346443522727273,88.0,88.0,838.3197916666667,48.0,2025-04-08 20:20:54.758400025,139.9711149419355
4506,6.940057816091954,6.419468160919541,87.0,87.0,836.824375,48.0,2025-04-09 21:00:29.998079991,140.20975805935484
4507,6.962289310344827,6.471074597701149,87.0,87.0,833.263125,48.0,2025-04-10 21:40:05.237760025,140.4484011767742
4508,6.862870113636364,6.399296818181818,88.0,88.0,832.5604166666667,48.0,2025-04-11 22:19:40.477439982,140.68704429419356
4509,6.962228390804598,6.354440459770115,87.0,87.0,832.4966666666668,48.0,2025-04-12 22:59:15.717120025,140.9256874116129
4510,6.762702727272727,6.319556818181818,88.0,88.0,832.1929166666667,48.0,2025-04-13 23:38:50.956799982,141.16433052903227
4511,6.89253875,6.412773522727273,88.0,88.0,830.013125,48.0,2025-04-15 00:18:26.196480017,141.37315595733335
4512,6.7538611363636365,6.282666704545455,88.0,88.0,835.7616666666667,48.0,2025-04-16 00:58:01.436159982,139.218849408
4513,6.915321379310345,6.448946781609195,87.0,87.0,831.3810416666666,48.0,2025-04-17 01:37:36.675840017,137.06454285866667
4514,6.847000449438203,6.413969325842697,89.0,89.0,831.234375,48.0,2025-04-18 02:17:11.915520051,134.91023630933333
4515,6.966761494252873,6.461028735632184,87.0,87.0,836.8460416666667,48.0,2025-04-19 02:56:47.155200017,132.75592976000001
4516,6.913009883720931,6.5196182558139535,86.0,86.0,835.1847916666667,48.0,2025-04-20 03:36:22.394880051,130.60162321066667
4517,6.941315977011494,6.522302413793103,87.0,87.0,834.3239583333334,48.0,2025-04-21 04:15:57.634560008,128.44731666133333
4518,6.991774827586207,6.57418172413793,87.0,87.0,831.3762499999999,48.0,2025-04-22 04:55:32.874240051,126.293010112
4519,7.019142298850575,6.595872528735632,87.0,87.0,832.94875,48.0,2025-04-23 05:35:08.113920008,124.13870356266668
4520,6.985375454545454,6.574716477272728,88.0,88.0,834.9264583333334,48.0,2025-04-24 06:14:43.353600051,121.98439701333334
4521,6.974199425287357,6.58408908045977,87.0,87.0,829.1204166666666,48.0,2025-04-25 06:54:18.593280008,119.83009046400001
4522,7.05905459770115,6.622134252873563,87.0,87.0,819.31875,48.0,2025-04-26 07:33:53.832960043,117.67578391466667
4523,7.055325632183908,6.663859885057471,87.0,87.0,832.5099999999999,48.0,2025-04-27 08:13:29.072640008,115.52147736533334
4524,7.032034204545455,6.588115568181819,88.0,88.0,829.9225,48.0,2025-04-28 08:53:04.312320043,113.367170816
4525,6.9557287500000005,6.587752954545454,88.0,88.0,830.4722916666666,48.0,2025-04-29 09:32:39.552000000,111.21286426666667
4526,7.079960909090909,6.683402272727273,88.0,88.0,827.2077083333334,48.0,2025-04-30 10:12:14.791680043,109.05855771733334
4527,7.040392272727273,6.685339431818182,88.0,88.0,822.1716666666666,48.0,2025-05-01 10:51:50.031360000,106.904251168
4528,7.013295632183907,6.621679425287356,87.0,87.0,821.6281250000001,48.0,2025-05-02 11:31:25.271040034,104.74994461866666
4529,6.904813863636363,6.434303295454546,88.0,88.0,822.8952083333334,48.0,2025-05-03 12:11:00.510720000,102.59563806933335
4530,6.962338275862069,6.503047701149424,87.0,87.0,817.5939583333334,48.0,2025-05-04 12:50:35.750400034,100.44133152
4531,7.050641149425288,6.635279655172414,87.0,87.0,816.7791666666667,48.0,2025-05-05 13:30:10.990080000,98.28702497066666
4532,7.06879909090909,6.718760681818182,88.0,88.0,815.7697916666666,48.0,2025-05-06 14:09:46.229760034,96.13271842133334
4533,6.946527816091955,6.620358850574712,87.0,87.0,817.8691666666667,48.0,2025-05-07 14:49:21.469439991,93.97841187200001
4534,7.073281724137931,6.654374022988505,87.0,87.0,816.053125,48.0,2025-05-08 15:28:56.709120034,91.82410532266667
4535,6.9942092134831455,6.556041235955056,89.0,89.0,812.2666666666668,48.0,2025-05-09 16:08:31.948799991,89.66979877333333
4536,7.0922122988505745,6.731399310344828,87.0,87.0,817.6514583333333,48.0,2025-05-10 16:48:07.188480025,87.51549222400001
4537,7.107019655172413,6.707102413793104,87.0,87.0,811.9535416666666,48.0,2025-05-11 17:27:42.428159991,85.36118567466667
4538,7.1103013636363634,6.684096136363636,88.0,88.0,810.3558333333334,48.0,2025-05-12 18:07:17.667840025,83.20687912533333
4539,7.140352441860465,6.77730558139535,86.0,86.0,814.7310416666666,48.0,2025-05-13 18:46:52.907519982,81.052572576
4540,7.285897126436782,6.805891724137931,87.0,87.0,811.4835416666666,48.0,2025-05-14 19:26:28.147200025,78.89826602666668
4541,7.115933181818182,6.737006931818183,88.0,88.0,811.7939583333333,48.0,2025-05-15 20:06:03.386879982,79.47532790709677
4542,7.085510113636364,6.777992386363636,88.0,88.0,809.3158333333334,48.0,2025-05-16 20:45:38.626560025,80.67185798193549
4543,7.200644712643679,6.8236505747126435,87.0,87.0,811.355625,48.0,2025-05-17 21:25:13.866239982,81.8683880567742
4544,7.218935632183909,6.842494367816092,87.0,87.0,805.7491666666666,48.0,2025-05-18 22:04:49.105920017,83.0649181316129
4545,7.265229318181818,6.855701249999999,88.0,88.0,805.7214583333333,48.0,2025-05-19 22:44:24.345600060,84.26144820645162
4546,7.218973448275863,6.873435862068965,87.0,87.0,802.5064583333333,48.0,2025-05-20 23:23:59.585280017,85.45797828129032
4547,7.276788850574713,6.967064137931035,87.0,87.0,809.1577083333333,48.0,2025-05-22 00:03:34.824960051,86.65450835612903
4548,7.330340114942529,6.934035402298851,87.0,87.0,802.5529166666666,48.0,2025-05-23 00:43:10.064640017,87.85103843096775
4549,7.257567816091955,6.896809540229885,87.0,87.0,797.2752083333334,48.0,2025-05-24 01:22:45.304320051,89.04756850580645
4550,7.190087701149426,6.8605373563218395,87.0,87.0,798.6289583333333,48.0,2025-05-25 02:02:20.544000008,90.24409858064516
4551,7.228197674418604,6.8673943023255815,86.0,86.0,800.3516666666666,48.0,2025-05-26 02:41:55.783680051,91.44062865548386
4552,6.997664252873563,6.6743266666666665,87.0,87.0,798.285625,48.0,2025-05-27 03:21:31.023360008,92.63715873032258
4553,6.856799662921349,6.48212595505618,89.0,89.0,795.6722916666666,48.0,2025-05-28 04:01:06.263040043,93.83368880516129
4554,7.044051494252874,6.653050229885058,87.0,87.0,788.26125,48.0,2025-05-29 04:40:41.502720008,95.03021887999999
4555,7.10809183908046,6.716656551724138,87.0,87.0,789.3589583333334,48.0,2025-05-30 05:20:16.742400043,96.22674895483871
4556,7.781448068181818,7.2997067045454544,88.0,88.0,785.7852083333333,48.0,2025-05-31 05:59:51.982080008,97.42327902967742
4557,7.178214942528735,6.787414252873563,87.0,87.0,790.0579166666666,48.0,2025-06-01 06:39:27.221760043,98.61980910451612
4558,7.011940113636364,6.636402727272727,88.0,88.0,787.2345833333334,48.0,2025-06-02 07:19:02.461440000,99.81633917935483
4559,6.7314347727272725,6.265128068181818,88.0,88.0,788.164375,48.0,2025-06-03 07:58:37.701120043,101.01286925419355
4560,6.770819885057471,6.231138850574712,87.0,87.0,790.1858333333333,48.0,2025-06-04 08:38:12.940800000,102.20939932903225
4561,7.076397126436782,6.7452905747126435,87.0,87.0,783.5185416666667,48.0,2025-06-05 09:17:48.180480034,103.40592940387097
4562,7.160317613636363,6.880947045454545,88.0,88.0,782.9795833333333,48.0,2025-06-06 09:57:23.420160000,104.60245947870968
4563,7.320375930232558,6.9506794186046506,86.0,86.0,787.0883333333333,48.0,2025-06-07 10:36:58.659840034,105.79898955354838
4564,7.2206670454545465,6.912191931818182,88.0,88.0,778.178125,48.0,2025-06-08 11:16:33.899519991,106.99551962838709
4565,7.183579772727273,6.8730424999999995,88.0,88.0,781.775,48.0,2025-06-09 11:56:09.139200034,108.1920497032258
4566,7.300010459770115,6.996723218390804,87.0,87.0,785.2270833333333,48.0,2025-06-10 12:35:44.378879991,109.38857977806451
4567,7.260436091954023,6.957713793103449,87.0,87.0,782.1941666666667,48.0,2025-06-11 13:15:19.618560034,110.58510985290323
4568,7.281019655172414,6.978609310344828,87.0,87.0,779.3520833333333,48.0,2025-06-12 13:54:54.858239991,111.78163992774194
4569,7.222936853932584,6.902069213483147,89.0,89.0,774.2529166666667,48.0,2025-06-13 14:34:30.097920025,112.97817000258064
4570,7.262376781609195,6.95835275862069,87.0,87.0,778.9466666666667,48.0,2025-06-14 15:14:05.337599991,114.17470007741935
4571,7.2059601136363645,6.878761136363636,88.0,88.0,777.5216666666666,48.0,2025-06-15 15:53:40.577280025,114.849456992
4572,7.245561609195403,6.887141494252874,87.0,87.0,774.4664583333333,48.0,2025-06-16 16:33:15.816959982,115.23647867733332
4573,7.091213295454546,6.721657727272728,88.0,88.0,771.6070833333333,48.0,2025-06-17 17:12:51.056640025,115.62350036266666
4574,7.004509310344827,6.58483540229885,87.0,87.0,770.0847916666667,48.0,2025-06-18 17:52:26.296319982,116.010522048
4575,6.857393181818182,6.415010909090909,88.0,88.0,767.280625,48.0,2025-06-19 18:32:01.536000017,116.39754373333334
4576,6.842666896551724,6.395509425287356,87.0,87.0,768.995625,48.0,2025-06-20 19:11:36.775680060,116.78456541866666
4577,7.050331609195402,6.539205862068965,87.0,87.0,768.5320833333334,48.0,2025-06-21 19:51:12.015360017,117.171587104
4578,6.93813908045977,6.4880686206896545,87.0,87.0,760.9139583333334,48.0,2025-06-22 20:30:47.255040060,117.55860878933333
4579,6.829580227272728,6.443083977272727,88.0,88.0,764.4414583333333,48.0,2025-06-23 21:10:22.494720017,117.94563047466667
4580,6.969820459770115,6.546844482758621,87.0,87.0,762.3629166666666,48.0,2025-06-24 21:49:57.734400051,118.33265216
4581,6.947599770114943,6.529365287356322,87.0,87.0,756.64,48.0,2025-06-25 22:29:32.974080017,118.71967384533333
4582,6.9709020689655175,6.508498275862069,87.0,87.0,757.5152083333334,48.0,2025-06-26 23:09:08.213760051,119.10669553066667
4583,6.928251136363636,6.56265,88.0,88.0,758.6954166666666,48.0,2025-06-27 23:48:43.453440008,119.493717216
4584,6.944025287356321,6.556357356321839,87.0,87.0,760.6491666666666,48.0,2025-06-29 00:28:18.693120051,119.88073890133333
4585,6.967056666666666,6.573512068965517,87.0,87.0,754.5804166666667,48.0,2025-06-30 01:07:53.932800008,120.26776058666667
4586,6.943245227272727,6.525725795454545,88.0,88.0,755.7310416666666,48.0,2025-07-01 01:47:29.172480043,120.654782272
4587,6.945573863636364,6.547593977272727,88.0,88.0,753.2158333333333,48.0,2025-07-02 02:27:04.412160008,121.04180395733333
4588,7.062572674418605,6.63090534883721,86.0,86.0,754.7220833333334,48.0,2025-07-03 03:06:39.651840043,121.42882564266667
4589,7.022391818181817,6.693701022727273,88.0,88.0,754.62125,48.0,2025-07-04 03:46:14.891520000,121.815847328
4590,7.062239090909091,6.765273295454546,88.0,88.0,754.7622916666668,48.0,2025-07-05 04:25:50.131200043,122.20286901333334
4591,7.203208045977011,6.796741034482759,87.0,87.0,748.1908333333334,48.0,2025-07-06 05:05:25.370880000,122.58989069866666
4592,7.169892413793103,6.751302643678161,87.0,87.0,750.671875,48.0,2025-07-07 05:45:00.610560043,122.976912384
4593,7.129002873563218,6.742587701149426,87.0,87.0,751.0129166666667,48.0,2025-07-08 06:24:35.850239999,123.36393406933334
4594,7.0214662500000005,6.7194821590909095,88.0,88.0,747.1550000000001,48.0,2025-07-09 07:04:11.089920034,123.75095575466668
4595,7.1466224418604645,6.774638372093023,86.0,86.0,749.8070833333333,48.0,2025-07-10 07:43:46.329600000,124.13797744
4596,7.009085681818181,6.624106022727273,88.0,88.0,742.6260416666668,48.0,2025-07-11 08:23:21.569280034,124.52499912533334
4597,6.90594,6.511836206896552,87.0,87.0,744.760625,48.0,2025-07-12 09:02:56.808959991,124.91202081066668
4598,6.996984651162791,6.562108837209302,86.0,86.0,742.9699999999999,48.0,2025-07-13 09:42:32.048640034,125.299042496
4599,6.86568534090909,6.509878636363637,88.0,88.0,741.53125,48.0,2025-07-14 10:22:07.288319991,125.68606418133334
4600,6.95945816091954,6.607355977011494,87.0,87.0,740.9339583333334,48.0,2025-07-15 11:01:42.528000025,126.01562116129033
4601,6.9333931818181815,6.613723522727272,88.0,88.0,740.1685416666668,48.0,2025-07-16 11:41:17.767679991,126.27415120516129
4602,7.0260777011494255,6.638095632183908,87.0,87.0,733.2264583333334,48.0,2025-07-17 12:20:53.007360025,126.53268124903227
4603,7.080938636363637,6.622355340909092,88.0,88.0,730.2758333333333,48.0,2025-07-18 13:00:28.247039982,126.79121129290323
4604,7.050289310344828,6.602774137931035,87.0,87.0,732.09,48.0,2025-07-19 13:40:03.486720025,127.04974133677419
4605,6.9541602298850576,6.470353448275862,87.0,87.0,725.5014583333333,48.0,2025-07-20 14:19:38.726399982,127.30827138064517
4606,6.848877011494253,6.4613574712643675,87.0,87.0,732.0056249999999,48.0,2025-07-21 14:59:13.966080025,127.56680142451613
4607,6.9705562500000005,6.5421896590909085,88.0,88.0,734.4658333333333,48.0,2025-07-22 15:38:49.205759982,127.8253314683871
4608,7.012390689655172,6.590682068965517,87.0,87.0,730.8422916666667,48.0,2025-07-23 16:18:24.445440017,128.08386151225807
4609,6.929643295454546,6.549562045454545,88.0,88.0,726.2822916666668,48.0,2025-07-24 16:57:59.685120060,128.34239155612903
4610,6.986238837209303,6.597406860465116,86.0,86.0,729.0283333333333,48.0,2025-07-25 17:37:34.924800017,128.6009216
4611,7.006530000000001,6.6172474999999995,88.0,88.0,727.0020833333333,48.0,2025-07-26 18:17:10.164480051,128.85945164387095
4612,7.048202873563219,6.601729425287356,87.0,87.0,728.933125,48.0,2025-07-27 18:56:45.404160017,129.11798168774195
4613,7.067654942528736,6.748586666666666,87.0,87.0,730.1872916666666,48.0,2025-07-28 19:36:20.643840051,129.3765117316129
4614,7.116856022727273,6.663235568181818,88.0,88.0,726.3066666666667,48.0,2025-07-29 20:15:55.883520008,129.63504177548387
4615,7.008619425287357,6.66599459770115,87.0,87.0,722.93125,48.0,2025-07-30 20:55:31.123200051,129.89357181935483
4616,7.103190681818182,6.780613863636364,88.0,88.0,724.2077083333334,48.0,2025-07-31 21:35:06.362880008,130.1521018632258
4617,7.10010448275862,6.809700114942529,87.0,87.0,721.1931249999999,48.0,2025-08-01 22:14:41.602560051,130.41063190709676
4618,7.147745057471265,6.813937701149426,87.0,87.0,720.0560416666667,48.0,2025-08-02 22:54:16.842240008,130.66916195096775
4619,7.111079885057471,6.711408390804597,87.0,87.0,723.1210416666667,48.0,2025-08-03 23:33:52.081920043,130.9276919948387
4620,7.0899474712643675,6.742624827586206,87.0,87.0,722.4847916666666,48.0,2025-08-05 00:13:27.321600008,131.18622203870967
4621,7.068348850574713,6.70724367816092,87.0,87.0,717.2422916666666,48.0,2025-08-06 00:53:02.561280043,131.44475208258064
4622,7.0120225000000005,6.6468696590909095,88.0,88.0,719.8341666666666,48.0,2025-08-07 01:32:37.800960000,131.7032821264516
4623,7.0205079545454545,6.647420113636364,88.0,88.0,711.2616666666667,48.0,2025-08-08 02:12:13.040640043,131.96181217032256
4624,7.01247875,6.6761940909090915,88.0,88.0,716.0133333333333,48.0,2025-08-09 02:51:48.280320000,132.22034221419355
4625,7.0115411494252875,6.72531540229885,87.0,87.0,715.9808333333334,48.0,2025-08-10 03:31:23.520000034,132.4788722580645
4626,7.076778160919541,6.638075747126437,87.0,87.0,708.4543749999999,48.0,2025-08-11 04:10:58.759680000,132.73740230193548
4627,7.052931724137931,6.702188505747127,87.0,87.0,709.1897916666667,48.0,2025-08-12 04:50:33.999360034,132.99593234580644
4628,6.980814090909091,6.599148409090909,88.0,88.0,706.6614583333334,48.0,2025-08-13 05:30:09.239039991,133.2544623896774
4629,6.954801511627907,6.6158534883720925,86.0,86.0,702.1925,48.0,2025-08-14 06:09:44.478720034,133.5129924335484
4630,7.022575057471264,6.567723103448277,87.0,87.0,706.9562500000001,48.0,2025-08-15 06:49:19.718399991,133.6633218064516
4631,6.910868636363636,6.533150340909091,88.0,88.0,709.0579166666666,48.0,2025-08-16 07:28:54.958080034,133.53074229677418
4632,7.108773636363637,6.5580322727272735,88.0,88.0,706.6620833333333,48.0,2025-08-17 08:08:30.197759991,133.39816278709677
4633,6.932482613636364,6.615100681818182,88.0,88.0,705.9445833333333,48.0,2025-08-18 08:48:05.437440025,133.26558327741935
4634,7.021303295454545,6.612622727272727,88.0,88.0,703.9610416666666,48.0,2025-08-19 09:27:40.677119991,133.1330037677419
4635,7.036377613636364,6.545203977272727,88.0,88.0,705.4933333333333,48.0,2025-08-20 10:07:15.916800025,133.0004242580645
4636,6.941922068965518,6.5893794252873565,87.0,87.0,703.79875,48.0,2025-08-21 10:46:51.156479982,132.86784474838709
4637,7.256194022988505,6.777782183908046,87.0,87.0,714.1285416666666,48.0,2025-08-22 11:26:26.396160025,132.73526523870967
4638,7.1205475,6.722438409090909,88.0,88.0,707.2379166666666,48.0,2025-08-23 12:06:01.635839982,132.60268572903226
4639,6.856428636363637,6.199187159090909,88.0,88.0,703.6960416666667,48.0,2025-08-24 12:45:36.875520017,132.47010621935482
4640,6.687037906976744,6.0880216279069765,86.0,86.0,703.4162500000001,48.0,2025-08-25 13:25:12.115199982,132.3375267096774
4641,6.606829195402298,6.0172275862068965,87.0,87.0,701.709375,48.0,2025-08-26 14:04:47.354880017,132.2049472
4642,6.5790744318181815,6.017004204545454,88.0,88.0,702.1627083333333,48.0,2025-08-27 14:44:22.594560060,132.07236769032258
4643,6.676291609195402,6.135199195402299,87.0,87.0,700.35125,48.0,2025-08-28 15:23:57.834240017,131.93978818064514
4644,6.694752528735632,6.215151954022988,87.0,87.0,700.3133333333334,48.0,2025-08-29 16:03:33.073920051,131.80720867096773
4645,6.70302,6.252930227272728,88.0,88.0,698.6154166666666,48.0,2025-08-30 16:43:08.313600017,131.6746291612903
4646,6.770081724137931,6.379721494252873,87.0,87.0,697.1370833333334,48.0,2025-08-31 17:22:43.553280051,131.5420496516129
4647,6.943785172413794,6.521943103448276,87.0,87.0,695.8554166666667,48.0,2025-09-01 18:02:18.792960008,131.4094701419355
4648,6.959004534883721,6.600982325581396,86.0,86.0,697.89125,48.0,2025-09-02 18:41:54.032640051,131.27689063225804
4649,6.89234659090909,6.54812,88.0,88.0,700.61375,48.0,2025-09-03 19:21:29.272320008,131.14431112258063
4650,6.95170632183908,6.534881494252873,87.0,87.0,693.5302083333332,48.0,2025-09-04 20:01:04.512000043,131.01173161290322
4651,6.979694137931034,6.5896232183908054,87.0,87.0,690.3835416666667,48.0,2025-09-05 20:40:39.751680008,130.8791521032258
4652,6.910687727272728,6.534024318181818,88.0,88.0,690.98875,48.0,2025-09-06 21:20:14.991360043,130.74657259354836
4653,6.937212674418604,6.519257441860466,86.0,86.0,687.2206249999999,48.0,2025-09-07 21:59:50.231040000,130.61399308387095
4654,6.890672183908046,6.4541524137931034,87.0,87.0,691.8091666666666,48.0,2025-09-08 22:39:25.470720043,130.48141357419354
4655,6.92823367816092,6.4979990804597705,87.0,87.0,688.9968749999999,48.0,2025-09-09 23:19:00.710400000,130.34883406451613
4656,6.942641149425287,6.449657126436782,87.0,87.0,686.6593750000001,48.0,2025-09-10 23:58:35.950080043,130.21625455483868
4657,6.962362528735633,6.502680689655172,87.0,87.0,689.475625,48.0,2025-09-12 00:38:11.189760000,130.08367504516127
4658,6.9921655172413795,6.552738505747127,87.0,87.0,689.2560416666666,48.0,2025-09-13 01:17:46.429440034,129.95109553548386
4659,6.993756279069768,6.576609302325581,86.0,86.0,693.8133333333334,48.0,2025-09-14 01:57:21.669120000,129.81851602580645
4660,6.992124204545454,6.543434318181818,88.0,88.0,691.7639583333333,48.0,2025-09-15 02:36:56.908800034,129.64586730666664
4661,6.985185402298851,6.647710574712644,87.0,87.0,691.1610416666667,48.0,2025-09-16 03:16:32.148479991,129.1355466773333
4662,6.900589886363636,6.509877386363636,88.0,88.0,690.19375,48.0,2025-09-17 03:56:07.388160034,128.625226048
4663,6.895178505747126,6.530040229885058,87.0,87.0,686.4164583333333,48.0,2025-09-18 04:35:42.627839991,128.11490541866667
4664,6.8185518390804605,6.348101264367816,87.0,87.0,686.9283333333333,48.0,2025-09-19 05:15:17.867520025,127.60458478933333
4665,6.808173604651163,6.387134069767442,86.0,86.0,690.3625000000001,48.0,2025-09-20 05:54:53.107199991,127.09426416
4666,6.888107126436782,6.411415977011494,87.0,87.0,689.8754166666666,48.0,2025-09-21 06:34:28.346880025,126.58394353066666
4667,6.982732643678161,6.542753908045977,87.0,87.0,690.9485416666666,48.0,2025-09-22 07:14:03.586559982,126.07362290133332
4668,6.970381724137932,6.6356978160919535,87.0,87.0,685.7739583333333,48.0,2025-09-23 07:53:38.826240025,125.56330227199999
4669,6.917859545454546,6.539959204545454,88.0,88.0,685.2104166666667,48.0,2025-09-24 08:33:14.065919982,125.05298164266665
4670,6.974957816091954,6.5455554022988505,87.0,87.0,686.5958333333333,48.0,2025-09-25 09:12:49.305600025,124.54266101333333
4671,6.959106896551725,6.502419885057471,87.0,87.0,683.1695833333333,48.0,2025-09-26 09:52:24.545279982,124.032340384
4672,6.99646275862069,6.5480427586206895,87.0,87.0,685.085625,48.0,2025-09-27 10:31:59.784960017,123.52201975466666
4673,6.910065113636364,6.560780568181818,88.0,88.0,682.1660416666667,48.0,2025-09-28 11:11:35.024640060,123.01169912533332
4674,6.979136590909092,6.573046704545454,88.0,88.0,672.9308333333333,48.0,2025-09-29 11:51:10.264320017,122.50137849599999
4675,6.956672613636363,6.576280113636364,88.0,88.0,674.9989583333333,48.0,2025-09-30 12:30:45.504000051,121.99105786666667
4676,6.98884367816092,6.633591379310344,87.0,87.0,674.73625,48.0,2025-10-01 13:10:20.743680017,121.48073723733333
4677,6.946128139534884,6.581997674418604,86.0,86.0,671.7004166666667,48.0,2025-10-02 13:49:55.983360051,120.970416608
4678,7.031798390804599,6.57895724137931,87.0,87.0,675.3479166666667,48.0,2025-10-03 14:29:31.223040008,120.46009597866666
4679,6.985856931818182,6.58141284090909,88.0,88.0,677.1491666666667,48.0,2025-10-04 15:09:06.462720051,119.94977534933332
4680,6.940928390804598,6.610421149425287,87.0,87.0,678.0812500000001,48.0,2025-10-05 15:48:41.702400008,119.43945471999999
4681,6.844844090909091,6.5434855681818185,88.0,88.0,680.4454166666667,48.0,2025-10-06 16:28:16.942080051,118.92913409066666
4682,6.966303295454545,6.536759545454545,88.0,88.0,684.1210416666667,48.0,2025-10-07 17:07:52.181760008,118.41881346133333
4683,6.989737126436782,6.631999770114942,87.0,87.0,680.5275,48.0,2025-10-08 17:47:27.421440043,117.908492832
4684,6.913685340909091,6.555642727272727,88.0,88.0,689.030625,48.0,2025-10-09 18:27:02.661120008,117.39817220266666
4685,7.087286395348837,6.656320697674419,86.0,86.0,689.763125,48.0,2025-10-10 19:06:37.900800043,116.88785157333334
4686,6.934653750000001,6.55337784090909,88.0,88.0,688.90125,48.0,2025-10-11 19:46:13.140480000,116.377530944
4687,7.038590804597701,6.599570229885058,87.0,87.0,687.8152083333333,48.0,2025-10-12 20:25:48.380160043,115.86721031466666
4688,6.931478876404494,6.513405393258427,89.0,89.0,684.2089583333333,48.0,2025-10-13 21:05:23.619840000,115.35688968533333
4689,6.948832325581395,6.539937674418604,86.0,86.0,686.3158333333334,48.0,2025-10-14 21:44:58.859520034,114.84656905599999
4690,6.963727586206896,6.505697586206896,87.0,87.0,686.9002083333334,48.0,2025-10-15 22:24:34.099200000,114.10422203870968
4691,6.92952284090909,6.490688977272726,88.0,88.0,689.0752083333333,48.0,2025-10-16 23:04:09.338880034,113.33857537032257
4692,6.909179090909091,6.46465409090909,88.0,88.0,685.5710416666667,48.0,2025-10-17 23:43:44.578559991,112.57292870193548
4693,6.857519431818182,6.428249545454546,88.0,88.0,684.805625,48.0,2025-10-19 00:23:19.818240034,111.80728203354839
4694,6.859869545454544,6.426152840909091,88.0,88.0,687.7633333333333,48.0,2025-10-20 01:02:55.057919991,111.04163536516128
4695,6.967251477272726,6.504536136363637,88.0,88.0,683.0677083333334,48.0,2025-10-21 01:42:30.297600034,110.27598869677419
4696,6.923877701149425,6.469261724137931,87.0,87.0,692.874375,48.0,2025-10-22 02:22:05.537279991,109.5103420283871
4697,6.904795813953489,6.4823019767441865,86.0,86.0,688.678125,48.0,2025-10-23 03:01:40.776960025,108.74469536
4698,6.901342499999999,6.436492159090909,88.0,88.0,682.1829166666666,48.0,2025-10-24 03:41:16.016639991,107.9790486916129
4699,6.974251379310345,6.493149080459769,87.0,87.0,680.5939583333333,48.0,2025-10-25 04:20:51.256320025,107.21340202322581
4700,6.887674886363637,6.511676590909091,88.0,88.0,682.6310416666666,48.0,2025-10-26 05:00:26.495999982,106.4477553548387
4701,6.925366136363636,6.433380909090909,88.0,88.0,677.6075,48.0,2025-10-27 05:40:01.735680025,105.68210868645161
4702,6.782505340909091,6.3485275,88.0,88.0,683.5174999999999,48.0,2025-10-28 06:19:36.975359982,104.91646201806452
4703,6.828358023255814,6.282272325581396,86.0,86.0,693.9654166666666,48.0,2025-10-29 06:59:12.215040017,104.15081534967742
4704,6.415123932584269,5.851764606741573,89.0,89.0,687.36875,48.0,2025-10-30 07:38:47.454720060,103.38516868129032
4705,6.545037471264368,5.949609310344827,87.0,87.0,685.823125,48.0,2025-10-31 08:18:22.694400017,102.61952201290322
4706,6.474145681818182,5.876348863636363,88.0,88.0,686.7979166666668,48.0,2025-11-01 08:57:57.934080060,101.85387534451613
4707,6.552418953488371,5.960453953488371,86.0,86.0,689.7295833333333,48.0,2025-11-02 09:37:33.173760017,101.08822867612903
4708,6.492563977272727,5.880142386363636,88.0,88.0,694.0964583333333,48.0,2025-11-03 10:17:08.413440051,100.32258200774194
4709,6.60103159090909,5.988134318181818,88.0,88.0,698.3402083333334,48.0,2025-11-04 10:56:43.653120017,99.55693533935484
4710,6.533116551724137,5.984108850574713,87.0,87.0,694.7939583333333,48.0,2025-11-05 11:36:18.892800051,98.79128867096775
4711,6.6843398850574705,6.126927471264367,87.0,87.0,695.7329166666667,48.0,2025-11-06 12:15:54.132480008,98.02564200258064
4712,6.630154431818181,6.090020681818182,88.0,88.0,695.0,48.0,2025-11-07 12:55:29.372160051,97.25999533419355
4713,6.5856494252873565,6.085533333333334,87.0,87.0,679.9866666666667,48.0,2025-11-08 13:35:04.611840008,96.49434866580646
4714,6.713731724137931,6.146888965517242,87.0,87.0,688.3014583333334,48.0,2025-11-09 14:14:39.851520043,95.72870199741936
4715,6.810119425287356,6.225969195402299,87.0,87.0,697.5883333333333,48.0,2025-11-10 14:54:15.091200008,94.96305532903226
4716,8.064580574712643,7.766205977011495,87.0,87.0,697.6291666666666,48.0,2025-11-11 15:33:50.330880043,94.19740866064517
4717,7.0876305747126445,6.648597011494253,87.0,87.0,694.0297916666667,48.0,2025-11-12 16:13:25.570560000,93.43176199225806
4718,6.9147906818181815,6.4651106818181825,88.0,88.0,694.879375,48.0,2025-11-13 16:53:00.810240043,92.66611532387097
4719,6.897256551724138,6.423914022988506,87.0,87.0,692.283125,48.0,2025-11-14 17:32:36.049920000,91.90046865548388
4720,7.007930574712645,6.397723218390804,87.0,87.0,698.7012500000001,48.0,2025-11-15 18:12:11.289600043,92.52166933333334
4721,6.77249,6.3027945977011495,87.0,87.0,702.0941666666668,48.0,2025-11-16 18:51:46.529280000,93.6347848
4722,6.800013218390804,6.355417356321839,87.0,87.0,694.7733333333334,48.0,2025-11-17 19:31:21.768960034,94.74790026666668
4723,6.828448850574713,6.348919195402298,87.0,87.0,701.2022916666666,48.0,2025-11-18 20:10:57.008640000,95.86101573333333
4724,6.780371379310345,6.322302528735632,87.0,87.0,696.9652083333334,48.0,2025-11-19 20:50:32.248320034,96.9741312
4725,6.814659186046512,6.32978965116279,86.0,86.0,693.15,48.0,2025-11-20 21:30:07.487999991,98.08724666666667
4726,6.791905632183909,6.298293793103448,87.0,87.0,701.4422916666667,48.0,2025-11-21 22:09:42.727680034,99.20036213333333
4727,6.778461034482758,6.273559885057471,87.0,87.0,699.4683333333334,48.0,2025-11-22 22:49:17.967359991,100.3134776
4728,6.739135632183908,6.328689310344827,87.0,87.0,705.3845833333334,48.0,2025-11-23 23:28:53.207040025,101.42659306666667
4729,6.650796436781609,6.082047011494253,87.0,87.0,697.1716666666666,48.0,2025-11-25 00:08:28.446719991,102.53970853333334
4730,6.576156818181818,6.015272159090909,88.0,88.0,699.9510416666667,48.0,2025-11-26 00:48:03.686400025,103.65282400000001
4731,6.508177816091954,5.807051954022989,87.0,87.0,701.0670833333334,48.0,2025-11-27 01:27:38.926079982,104.76593946666667
4732,6.449753720930232,5.920419418604651,86.0,86.0,703.726875,48.0,2025-11-28 02:07:14.165760025,105.87905493333334
4733,6.622755454545454,5.998392840909091,88.0,88.0,715.205,48.0,2025-11-29 02:46:49.405439982,106.9921704
4734,6.584211609195402,6.025442528735631,87.0,87.0,719.8554166666667,48.0,2025-11-30 03:26:24.645120025,108.10528586666666
4735,6.8464515909090915,6.319206477272728,88.0,88.0,707.0470833333334,48.0,2025-12-01 04:05:59.884799982,109.21840133333333
4736,6.722729080459771,6.161779655172414,87.0,87.0,710.1341666666667,48.0,2025-12-02 04:45:35.124480017,110.3315168
4737,6.613867159090909,6.03784,88.0,88.0,707.6420833333333,48.0,2025-12-03 05:25:10.364160060,111.44463226666667
4738,6.666796206896551,6.143748850574713,87.0,87.0,708.8714583333334,48.0,2025-12-04 06:04:45.603840017,112.55774773333334
4739,6.613987586206896,6.138385057471264,87.0,87.0,714.7770833333334,48.0,2025-12-05 06:44:20.843520051,113.6708632
4740,6.603533863636364,6.136067045454545,88.0,88.0,717.055,48.0,2025-12-06 07:23:56.083200017,114.78397866666667
4741,6.603705909090909,6.095010227272727,88.0,88.0,712.9329166666666,48.0,2025-12-07 08:03:31.322880051,115.89709413333334
4742,6.660656666666666,6.1254745977011495,87.0,87.0,716.7310416666666,48.0,2025-12-08 08:43:06.562560008,117.0102096
4743,6.627785568181818,6.058930568181818,88.0,88.0,714.5372916666666,48.0,2025-12-09 09:22:41.802240051,118.12332506666667
4744,6.763258505747126,6.159156206896552,87.0,87.0,719.414375,48.0,2025-12-10 10:02:17.041920008,119.23644053333334
4745,6.717831494252873,6.2075608045977,87.0,87.0,722.0822916666666,48.0,2025-12-11 10:41:52.281600051,120.349556
4746,6.750235287356323,6.222347126436782,87.0,87.0,718.0408333333334,48.0,2025-12-12 11:21:27.521280008,121.46267146666666
4747,6.909504565217392,6.209759130434782,92.0,92.0,729.6429166666667,48.0,2025-12-13 12:01:02.760960043,122.57578693333333
4748,8.19241375,6.297005729166667,96.0,96.0,722.7341666666666,48.0,2025-12-14 12:40:38.000640008,123.6889024
4749,6.869149195402299,6.296659310344827,87.0,87.0,719.073125,48.0,2025-12-15 13:20:13.240320043,124.03507996903227
4750,7.050698085106383,6.318611170212765,94.0,94.0,720.5989583333334,48.0,2025-12-16 13:59:48.480000000,123.73014709677419
4751,6.821285333333333,6.309715111111111,90.0,90.0,726.4929166666666,48.0,2025-12-17 14:39:23.719680043,123.42521422451613
4752,12.61130836734694,6.331618265306123,98.0,98.0,724.4922916666666,48.0,2025-12-18 15:18:58.959360000,123.12028135225806
4753,6.801949195402299,6.340807701149425,87.0,87.0,724.3310416666667,48.0,2025-12-19 15:58:34.199040034,122.81534848
4754,6.675501573033708,6.219653483146068,89.0,89.0,724.9564583333332,48.0,2025-12-20 16:38:09.438720000,122.51041560774193
4755,6.610811609195403,6.169944827586208,87.0,87.0,725.3858333333333,48.0,2025-12-21 17:17:44.678400034,122.20548273548387
4756,6.658697011494253,6.125550114942529,87.0,87.0,734.07375,48.0,2025-12-22 17:57:19.918079991,121.9005498632258
4757,6.6977271264367815,6.203486551724138,87.0,87.0,734.9841666666666,48.0,2025-12-23 18:36:55.157760034,121.59561699096774
4758,6.835111494252874,6.264607126436781,87.0,87.0,741.6958333333333,48.0,2025-12-24 19:16:30.397439991,121.29068411870968
4759,6.600656373626373,6.174951648351649,91.0,91.0,738.7485416666667,48.0,2025-12-25 19:56:05.637120034,120.98575124645161
4760,6.690601494252873,6.2084072413793105,87.0,87.0,739.8960416666667,48.0,2025-12-26 20:35:40.876799991,120.68081837419355
4761,6.700021034482758,6.225356436781609,87.0,87.0,734.7245833333333,48.0,2025-12-27 21:15:16.116480025,120.37588550193549
4762,6.7135425287356325,6.233050114942529,87.0,87.0,734.008125,48.0,2025-12-28 21:54:51.356159991,120.07095262967742
4763,6.7385295402298855,6.261459425287357,87.0,87.0,745.4079166666667,48.0,2025-12-29 22:34:26.595840025,119.76601975741936
4764,6.800383908045978,6.310883103448276,87.0,87.0,748.8483333333334,48.0,2025-12-30 23:14:01.835519982,119.4610868851613
4765,6.73911183908046,6.23819275862069,87.0,87.0,739.8035416666667,48.0,2025-12-31 23:53:37.075200025,119.15615401290323
4766,6.73607715909091,6.249817840909091,88.0,88.0,745.9814583333333,48.0,2026-01-02 00:33:12.314879982,118.85122114064517
4767,6.693253448275862,6.268417816091954,87.0,87.0,745.9166666666666,48.0,2026-01-03 01:12:47.554560017,118.5462882683871
4768,6.748470689655172,6.34913367816092,87.0,87.0,751.5241666666667,48.0,2026-01-04 01:52:22.794239982,118.24135539612904
4769,6.718612840909091,6.2271130681818185,88.0,88.0,755.7508333333334,48.0,2026-01-05 02:31:58.033920017,117.93642252387097
4770,6.695773333333333,6.230938275862069,87.0,87.0,749.7320833333333,48.0,2026-01-06 03:11:33.273600060,117.63148965161291
4771,6.777196704545455,6.287312272727274,88.0,88.0,755.7139583333333,48.0,2026-01-07 03:51:08.513280017,117.32655677935485
4772,6.852138850574713,6.351031724137931,87.0,87.0,752.0902083333334,48.0,2026-01-08 04:30:43.752960051,117.02162390709677
4773,6.86210909090909,6.368528636363636,88.0,88.0,752.6891666666667,48.0,2026-01-09 05:10:18.992640017,116.7166910348387
4774,6.790602808988764,6.361431797752808,89.0,89.0,754.8241666666667,48.0,2026-01-10 05:49:54.232320051,116.41175816258064
4775,6.64032448275862,6.133065977011494,87.0,87.0,763.2491666666666,48.0,2026-01-11 06:29:29.472000008,116.10682529032258
4776,6.434147816091953,5.749817126436781,87.0,87.0,762.6204166666666,48.0,2026-01-12 07:09:04.711680051,115.80189241806451
4777,6.526474069767441,5.842911976744186,86.0,86.0,758.9952083333333,48.0,2026-01-13 07:48:39.951360008,115.49695954580645
4778,6.5590974712643675,5.946593333333333,87.0,87.0,757.7062500000001,48.0,2026-01-14 08:28:15.191040043,115.19202667354838
4779,6.5111681818181815,5.993454204545455,88.0,88.0,768.2435416666667,48.0,2026-01-15 09:07:50.430720008,114.53855727483871
4780,6.597428863636364,6.046583295454545,88.0,88.0,772.0033333333334,48.0,2026-01-16 09:47:25.670400043,113.29230988387097
4781,6.688684942528735,6.194070919540231,87.0,87.0,774.0258333333333,48.0,2026-01-17 10:27:00.910080000,112.04606249290323
4782,6.826805581395349,6.36772476744186,86.0,86.0,777.0129166666667,48.0,2026-01-18 11:06:36.149760043,110.79981510193548
4783,6.962384137931035,6.421540344827585,87.0,87.0,778.919375,48.0,2026-01-19 11:46:11.389440000,109.55356771096774
4784,6.7847931818181815,6.309427840909091,88.0,88.0,771.4404166666667,48.0,2026-01-20 12:25:46.629120043,108.30732032
4785,6.767154597701149,6.334946666666666,87.0,87.0,779.5647916666667,48.0,2026-01-21 13:05:21.868800000,107.06107292903226
4786,6.767360574712643,6.275163218390805,87.0,87.0,781.8435416666666,48.0,2026-01-22 13:44:57.108480034,105.81482553806453
4787,6.701001379310345,6.278774252873563,87.0,87.0,790.3658333333333,48.0,2026-01-23 14:24:32.348160000,104.56857814709677
4788,6.7795227272727265,6.292525227272727,88.0,88.0,782.2864583333334,48.0,2026-01-24 15:04:07.587840034,103.32233075612903
4789,6.796658505747127,6.387993678160919,87.0,87.0,784.4341666666666,48.0,2026-01-25 15:43:42.827519991,102.0760833651613
4790,6.67762215909091,6.2574179545454545,88.0,88.0,787.15625,48.0,2026-01-26 16:23:18.067200034,100.82983597419356
4791,6.693591149425288,6.265438965517242,87.0,87.0,791.1858333333333,48.0,2026-01-27 17:02:53.306879991,99.5835885832258
4792,6.69733875,6.1300923863636365,88.0,88.0,790.0697916666667,48.0,2026-01-28 17:42:28.546560025,98.33734119225807
4793,6.575187613636363,6.105707045454546,88.0,88.0,803.2839583333333,48.0,2026-01-29 18:22:03.786239991,97.09109380129033
4794,6.5944925,6.0429764772727275,88.0,88.0,794.3612499999999,48.0,2026-01-30 19:01:39.025920025,95.84484641032259
4795,6.636930459770115,6.074438505747126,87.0,87.0,799.6089583333334,48.0,2026-01-31 19:41:14.265599991,94.59859901935485
4796,6.544495581395349,6.049444186046512,86.0,86.0,789.5752083333333,48.0,2026-02-01 20:20:49.505280025,93.3523516283871
4797,6.524962386363637,6.02401090909091,88.0,88.0,790.8316666666666,48.0,2026-02-02 21:00:24.744959982,92.10610423741936
4798,6.5580204545454555,6.086011249999999,88.0,88.0,806.8527083333333,48.0,2026-02-03 21:39:59.984640025,90.85985684645162
4799,6.626258620689655,6.131833678160919,87.0,87.0,798.5154166666666,48.0,2026-02-04 22:19:35.224319982,89.61360945548387
4800,6.720875681818182,6.194093068181818,88.0,88.0,806.40875,48.0,2026-02-05 22:59:10.464000017,88.36736206451613
4801,6.635613448275862,6.223805632183908,87.0,87.0,793.6570833333334,48.0,2026-02-06 23:38:45.703680060,87.12111467354839
4802,6.598850681818181,6.1876631818181815,88.0,88.0,800.625625,48.0,2026-02-08 00:18:20.943360017,85.87486728258065
4803,6.683733333333333,6.21911103448276,87.0,87.0,796.3275,48.0,2026-02-09 00:57:56.183040051,84.62861989161291
4804,6.595514942528736,6.148929195402298,87.0,87.0,803.368125,48.0,2026-02-10 01:37:31.422720017,83.38237250064518
4805,6.643656931818182,6.171566250000001,88.0,88.0,810.364375,48.0,2026-02-11 02:17:06.662400051,82.13612510967742
4806,6.675707954545455,6.204498181818182,88.0,88.0,823.7633333333333,48.0,2026-02-12 02:56:41.902080008,80.88987771870968
4807,6.722237272727273,6.283771363636364,88.0,88.0,814.2468749999999,48.0,2026-02-13 03:36:17.141760051,79.64363032774195
4808,6.746821428571428,6.29691967032967,91.0,91.0,786.6777083333333,48.0,2026-02-14 04:15:52.381440008,78.39738293677419
4809,6.696550465116278,6.311496860465116,86.0,86.0,815.2199999999999,48.0,2026-02-15 04:55:27.621120051,77.46741654857144
4810,7.167285157894737,6.381874631578947,95.0,95.0,818.2277083333333,48.0,2026-02-16 05:35:02.860800008,77.80502080000001
4811,6.83652,6.351870689655173,87.0,87.0,827.1210416666667,48.0,2026-02-17 06:14:38.100480043,78.14262505142858
4812,6.765417586206897,6.303596436781609,87.0,87.0,835.043125,48.0,2026-02-18 06:54:13.340160008,78.48022930285715
4813,7.010813723404255,6.289162765957446,94.0,94.0,829.3710416666667,48.0,2026-02-19 07:33:48.579840043,78.81783355428571
4814,6.620103033707865,6.14608797752809,89.0,89.0,825.7091666666666,48.0,2026-02-20 08:13:23.819520000,79.15543780571429
4815,6.829494505494506,6.346856153846153,91.0,91.0,839.7729166666667,48.0,2026-02-21 08:52:59.059200043,79.49304205714286
4816,6.864806206896552,6.3860779310344835,87.0,87.0,824.6433333333333,48.0,2026-02-22 09:32:34.298880000,79.83064630857143
4817,6.756042727272727,6.335471477272727,88.0,88.0,831.6358333333333,48.0,2026-02-23 10:12:09.538560034,80.16825056
4818,6.984782765957447,6.370781914893618,94.0,94.0,829.6774999999999,48.0,2026-02-24 10:51:44.778240000,80.50585481142858
4819,6.782367613636364,6.295554545454545,88.0,88.0,837.7508333333334,48.0,2026-02-25 11:31:20.017920034,80.84345906285715
4820,8.460236559139785,6.39803064516129,93.0,93.0,838.7658333333334,48.0,2026-02-26 12:10:55.257600000,81.18106331428571
4821,6.760965795454545,6.359254545454546,88.0,88.0,835.303125,48.0,2026-02-27 12:50:30.497280034,81.51866756571428
4822,7.548894583333333,6.491995208333333,96.0,96.0,830.9220833333334,48.0,2026-02-28 13:30:05.736959991,81.85627181714285
4823,6.916382758620689,6.4539343678160925,87.0,87.0,839.1616666666667,48.0,2026-03-01 14:09:40.976640034,82.19387606857143
4824,6.856713563218391,6.431277471264367,87.0,87.0,833.5481249999999,48.0,2026-03-02 14:49:16.216319991,82.53148032
4825,6.9013786206896555,6.483803103448276,87.0,87.0,837.2275,48.0,2026-03-03 15:28:51.456000025,82.86908457142857
4826,6.84015465909091,6.478637272727273,88.0,88.0,843.5027083333333,48.0,2026-03-04 16:08:26.695679991,83.20668882285715
4827,6.9572619540229885,6.541053103448276,87.0,87.0,828.9549999999999,48.0,2026-03-05 16:48:01.935360025,83.54429307428572
4828,6.970798181818182,6.620320227272727,88.0,88.0,836.3602083333334,48.0,2026-03-06 17:27:37.175039982,83.88189732571428
4829,6.847700113636364,6.557426136363636,88.0,88.0,844.2085416666667,48.0,2026-03-07 18:07:12.414720025,84.21950157714285
4830,6.950048620689655,6.529947586206897,87.0,87.0,839.9229166666668,48.0,2026-03-08 18:46:47.654399982,84.55710582857142
4831,6.831210574712644,6.418785057471265,87.0,87.0,839.6818750000001,48.0,2026-03-09 19:26:22.894080025,84.89471008
4832,6.832727500000001,6.437149659090909,88.0,88.0,850.2697916666666,48.0,2026-03-10 20:05:58.133760060,85.23231433142857
4833,6.946299310344828,6.4461585057471265,87.0,87.0,845.9972916666667,48.0,2026-03-11 20:45:33.373440017,85.56991858285714
4834,6.848301395348837,6.452090581395348,86.0,86.0,855.7208333333333,48.0,2026-03-12 21:25:08.613120060,85.90752283428571
4835,6.815156931818181,6.3455984090909086,88.0,88.0,854.15625,48.0,2026-03-13 22:04:43.852800017,86.24512708571427
4836,6.878566436781609,6.425867816091953,87.0,87.0,848.2833333333333,48.0,2026-03-14 22:44:19.092480051,86.58273133714285
4837,6.9586151724137935,6.491664827586208,87.0,87.0,848.294375,48.0,2026-03-15 23:23:54.332160017,86.37041867354839
4838,6.940664482758621,6.571651494252874,87.0,87.0,845.381875,48.0,2026-03-17 00:03:29.571840051,86.1284610683871
4839,6.910344482758621,6.559761379310345,87.0,87.0,850.8789583333333,48.0,2026-03-18 00:43:04.811520008,85.88650346322581
4840,6.9649420689655175,6.535207931034483,87.0,87.0,852.9406250000001,48.0,2026-03-19 01:22:40.051200051,85.6445458580645
4841,6.870753333333333,6.492060344827586,87.0,87.0,856.9577083333334,48.0,2026-03-20 02:02:15.290880008,85.40258825290321
4842,6.941907356321838,6.5603797701149436,87.0,87.0,855.16375,48.0,2026-03-21 02:41:50.530560043,85.16063064774193
4843,6.95278375,6.557236590909091,88.0,88.0,847.679375,48.0,2026-03-22 03:21:25.770240008,84.91867304258064
